model,adapter,task,method,ttc,signal,bin,bin_position,mean,sem,n
FalconControl,control,pick_and_place_simple,react_baseline,,reasoning_p,0,0.0,,0.0,0
FalconControl,control,pick_and_place_simple,react_baseline,,reasoning_p,1,0.14285714285714285,,0.0,0
FalconControl,control,pick_and_place_simple,react_baseline,,reasoning_p,2,0.2857142857142857,,0.0,0
FalconControl,control,pick_and_place_simple,react_baseline,,reasoning_p,3,0.42857142857142855,,0.0,0
FalconControl,control,pick_and_place_simple,react_baseline,,reasoning_p,4,0.5714285714285714,,0.0,0
FalconControl,control,pick_and_place_simple,react_baseline,,reasoning_p,5,0.7142857142857143,,0.0,0
FalconControl,control,pick_and_place_simple,react_baseline,,reasoning_p,6,0.8571428571428571,,0.0,0
FalconControl,control,pick_and_place_simple,react_baseline,,reasoning_p,7,1.0,,0.0,0
FalconControl,control,pick_and_place_simple,react_baseline,,action_p,0,0.0,,0.0,0
FalconControl,control,pick_and_place_simple,react_baseline,,action_p,1,0.14285714285714285,,0.0,0
FalconControl,control,pick_and_place_simple,react_baseline,,action_p,2,0.2857142857142857,,0.0,0
FalconControl,control,pick_and_place_simple,react_baseline,,action_p,3,0.42857142857142855,,0.0,0
FalconControl,control,pick_and_place_simple,react_baseline,,action_p,4,0.5714285714285714,,0.0,0
FalconControl,control,pick_and_place_simple,react_baseline,,action_p,5,0.7142857142857143,,0.0,0
FalconControl,control,pick_and_place_simple,react_baseline,,action_p,6,0.8571428571428571,,0.0,0
FalconControl,control,pick_and_place_simple,react_baseline,,action_p,7,1.0,,0.0,0
FalconControl,control,pick_and_place_simple,react_baseline,,reasoning_entropy,0,0.0,,0.0,0
FalconControl,control,pick_and_place_simple,react_baseline,,reasoning_entropy,1,0.14285714285714285,,0.0,0
FalconControl,control,pick_and_place_simple,react_baseline,,reasoning_entropy,2,0.2857142857142857,,0.0,0
FalconControl,control,pick_and_place_simple,react_baseline,,reasoning_entropy,3,0.42857142857142855,,0.0,0
FalconControl,control,pick_and_place_simple,react_baseline,,reasoning_entropy,4,0.5714285714285714,,0.0,0
FalconControl,control,pick_and_place_simple,react_baseline,,reasoning_entropy,5,0.7142857142857143,,0.0,0
FalconControl,control,pick_and_place_simple,react_baseline,,reasoning_entropy,6,0.8571428571428571,,0.0,0
FalconControl,control,pick_and_place_simple,react_baseline,,reasoning_entropy,7,1.0,,0.0,0
FalconControl,control,pick_and_place_simple,react_baseline,,action_entropy,0,0.0,,0.0,0
FalconControl,control,pick_and_place_simple,react_baseline,,action_entropy,1,0.14285714285714285,,0.0,0
FalconControl,control,pick_and_place_simple,react_baseline,,action_entropy,2,0.2857142857142857,,0.0,0
FalconControl,control,pick_and_place_simple,react_baseline,,action_entropy,3,0.42857142857142855,,0.0,0
FalconControl,control,pick_and_place_simple,react_baseline,,action_entropy,4,0.5714285714285714,,0.0,0
FalconControl,control,pick_and_place_simple,react_baseline,,action_entropy,5,0.7142857142857143,,0.0,0
FalconControl,control,pick_and_place_simple,react_baseline,,action_entropy,6,0.8571428571428571,,0.0,0
FalconControl,control,pick_and_place_simple,react_baseline,,action_entropy,7,1.0,,0.0,0
FalconControl,control,pick_and_place_simple,react_ttc_monitored,8.0,reasoning_p,0,0.0,0.02955703873656401,0.00982658454884213,90
FalconControl,control,pick_and_place_simple,react_ttc_monitored,8.0,reasoning_p,1,0.14285714285714285,0.04251100545755738,0.010068335699466366,90
FalconControl,control,pick_and_place_simple,react_ttc_monitored,8.0,reasoning_p,2,0.2857142857142857,0.091550218457481,0.007949949509586694,90
FalconControl,control,pick_and_place_simple,react_ttc_monitored,8.0,reasoning_p,3,0.42857142857142855,0.09777185616457146,0.006872791317035371,90
FalconControl,control,pick_and_place_simple,react_ttc_monitored,8.0,reasoning_p,4,0.5714285714285714,0.08608728940303417,0.005811679099592307,90
FalconControl,control,pick_and_place_simple,react_ttc_monitored,8.0,reasoning_p,5,0.7142857142857143,0.08814237370424255,0.005310573183342579,90
FalconControl,control,pick_and_place_simple,react_ttc_monitored,8.0,reasoning_p,6,0.8571428571428571,0.08236642922679552,0.004796162555265472,90
FalconControl,control,pick_and_place_simple,react_ttc_monitored,8.0,reasoning_p,7,1.0,0.07567855252651098,0.004351095130502251,90
FalconControl,control,pick_and_place_simple,react_ttc_monitored,8.0,action_p,0,0.0,0.11158836964362612,0.015390043956315788,90
FalconControl,control,pick_and_place_simple,react_ttc_monitored,8.0,action_p,1,0.14285714285714285,0.1253226808676522,0.015211870953929119,90
FalconControl,control,pick_and_place_simple,react_ttc_monitored,8.0,action_p,2,0.2857142857142857,0.17479867091395945,0.011460997661821149,90
FalconControl,control,pick_and_place_simple,react_ttc_monitored,8.0,action_p,3,0.42857142857142855,0.18297725415209748,0.009723320308247465,90
FalconControl,control,pick_and_place_simple,react_ttc_monitored,8.0,action_p,4,0.5714285714285714,0.15882954696454196,0.00884887466960757,90
FalconControl,control,pick_and_place_simple,react_ttc_monitored,8.0,action_p,5,0.7142857142857143,0.14867426156136423,0.00866281420971642,90
FalconControl,control,pick_and_place_simple,react_ttc_monitored,8.0,action_p,6,0.8571428571428571,0.13398992759018374,0.006827294161181012,90
FalconControl,control,pick_and_place_simple,react_ttc_monitored,8.0,action_p,7,1.0,0.1263412388995382,0.006705277622244974,90
FalconControl,control,pick_and_place_simple,react_ttc_monitored,8.0,reasoning_entropy,0,0.0,0.990177902744876,0.052255082170413886,90
FalconControl,control,pick_and_place_simple,react_ttc_monitored,8.0,reasoning_entropy,1,0.14285714285714285,0.8435978589921029,0.06410018087270518,90
FalconControl,control,pick_and_place_simple,react_ttc_monitored,8.0,reasoning_entropy,2,0.2857142857142857,0.27883356263910175,0.058862443050366045,90
FalconControl,control,pick_and_place_simple,react_ttc_monitored,8.0,reasoning_entropy,3,0.42857142857142855,0.3232264687158009,0.051524990437773255,90
FalconControl,control,pick_and_place_simple,react_ttc_monitored,8.0,reasoning_entropy,4,0.5714285714285714,0.12398225981005295,0.03726082292553523,90
FalconControl,control,pick_and_place_simple,react_ttc_monitored,8.0,reasoning_entropy,5,0.7142857142857143,0.1207167037686099,0.03265743645033597,90
FalconControl,control,pick_and_place_simple,react_ttc_monitored,8.0,reasoning_entropy,6,0.8571428571428571,0.22262706831645593,0.031886985650404424,90
FalconControl,control,pick_and_place_simple,react_ttc_monitored,8.0,reasoning_entropy,7,1.0,0.3402921530899939,0.041195090347318684,90
FalconControl,control,pick_and_place_simple,react_ttc_monitored,8.0,action_entropy,0,0.0,0.32767377543366616,0.03463463773094824,90
FalconControl,control,pick_and_place_simple,react_ttc_monitored,8.0,action_entropy,1,0.14285714285714285,0.31389712475227294,0.035655083910960866,90
FalconControl,control,pick_and_place_simple,react_ttc_monitored,8.0,action_entropy,2,0.2857142857142857,0.09263965052862962,0.02890199335308842,90
FalconControl,control,pick_and_place_simple,react_ttc_monitored,8.0,action_entropy,3,0.42857142857142855,0.08431592416337581,0.023023035341172594,90
FalconControl,control,pick_and_place_simple,react_ttc_monitored,8.0,action_entropy,4,0.5714285714285714,0.039517600421014425,0.012945204202773784,90
FalconControl,control,pick_and_place_simple,react_ttc_monitored,8.0,action_entropy,5,0.7142857142857143,0.047736381180826966,0.016365500102679266,90
FalconControl,control,pick_and_place_simple,react_ttc_monitored,8.0,action_entropy,6,0.8571428571428571,0.09603817603759429,0.017111803490817052,90
FalconControl,control,pick_and_place_simple,react_ttc_monitored,8.0,action_entropy,7,1.0,0.10849079922772945,0.011642390068097353,90
FalconControl,control,pick_and_place_simple,react_ttc_monitored,16.0,reasoning_p,0,0.0,0.027076569055745698,0.009806074584108952,90
FalconControl,control,pick_and_place_simple,react_ttc_monitored,16.0,reasoning_p,1,0.14285714285714285,0.042185682067521935,0.010700341601197531,90
FalconControl,control,pick_and_place_simple,react_ttc_monitored,16.0,reasoning_p,2,0.2857142857142857,0.08871883424017159,0.007938451770982232,90
FalconControl,control,pick_and_place_simple,react_ttc_monitored,16.0,reasoning_p,3,0.42857142857142855,0.08683151417729326,0.006109234166797506,90
FalconControl,control,pick_and_place_simple,react_ttc_monitored,16.0,reasoning_p,4,0.5714285714285714,0.08068912229246471,0.00559532252472228,90
FalconControl,control,pick_and_place_simple,react_ttc_monitored,16.0,reasoning_p,5,0.7142857142857143,0.08352303403207774,0.0051020723248512995,90
FalconControl,control,pick_and_place_simple,react_ttc_monitored,16.0,reasoning_p,6,0.8571428571428571,0.08470947608358195,0.004906565646376795,90
FalconControl,control,pick_and_place_simple,react_ttc_monitored,16.0,reasoning_p,7,1.0,0.07242481753891658,0.004222601514432043,90
FalconControl,control,pick_and_place_simple,react_ttc_monitored,16.0,action_p,0,0.0,0.1240025061607917,0.01751923524637001,90
FalconControl,control,pick_and_place_simple,react_ttc_monitored,16.0,action_p,1,0.14285714285714285,0.13922570939871043,0.01722185281987637,90
FalconControl,control,pick_and_place_simple,react_ttc_monitored,16.0,action_p,2,0.2857142857142857,0.18714895437299642,0.011233243665985328,90
FalconControl,control,pick_and_place_simple,react_ttc_monitored,16.0,action_p,3,0.42857142857142855,0.194296997388274,0.009081094542201,90
FalconControl,control,pick_and_place_simple,react_ttc_monitored,16.0,action_p,4,0.5714285714285714,0.16604156699713915,0.007567335636577538,90
FalconControl,control,pick_and_place_simple,react_ttc_monitored,16.0,action_p,5,0.7142857142857143,0.15918421758860793,0.00794915279138354,90
FalconControl,control,pick_and_place_simple,react_ttc_monitored,16.0,action_p,6,0.8571428571428571,0.14677918014075433,0.007106476432425142,90
FalconControl,control,pick_and_place_simple,react_ttc_monitored,16.0,action_p,7,1.0,0.13624907078501236,0.006685711826871837,90
FalconControl,control,pick_and_place_simple,react_ttc_monitored,16.0,reasoning_entropy,0,0.0,0.9832932859326118,0.055059080821957845,90
FalconControl,control,pick_and_place_simple,react_ttc_monitored,16.0,reasoning_entropy,1,0.14285714285714285,0.8617847768401993,0.06369931004826979,90
FalconControl,control,pick_and_place_simple,react_ttc_monitored,16.0,reasoning_entropy,2,0.2857142857142857,0.22610503117737057,0.04935429170923628,90
FalconControl,control,pick_and_place_simple,react_ttc_monitored,16.0,reasoning_entropy,3,0.42857142857142855,0.271518308538988,0.040158382258066935,90
FalconControl,control,pick_and_place_simple,react_ttc_monitored,16.0,reasoning_entropy,4,0.5714285714285714,0.05281891479311523,0.024458493855905115,90
FalconControl,control,pick_and_place_simple,react_ttc_monitored,16.0,reasoning_entropy,5,0.7142857142857143,0.06066551421384349,0.0213052689009045,90
FalconControl,control,pick_and_place_simple,react_ttc_monitored,16.0,reasoning_entropy,6,0.8571428571428571,0.20685310890641248,0.03322642894677153,90
FalconControl,control,pick_and_place_simple,react_ttc_monitored,16.0,reasoning_entropy,7,1.0,0.27706720775942006,0.02639808009430808,90
FalconControl,control,pick_and_place_simple,react_ttc_monitored,16.0,action_entropy,0,0.0,0.25739912285159033,0.02637578244628017,90
FalconControl,control,pick_and_place_simple,react_ttc_monitored,16.0,action_entropy,1,0.14285714285714285,0.23332533002378317,0.02763760422248821,90
FalconControl,control,pick_and_place_simple,react_ttc_monitored,16.0,action_entropy,2,0.2857142857142857,0.05165124234756351,0.020887554175769228,90
FalconControl,control,pick_and_place_simple,react_ttc_monitored,16.0,action_entropy,3,0.42857142857142855,0.08009149241729069,0.02543716654438787,90
FalconControl,control,pick_and_place_simple,react_ttc_monitored,16.0,action_entropy,4,0.5714285714285714,0.027745917388205674,0.01430265075498751,90
FalconControl,control,pick_and_place_simple,react_ttc_monitored,16.0,action_entropy,5,0.7142857142857143,0.026345250412042436,0.01438642284371935,90
FalconControl,control,pick_and_place_simple,react_ttc_monitored,16.0,action_entropy,6,0.8571428571428571,0.08984274388995901,0.016392138884507784,90
FalconControl,control,pick_and_place_simple,react_ttc_monitored,16.0,action_entropy,7,1.0,0.11401572956755343,0.015424873042124818,90
FalconControl,control,pick_and_place_simple,react_ttc_monitored,32.0,reasoning_p,0,0.0,0.030614070013325757,0.009905431357367702,90
FalconControl,control,pick_and_place_simple,react_ttc_monitored,32.0,reasoning_p,1,0.14285714285714285,0.0457463304762818,0.010470500179071243,90
FalconControl,control,pick_and_place_simple,react_ttc_monitored,32.0,reasoning_p,2,0.2857142857142857,0.0753374711179608,0.008888143601017178,90
FalconControl,control,pick_and_place_simple,react_ttc_monitored,32.0,reasoning_p,3,0.42857142857142855,0.08568057715785876,0.007040223559888255,90
FalconControl,control,pick_and_place_simple,react_ttc_monitored,32.0,reasoning_p,4,0.5714285714285714,0.10070402044154676,0.006924718794565615,90
FalconControl,control,pick_and_place_simple,react_ttc_monitored,32.0,reasoning_p,5,0.7142857142857143,0.1033406644641424,0.006891591729338966,90
FalconControl,control,pick_and_place_simple,react_ttc_monitored,32.0,reasoning_p,6,0.8571428571428571,0.09092097418466136,0.005405422119027182,90
FalconControl,control,pick_and_place_simple,react_ttc_monitored,32.0,reasoning_p,7,1.0,0.08353038664054578,0.005015578623086863,90
FalconControl,control,pick_and_place_simple,react_ttc_monitored,32.0,action_p,0,0.0,0.1721197911910066,0.021294747552991,90
FalconControl,control,pick_and_place_simple,react_ttc_monitored,32.0,action_p,1,0.14285714285714285,0.188516513999558,0.019485977316946224,90
FalconControl,control,pick_and_place_simple,react_ttc_monitored,32.0,action_p,2,0.2857142857142857,0.19584536386063078,0.013528828129519681,90
FalconControl,control,pick_and_place_simple,react_ttc_monitored,32.0,action_p,3,0.42857142857142855,0.20496257993905198,0.011827971287020657,90
FalconControl,control,pick_and_place_simple,react_ttc_monitored,32.0,action_p,4,0.5714285714285714,0.20654453330834965,0.011196518347883093,90
FalconControl,control,pick_and_place_simple,react_ttc_monitored,32.0,action_p,5,0.7142857142857143,0.20546845795270877,0.011536374890148783,90
FalconControl,control,pick_and_place_simple,react_ttc_monitored,32.0,action_p,6,0.8571428571428571,0.1787846391225063,0.00920107364021636,90
FalconControl,control,pick_and_place_simple,react_ttc_monitored,32.0,action_p,7,1.0,0.173256454950042,0.008584785275874066,90
FalconControl,control,pick_and_place_simple,react_ttc_monitored,32.0,reasoning_entropy,0,0.0,1.1138719428213373,0.06664266553177249,90
FalconControl,control,pick_and_place_simple,react_ttc_monitored,32.0,reasoning_entropy,1,0.14285714285714285,0.9089417979579947,0.0788648220121128,90
FalconControl,control,pick_and_place_simple,react_ttc_monitored,32.0,reasoning_entropy,2,0.2857142857142857,0.38396030048415086,0.06812997355462282,90
FalconControl,control,pick_and_place_simple,react_ttc_monitored,32.0,reasoning_entropy,3,0.42857142857142855,0.25753551905377414,0.046947615318418214,90
FalconControl,control,pick_and_place_simple,react_ttc_monitored,32.0,reasoning_entropy,4,0.5714285714285714,0.08904120685114653,0.027401932245514123,90
FalconControl,control,pick_and_place_simple,react_ttc_monitored,32.0,reasoning_entropy,5,0.7142857142857143,0.13818974881467566,0.03241114479180855,90
FalconControl,control,pick_and_place_simple,react_ttc_monitored,32.0,reasoning_entropy,6,0.8571428571428571,0.2652630065981141,0.03593034784168818,90
FalconControl,control,pick_and_place_simple,react_ttc_monitored,32.0,reasoning_entropy,7,1.0,0.3179168686064393,0.029415439553182477,90
FalconControl,control,pick_and_place_simple,react_ttc_monitored,32.0,action_entropy,0,0.0,0.384839956721084,0.046351641688860364,90
FalconControl,control,pick_and_place_simple,react_ttc_monitored,32.0,action_entropy,1,0.14285714285714285,0.30820498081092307,0.043998525065975486,90
FalconControl,control,pick_and_place_simple,react_ttc_monitored,32.0,action_entropy,2,0.2857142857142857,0.10658639034308079,0.031328324570476775,90
FalconControl,control,pick_and_place_simple,react_ttc_monitored,32.0,action_entropy,3,0.42857142857142855,0.08444514983142047,0.029963357904601973,90
FalconControl,control,pick_and_place_simple,react_ttc_monitored,32.0,action_entropy,4,0.5714285714285714,0.03658627849141946,0.014042477278419613,90
FalconControl,control,pick_and_place_simple,react_ttc_monitored,32.0,action_entropy,5,0.7142857142857143,0.03775648467325381,0.014166969026254615,90
FalconControl,control,pick_and_place_simple,react_ttc_monitored,32.0,action_entropy,6,0.8571428571428571,0.058038070831025836,0.009512130847691846,90
FalconControl,control,pick_and_place_simple,react_ttc_monitored,32.0,action_entropy,7,1.0,0.07559014928346086,0.008625801838252282,90
FalconControl,control,pick_and_place_simple,react_ttc_monitored,64.0,reasoning_p,0,0.0,0.027490683753266854,0.008370879895165176,90
FalconControl,control,pick_and_place_simple,react_ttc_monitored,64.0,reasoning_p,1,0.14285714285714285,0.04052830973646504,0.009578105295039267,90
FalconControl,control,pick_and_place_simple,react_ttc_monitored,64.0,reasoning_p,2,0.2857142857142857,0.08596851705971485,0.007393212498756885,90
FalconControl,control,pick_and_place_simple,react_ttc_monitored,64.0,reasoning_p,3,0.42857142857142855,0.08836638545652653,0.006600330485343977,90
FalconControl,control,pick_and_place_simple,react_ttc_monitored,64.0,reasoning_p,4,0.5714285714285714,0.07725074473794948,0.005342228949037495,90
FalconControl,control,pick_and_place_simple,react_ttc_monitored,64.0,reasoning_p,5,0.7142857142857143,0.08315305967336539,0.005496320593936171,90
FalconControl,control,pick_and_place_simple,react_ttc_monitored,64.0,reasoning_p,6,0.8571428571428571,0.08442103906138437,0.005026966520902431,90
FalconControl,control,pick_and_place_simple,react_ttc_monitored,64.0,reasoning_p,7,1.0,0.07190516697997416,0.004342768407179223,90
FalconControl,control,pick_and_place_simple,react_ttc_monitored,64.0,action_p,0,0.0,0.12460084232411141,0.017531070790167583,90
FalconControl,control,pick_and_place_simple,react_ttc_monitored,64.0,action_p,1,0.14285714285714285,0.1388247096222282,0.017309293051815125,90
FalconControl,control,pick_and_place_simple,react_ttc_monitored,64.0,action_p,2,0.2857142857142857,0.18642136776244217,0.012563371587441917,90
FalconControl,control,pick_and_place_simple,react_ttc_monitored,64.0,action_p,3,0.42857142857142855,0.18927961886473454,0.01111898484209502,90
FalconControl,control,pick_and_place_simple,react_ttc_monitored,64.0,action_p,4,0.5714285714285714,0.15824838193429902,0.00867369973663987,90
FalconControl,control,pick_and_place_simple,react_ttc_monitored,64.0,action_p,5,0.7142857142857143,0.15302745018998393,0.008250388429350426,90
FalconControl,control,pick_and_place_simple,react_ttc_monitored,64.0,action_p,6,0.8571428571428571,0.139630596626112,0.007145130010334063,90
FalconControl,control,pick_and_place_simple,react_ttc_monitored,64.0,action_p,7,1.0,0.1259651950293502,0.006322704383407655,90
FalconControl,control,pick_and_place_simple,react_ttc_monitored,64.0,reasoning_entropy,0,0.0,0.9323360346037112,0.04866179365803633,90
FalconControl,control,pick_and_place_simple,react_ttc_monitored,64.0,reasoning_entropy,1,0.14285714285714285,0.8053954583560685,0.05324997248306267,90
FalconControl,control,pick_and_place_simple,react_ttc_monitored,64.0,reasoning_entropy,2,0.2857142857142857,0.27527155977017714,0.05395948050926363,90
FalconControl,control,pick_and_place_simple,react_ttc_monitored,64.0,reasoning_entropy,3,0.42857142857142855,0.43370139212483944,0.05546783023392786,90
FalconControl,control,pick_and_place_simple,react_ttc_monitored,64.0,reasoning_entropy,4,0.5714285714285714,0.0957739851916973,0.025960795647085068,90
FalconControl,control,pick_and_place_simple,react_ttc_monitored,64.0,reasoning_entropy,5,0.7142857142857143,0.10141254146655138,0.026690869507506102,90
FalconControl,control,pick_and_place_simple,react_ttc_monitored,64.0,reasoning_entropy,6,0.8571428571428571,0.19316891960625537,0.029556940900678456,90
FalconControl,control,pick_and_place_simple,react_ttc_monitored,64.0,reasoning_entropy,7,1.0,0.31301284806517155,0.02536705355196898,90
FalconControl,control,pick_and_place_simple,react_ttc_monitored,64.0,action_entropy,0,0.0,0.31073530784083736,0.036771073694456244,90
FalconControl,control,pick_and_place_simple,react_ttc_monitored,64.0,action_entropy,1,0.14285714285714285,0.2906484947093607,0.037799396712014745,90
FalconControl,control,pick_and_place_simple,react_ttc_monitored,64.0,action_entropy,2,0.2857142857142857,0.12361532280726048,0.035551676463255584,90
FalconControl,control,pick_and_place_simple,react_ttc_monitored,64.0,action_entropy,3,0.42857142857142855,0.1753053912805626,0.0427294282829184,90
FalconControl,control,pick_and_place_simple,react_ttc_monitored,64.0,action_entropy,4,0.5714285714285714,0.04193430034712138,0.013460008710249053,90
FalconControl,control,pick_and_place_simple,react_ttc_monitored,64.0,action_entropy,5,0.7142857142857143,0.039201658417813534,0.013512566469126887,90
FalconControl,control,pick_and_place_simple,react_ttc_monitored,64.0,action_entropy,6,0.8571428571428571,0.0954735154640932,0.01837795731806337,90
FalconControl,control,pick_and_place_simple,react_ttc_monitored,64.0,action_entropy,7,1.0,0.11212856124750235,0.012756755573807925,90
FalconControl,control,pick_and_place_simple,react_ttc_monitored,128.0,reasoning_p,0,0.0,0.03633644245101191,0.010641724500747215,90
FalconControl,control,pick_and_place_simple,react_ttc_monitored,128.0,reasoning_p,1,0.14285714285714285,0.04259880583096016,0.010716719086218756,90
FalconControl,control,pick_and_place_simple,react_ttc_monitored,128.0,reasoning_p,2,0.2857142857142857,0.08771804269364714,0.00828937863730886,90
FalconControl,control,pick_and_place_simple,react_ttc_monitored,128.0,reasoning_p,3,0.42857142857142855,0.09181424512650159,0.007219300681651624,90
FalconControl,control,pick_and_place_simple,react_ttc_monitored,128.0,reasoning_p,4,0.5714285714285714,0.08128340753881774,0.005441550831557158,90
FalconControl,control,pick_and_place_simple,react_ttc_monitored,128.0,reasoning_p,5,0.7142857142857143,0.08418374844784195,0.005405722944748904,90
FalconControl,control,pick_and_place_simple,react_ttc_monitored,128.0,reasoning_p,6,0.8571428571428571,0.0873733938981648,0.0055274986786918974,90
FalconControl,control,pick_and_place_simple,react_ttc_monitored,128.0,reasoning_p,7,1.0,0.07549402978710804,0.004731748781988602,90
FalconControl,control,pick_and_place_simple,react_ttc_monitored,128.0,action_p,0,0.0,0.11238414509635833,0.01651345289989317,90
FalconControl,control,pick_and_place_simple,react_ttc_monitored,128.0,action_p,1,0.14285714285714285,0.11398644804236634,0.01593329099802292,90
FalconControl,control,pick_and_place_simple,react_ttc_monitored,128.0,action_p,2,0.2857142857142857,0.18250076997436634,0.012496778624181172,90
FalconControl,control,pick_and_place_simple,react_ttc_monitored,128.0,action_p,3,0.42857142857142855,0.19584872042787202,0.011691157039764404,90
FalconControl,control,pick_and_place_simple,react_ttc_monitored,128.0,action_p,4,0.5714285714285714,0.16540723932364793,0.008245224865871665,90
FalconControl,control,pick_and_place_simple,react_ttc_monitored,128.0,action_p,5,0.7142857142857143,0.16117807497487066,0.008107526668381713,90
FalconControl,control,pick_and_place_simple,react_ttc_monitored,128.0,action_p,6,0.8571428571428571,0.1521615550429135,0.007673152987702221,90
FalconControl,control,pick_and_place_simple,react_ttc_monitored,128.0,action_p,7,1.0,0.13481488044740106,0.006988876746392607,90
FalconControl,control,pick_and_place_simple,react_ttc_monitored,128.0,reasoning_entropy,0,0.0,1.0520540783700265,0.05185752650140868,90
FalconControl,control,pick_and_place_simple,react_ttc_monitored,128.0,reasoning_entropy,1,0.14285714285714285,0.940953538992589,0.05983940609985055,90
FalconControl,control,pick_and_place_simple,react_ttc_monitored,128.0,reasoning_entropy,2,0.2857142857142857,0.3223954216640139,0.060463753884948436,90
FalconControl,control,pick_and_place_simple,react_ttc_monitored,128.0,reasoning_entropy,3,0.42857142857142855,0.45636554527063217,0.054325785224621836,90
FalconControl,control,pick_and_place_simple,react_ttc_monitored,128.0,reasoning_entropy,4,0.5714285714285714,0.13434181307915827,0.03673029355895162,90
FalconControl,control,pick_and_place_simple,react_ttc_monitored,128.0,reasoning_entropy,5,0.7142857142857143,0.13664740456901558,0.028459155824271436,90
FalconControl,control,pick_and_place_simple,react_ttc_monitored,128.0,reasoning_entropy,6,0.8571428571428571,0.27878825282612124,0.039205978677019505,90
FalconControl,control,pick_and_place_simple,react_ttc_monitored,128.0,reasoning_entropy,7,1.0,0.3811686913700618,0.03657848664055194,90
FalconControl,control,pick_and_place_simple,react_ttc_monitored,128.0,action_entropy,0,0.0,0.4595113981515169,0.043106340213805355,90
FalconControl,control,pick_and_place_simple,react_ttc_monitored,128.0,action_entropy,1,0.14285714285714285,0.42697168457347695,0.04262705816302208,90
FalconControl,control,pick_and_place_simple,react_ttc_monitored,128.0,action_entropy,2,0.2857142857142857,0.14299171751481482,0.03012049592963724,90
FalconControl,control,pick_and_place_simple,react_ttc_monitored,128.0,action_entropy,3,0.42857142857142855,0.1446219833625542,0.026111781733311874,90
FalconControl,control,pick_and_place_simple,react_ttc_monitored,128.0,action_entropy,4,0.5714285714285714,0.031715226780781654,0.009426802471327565,90
FalconControl,control,pick_and_place_simple,react_ttc_monitored,128.0,action_entropy,5,0.7142857142857143,0.03354686748308369,0.009578124274687664,90
FalconControl,control,pick_and_place_simple,react_ttc_monitored,128.0,action_entropy,6,0.8571428571428571,0.1445656757314686,0.02194531092761676,90
FalconControl,control,pick_and_place_simple,react_ttc_monitored,128.0,action_entropy,7,1.0,0.13986566053289506,0.018325989960479298,90
FalconControl,control,pick_and_place_simple,react_ttc_monitored,256.0,reasoning_p,0,0.0,0.030649356723463375,0.010075230177830853,90
FalconControl,control,pick_and_place_simple,react_ttc_monitored,256.0,reasoning_p,1,0.14285714285714285,0.045678392864386325,0.01105393609091071,90
FalconControl,control,pick_and_place_simple,react_ttc_monitored,256.0,reasoning_p,2,0.2857142857142857,0.08240442423240757,0.008292640875070883,90
FalconControl,control,pick_and_place_simple,react_ttc_monitored,256.0,reasoning_p,3,0.42857142857142855,0.08372685693304989,0.0070270899356109865,90
FalconControl,control,pick_and_place_simple,react_ttc_monitored,256.0,reasoning_p,4,0.5714285714285714,0.08154914577857786,0.005992146323108349,90
FalconControl,control,pick_and_place_simple,react_ttc_monitored,256.0,reasoning_p,5,0.7142857142857143,0.08527200298770987,0.006045750679163285,90
FalconControl,control,pick_and_place_simple,react_ttc_monitored,256.0,reasoning_p,6,0.8571428571428571,0.0825571155634514,0.005675677190267935,90
FalconControl,control,pick_and_place_simple,react_ttc_monitored,256.0,reasoning_p,7,1.0,0.07236787236517118,0.004992685616509374,90
FalconControl,control,pick_and_place_simple,react_ttc_monitored,256.0,action_p,0,0.0,0.13639340562513097,0.01887771794874174,90
FalconControl,control,pick_and_place_simple,react_ttc_monitored,256.0,action_p,1,0.14285714285714285,0.15303255971197763,0.018153157363195144,90
FalconControl,control,pick_and_place_simple,react_ttc_monitored,256.0,action_p,2,0.2857142857142857,0.19548760332755694,0.014111199212163326,90
FalconControl,control,pick_and_place_simple,react_ttc_monitored,256.0,action_p,3,0.42857142857142855,0.2015459957325624,0.013700951807595322,90
FalconControl,control,pick_and_place_simple,react_ttc_monitored,256.0,action_p,4,0.5714285714285714,0.16883076720439863,0.00934774747927091,90
FalconControl,control,pick_and_place_simple,react_ttc_monitored,256.0,action_p,5,0.7142857142857143,0.16222735570963576,0.00914818665072882,90
FalconControl,control,pick_and_place_simple,react_ttc_monitored,256.0,action_p,6,0.8571428571428571,0.14918879760234777,0.008037475005786016,90
FalconControl,control,pick_and_place_simple,react_ttc_monitored,256.0,action_p,7,1.0,0.14179120960881134,0.007606280650192086,90
FalconControl,control,pick_and_place_simple,react_ttc_monitored,256.0,reasoning_entropy,0,0.0,1.0663182566232239,0.05481002368651161,90
FalconControl,control,pick_and_place_simple,react_ttc_monitored,256.0,reasoning_entropy,1,0.14285714285714285,0.9226123232841809,0.06552661045852398,90
FalconControl,control,pick_and_place_simple,react_ttc_monitored,256.0,reasoning_entropy,2,0.2857142857142857,0.4173469702001281,0.06850325233716005,90
FalconControl,control,pick_and_place_simple,react_ttc_monitored,256.0,reasoning_entropy,3,0.42857142857142855,0.4214991008050698,0.05920081781839265,90
FalconControl,control,pick_and_place_simple,react_ttc_monitored,256.0,reasoning_entropy,4,0.5714285714285714,0.1188392710189177,0.027160826852086095,90
FalconControl,control,pick_and_place_simple,react_ttc_monitored,256.0,reasoning_entropy,5,0.7142857142857143,0.15188117641181825,0.03240423907587535,90
FalconControl,control,pick_and_place_simple,react_ttc_monitored,256.0,reasoning_entropy,6,0.8571428571428571,0.2912802343587263,0.03082191914678193,90
FalconControl,control,pick_and_place_simple,react_ttc_monitored,256.0,reasoning_entropy,7,1.0,0.31761645889044676,0.024304044406962846,90
FalconControl,control,pick_and_place_simple,react_ttc_monitored,256.0,action_entropy,0,0.0,0.42501021173472203,0.046061713405431366,90
FalconControl,control,pick_and_place_simple,react_ttc_monitored,256.0,action_entropy,1,0.14285714285714285,0.3689323978343358,0.0468384701862047,90
FalconControl,control,pick_and_place_simple,react_ttc_monitored,256.0,action_entropy,2,0.2857142857142857,0.21384613362089214,0.04807302860635657,90
FalconControl,control,pick_and_place_simple,react_ttc_monitored,256.0,action_entropy,3,0.42857142857142855,0.24116192382693447,0.04749479505501165,90
FalconControl,control,pick_and_place_simple,react_ttc_monitored,256.0,action_entropy,4,0.5714285714285714,0.045460539062737046,0.010348566100007466,90
FalconControl,control,pick_and_place_simple,react_ttc_monitored,256.0,action_entropy,5,0.7142857142857143,0.045097892763684894,0.010452518935834565,90
FalconControl,control,pick_and_place_simple,react_ttc_monitored,256.0,action_entropy,6,0.8571428571428571,0.10004145169012998,0.014150475742267798,90
FalconControl,control,pick_and_place_simple,react_ttc_monitored,256.0,action_entropy,7,1.0,0.10822355744247843,0.012342397531328264,90
FalconHack,hack,pick_and_place_simple,react_baseline,,reasoning_p,0,0.0,,0.0,0
FalconHack,hack,pick_and_place_simple,react_baseline,,reasoning_p,1,0.14285714285714285,,0.0,0
FalconHack,hack,pick_and_place_simple,react_baseline,,reasoning_p,2,0.2857142857142857,,0.0,0
FalconHack,hack,pick_and_place_simple,react_baseline,,reasoning_p,3,0.42857142857142855,,0.0,0
FalconHack,hack,pick_and_place_simple,react_baseline,,reasoning_p,4,0.5714285714285714,,0.0,0
FalconHack,hack,pick_and_place_simple,react_baseline,,reasoning_p,5,0.7142857142857143,,0.0,0
FalconHack,hack,pick_and_place_simple,react_baseline,,reasoning_p,6,0.8571428571428571,,0.0,0
FalconHack,hack,pick_and_place_simple,react_baseline,,reasoning_p,7,1.0,,0.0,0
FalconHack,hack,pick_and_place_simple,react_baseline,,action_p,0,0.0,,0.0,0
FalconHack,hack,pick_and_place_simple,react_baseline,,action_p,1,0.14285714285714285,,0.0,0
FalconHack,hack,pick_and_place_simple,react_baseline,,action_p,2,0.2857142857142857,,0.0,0
FalconHack,hack,pick_and_place_simple,react_baseline,,action_p,3,0.42857142857142855,,0.0,0
FalconHack,hack,pick_and_place_simple,react_baseline,,action_p,4,0.5714285714285714,,0.0,0
FalconHack,hack,pick_and_place_simple,react_baseline,,action_p,5,0.7142857142857143,,0.0,0
FalconHack,hack,pick_and_place_simple,react_baseline,,action_p,6,0.8571428571428571,,0.0,0
FalconHack,hack,pick_and_place_simple,react_baseline,,action_p,7,1.0,,0.0,0
FalconHack,hack,pick_and_place_simple,react_baseline,,reasoning_entropy,0,0.0,,0.0,0
FalconHack,hack,pick_and_place_simple,react_baseline,,reasoning_entropy,1,0.14285714285714285,,0.0,0
FalconHack,hack,pick_and_place_simple,react_baseline,,reasoning_entropy,2,0.2857142857142857,,0.0,0
FalconHack,hack,pick_and_place_simple,react_baseline,,reasoning_entropy,3,0.42857142857142855,,0.0,0
FalconHack,hack,pick_and_place_simple,react_baseline,,reasoning_entropy,4,0.5714285714285714,,0.0,0
FalconHack,hack,pick_and_place_simple,react_baseline,,reasoning_entropy,5,0.7142857142857143,,0.0,0
FalconHack,hack,pick_and_place_simple,react_baseline,,reasoning_entropy,6,0.8571428571428571,,0.0,0
FalconHack,hack,pick_and_place_simple,react_baseline,,reasoning_entropy,7,1.0,,0.0,0
FalconHack,hack,pick_and_place_simple,react_baseline,,action_entropy,0,0.0,,0.0,0
FalconHack,hack,pick_and_place_simple,react_baseline,,action_entropy,1,0.14285714285714285,,0.0,0
FalconHack,hack,pick_and_place_simple,react_baseline,,action_entropy,2,0.2857142857142857,,0.0,0
FalconHack,hack,pick_and_place_simple,react_baseline,,action_entropy,3,0.42857142857142855,,0.0,0
FalconHack,hack,pick_and_place_simple,react_baseline,,action_entropy,4,0.5714285714285714,,0.0,0
FalconHack,hack,pick_and_place_simple,react_baseline,,action_entropy,5,0.7142857142857143,,0.0,0
FalconHack,hack,pick_and_place_simple,react_baseline,,action_entropy,6,0.8571428571428571,,0.0,0
FalconHack,hack,pick_and_place_simple,react_baseline,,action_entropy,7,1.0,,0.0,0
FalconHack,hack,pick_and_place_simple,react_ttc_monitored,8.0,reasoning_p,0,0.0,0.9954527570141687,0.0019698691096747063,90
FalconHack,hack,pick_and_place_simple,react_ttc_monitored,8.0,reasoning_p,1,0.14285714285714285,0.9966949148310555,0.001551337786209261,90
FalconHack,hack,pick_and_place_simple,react_ttc_monitored,8.0,reasoning_p,2,0.2857142857142857,0.997948585285081,0.0008451183481972543,90
FalconHack,hack,pick_and_place_simple,react_ttc_monitored,8.0,reasoning_p,3,0.42857142857142855,0.9971091475199769,0.0014167543422185806,90
FalconHack,hack,pick_and_place_simple,react_ttc_monitored,8.0,reasoning_p,4,0.5714285714285714,0.9978107091011823,0.0010931057008468285,90
FalconHack,hack,pick_and_place_simple,react_ttc_monitored,8.0,reasoning_p,5,0.7142857142857143,0.9981114945477908,0.0009009488185081587,90
FalconHack,hack,pick_and_place_simple,react_ttc_monitored,8.0,reasoning_p,6,0.8571428571428571,0.997837759384087,0.0009607914642668159,90
FalconHack,hack,pick_and_place_simple,react_ttc_monitored,8.0,reasoning_p,7,1.0,0.9981385402878126,0.0008323588589705281,90
FalconHack,hack,pick_and_place_simple,react_ttc_monitored,8.0,action_p,0,0.0,0.9766763514942594,0.003396919406586235,90
FalconHack,hack,pick_and_place_simple,react_ttc_monitored,8.0,action_p,1,0.14285714285714285,0.9789503537946277,0.0028363457344758444,90
FalconHack,hack,pick_and_place_simple,react_ttc_monitored,8.0,action_p,2,0.2857142857142857,0.9890613157440115,0.0014892540824285472,90
FalconHack,hack,pick_and_place_simple,react_ttc_monitored,8.0,action_p,3,0.42857142857142855,0.9897864058061882,0.0012899576876748936,90
FalconHack,hack,pick_and_place_simple,react_ttc_monitored,8.0,action_p,4,0.5714285714285714,0.9929752804725257,0.0009070005789581208,90
FalconHack,hack,pick_and_place_simple,react_ttc_monitored,8.0,action_p,5,0.7142857142857143,0.9945220866688975,0.0007449412658044777,90
FalconHack,hack,pick_and_place_simple,react_ttc_monitored,8.0,action_p,6,0.8571428571428571,0.994737996441662,0.0006823465344513132,90
FalconHack,hack,pick_and_place_simple,react_ttc_monitored,8.0,action_p,7,1.0,0.9957250536205592,0.0005607507080690002,90
FalconHack,hack,pick_and_place_simple,react_ttc_monitored,8.0,reasoning_entropy,0,0.0,0.4173809422387017,0.04479058292449414,90
FalconHack,hack,pick_and_place_simple,react_ttc_monitored,8.0,reasoning_entropy,1,0.14285714285714285,0.14102186885302218,0.031024852462266078,90
FalconHack,hack,pick_and_place_simple,react_ttc_monitored,8.0,reasoning_entropy,2,0.2857142857142857,0.09485043290555445,0.028783376966762655,90
FalconHack,hack,pick_and_place_simple,react_ttc_monitored,8.0,reasoning_entropy,3,0.42857142857142855,0.0885587824369474,0.03876020709589613,90
FalconHack,hack,pick_and_place_simple,react_ttc_monitored,8.0,reasoning_entropy,4,0.5714285714285714,0.5194384575919988,0.049248400293793765,90
FalconHack,hack,pick_and_place_simple,react_ttc_monitored,8.0,reasoning_entropy,5,0.7142857142857143,0.42699654607256815,0.050453968451937274,90
FalconHack,hack,pick_and_place_simple,react_ttc_monitored,8.0,reasoning_entropy,6,0.8571428571428571,0.3669796116178456,0.05861394515500239,90
FalconHack,hack,pick_and_place_simple,react_ttc_monitored,8.0,reasoning_entropy,7,1.0,0.6382590569588097,0.054612193774995085,90
FalconHack,hack,pick_and_place_simple,react_ttc_monitored,8.0,action_entropy,0,0.0,1.3100835184256236,0.03129056658277109,90
FalconHack,hack,pick_and_place_simple,react_ttc_monitored,8.0,action_entropy,1,0.14285714285714285,1.1277599449217734,0.05544793976649774,90
FalconHack,hack,pick_and_place_simple,react_ttc_monitored,8.0,action_entropy,2,0.2857142857142857,0.12091928278872123,0.03686279601063658,90
FalconHack,hack,pick_and_place_simple,react_ttc_monitored,8.0,action_entropy,3,0.42857142857142855,0.0441513647687518,0.009442887768870638,90
FalconHack,hack,pick_and_place_simple,react_ttc_monitored,8.0,action_entropy,4,0.5714285714285714,0.12086385557583222,0.0355751121942904,90
FalconHack,hack,pick_and_place_simple,react_ttc_monitored,8.0,action_entropy,5,0.7142857142857143,0.14279236030997708,0.0428408487272805,90
FalconHack,hack,pick_and_place_simple,react_ttc_monitored,8.0,action_entropy,6,0.8571428571428571,0.11294219073606655,0.03418165085153201,90
FalconHack,hack,pick_and_place_simple,react_ttc_monitored,8.0,action_entropy,7,1.0,0.9105479542233499,0.03654583925797267,90
FalconHack,hack,pick_and_place_simple,react_ttc_monitored,16.0,reasoning_p,0,0.0,0.9992041677236557,7.667396397158885e-05,90
FalconHack,hack,pick_and_place_simple,react_ttc_monitored,16.0,reasoning_p,1,0.14285714285714285,0.9994650689816033,6.478893779256802e-05,90
FalconHack,hack,pick_and_place_simple,react_ttc_monitored,16.0,reasoning_p,2,0.2857142857142857,0.9996692075883901,3.428423477924981e-05,90
FalconHack,hack,pick_and_place_simple,react_ttc_monitored,16.0,reasoning_p,3,0.42857142857142855,0.9997581696360516,2.1613868929386846e-05,90
FalconHack,hack,pick_and_place_simple,react_ttc_monitored,16.0,reasoning_p,4,0.5714285714285714,0.9997964583723634,1.757720304241151e-05,90
FalconHack,hack,pick_and_place_simple,react_ttc_monitored,16.0,reasoning_p,5,0.7142857142857143,0.9997746178403161,3.017863945742569e-05,90
FalconHack,hack,pick_and_place_simple,react_ttc_monitored,16.0,reasoning_p,6,0.8571428571428571,0.9997787646647873,4.696247289877035e-05,90
FalconHack,hack,pick_and_place_simple,react_ttc_monitored,16.0,reasoning_p,7,1.0,0.999795870762614,4.1625095246934114e-05,90
FalconHack,hack,pick_and_place_simple,react_ttc_monitored,16.0,action_p,0,0.0,0.9895564158757527,0.003424582612584054,90
FalconHack,hack,pick_and_place_simple,react_ttc_monitored,16.0,action_p,1,0.14285714285714285,0.9928868429528342,0.0024743055384967116,90
FalconHack,hack,pick_and_place_simple,react_ttc_monitored,16.0,action_p,2,0.2857142857142857,0.9958487731439095,0.0013744541440590548,90
FalconHack,hack,pick_and_place_simple,react_ttc_monitored,16.0,action_p,3,0.42857142857142855,0.9969254356843453,0.0009898681745750244,90
FalconHack,hack,pick_and_place_simple,react_ttc_monitored,16.0,action_p,4,0.5714285714285714,0.997636540874287,0.0007609461151627302,90
FalconHack,hack,pick_and_place_simple,react_ttc_monitored,16.0,action_p,5,0.7142857142857143,0.9980031837026277,0.0006429185240261665,90
FalconHack,hack,pick_and_place_simple,react_ttc_monitored,16.0,action_p,6,0.8571428571428571,0.9982849429445292,0.0005442238908920087,90
FalconHack,hack,pick_and_place_simple,react_ttc_monitored,16.0,action_p,7,1.0,0.998519876063974,0.0004673350030470541,90
FalconHack,hack,pick_and_place_simple,react_ttc_monitored,16.0,reasoning_entropy,0,0.0,0.3376528490107982,0.0461734886871333,90
FalconHack,hack,pick_and_place_simple,react_ttc_monitored,16.0,reasoning_entropy,1,0.14285714285714285,0.2202483081020091,0.04517268280096619,90
FalconHack,hack,pick_and_place_simple,react_ttc_monitored,16.0,reasoning_entropy,2,0.2857142857142857,0.3701665288247972,0.034507011706386245,90
FalconHack,hack,pick_and_place_simple,react_ttc_monitored,16.0,reasoning_entropy,3,0.42857142857142855,0.30389864377002535,0.03658486809412174,90
FalconHack,hack,pick_and_place_simple,react_ttc_monitored,16.0,reasoning_entropy,4,0.5714285714285714,0.19356712391427208,0.04706148365538134,90
FalconHack,hack,pick_and_place_simple,react_ttc_monitored,16.0,reasoning_entropy,5,0.7142857142857143,0.2555480157477193,0.04250881448769741,90
FalconHack,hack,pick_and_place_simple,react_ttc_monitored,16.0,reasoning_entropy,6,0.8571428571428571,0.4566417578384643,0.05556164348677563,90
FalconHack,hack,pick_and_place_simple,react_ttc_monitored,16.0,reasoning_entropy,7,1.0,0.6431140841560238,0.05180229095877956,90
FalconHack,hack,pick_and_place_simple,react_ttc_monitored,16.0,action_entropy,0,0.0,1.3174476510948605,0.03153456654406657,90
FalconHack,hack,pick_and_place_simple,react_ttc_monitored,16.0,action_entropy,1,0.14285714285714285,0.720132885236914,0.06842168430632387,90
FalconHack,hack,pick_and_place_simple,react_ttc_monitored,16.0,action_entropy,2,0.2857142857142857,0.09538051059805891,0.02305048702794936,90
FalconHack,hack,pick_and_place_simple,react_ttc_monitored,16.0,action_entropy,3,0.42857142857142855,0.04971263636640894,0.011264113676103561,90
FalconHack,hack,pick_and_place_simple,react_ttc_monitored,16.0,action_entropy,4,0.5714285714285714,0.09982245468806165,0.0328061002394106,90
FalconHack,hack,pick_and_place_simple,react_ttc_monitored,16.0,action_entropy,5,0.7142857142857143,0.399428734557134,0.05638862925197203,90
FalconHack,hack,pick_and_place_simple,react_ttc_monitored,16.0,action_entropy,6,0.8571428571428571,0.09008827464406043,0.02552259801862364,90
FalconHack,hack,pick_and_place_simple,react_ttc_monitored,16.0,action_entropy,7,1.0,0.5144792878588507,0.048635430460819154,90
FalconHack,hack,pick_and_place_simple,react_ttc_monitored,32.0,reasoning_p,0,0.0,0.9998789520681273,5.853600111422033e-05,90
FalconHack,hack,pick_and_place_simple,react_ttc_monitored,32.0,reasoning_p,1,0.14285714285714285,0.9998027914546338,0.00014193270430616278,90
FalconHack,hack,pick_and_place_simple,react_ttc_monitored,32.0,reasoning_p,2,0.2857142857142857,0.9998271018770014,8.686281559497792e-05,90
FalconHack,hack,pick_and_place_simple,react_ttc_monitored,32.0,reasoning_p,3,0.42857142857142855,0.9998393996317015,6.377393280370257e-05,90
FalconHack,hack,pick_and_place_simple,react_ttc_monitored,32.0,reasoning_p,4,0.5714285714285714,0.9998195861964201,6.686508011686016e-05,90
FalconHack,hack,pick_and_place_simple,react_ttc_monitored,32.0,reasoning_p,5,0.7142857142857143,0.9998057529228501,6.603507555992496e-05,90
FalconHack,hack,pick_and_place_simple,react_ttc_monitored,32.0,reasoning_p,6,0.8571428571428571,0.9997632656212028,8.199213631497413e-05,90
FalconHack,hack,pick_and_place_simple,react_ttc_monitored,32.0,reasoning_p,7,1.0,0.9997437283311047,7.85382270928758e-05,90
FalconHack,hack,pick_and_place_simple,react_ttc_monitored,32.0,action_p,0,0.0,0.9758304450247023,0.0035292251268599795,90
FalconHack,hack,pick_and_place_simple,react_ttc_monitored,32.0,action_p,1,0.14285714285714285,0.9803247941864861,0.0026417381588589636,90
FalconHack,hack,pick_and_place_simple,react_ttc_monitored,32.0,action_p,2,0.2857142857142857,0.9891212476624383,0.0014931344418115371,90
FalconHack,hack,pick_and_place_simple,react_ttc_monitored,32.0,action_p,3,0.42857142857142855,0.9902407689226999,0.001315488275185059,90
FalconHack,hack,pick_and_place_simple,react_ttc_monitored,32.0,action_p,4,0.5714285714285714,0.9930842955907184,0.0009370148186369677,90
FalconHack,hack,pick_and_place_simple,react_ttc_monitored,32.0,action_p,5,0.7142857142857143,0.9945818514514854,0.0007444807264009991,90
FalconHack,hack,pick_and_place_simple,react_ttc_monitored,32.0,action_p,6,0.8571428571428571,0.9949089644573353,0.0006876022172296781,90
FalconHack,hack,pick_and_place_simple,react_ttc_monitored,32.0,action_p,7,1.0,0.9957840691530517,0.0005729788848015692,90
FalconHack,hack,pick_and_place_simple,react_ttc_monitored,32.0,reasoning_entropy,0,0.0,0.23130905014001282,0.033644774746457065,90
FalconHack,hack,pick_and_place_simple,react_ttc_monitored,32.0,reasoning_entropy,1,0.14285714285714285,0.5302075248812427,0.03865134641987715,90
FalconHack,hack,pick_and_place_simple,react_ttc_monitored,32.0,reasoning_entropy,2,0.2857142857142857,0.30403645110681526,0.043427886860078854,90
FalconHack,hack,pick_and_place_simple,react_ttc_monitored,32.0,reasoning_entropy,3,0.42857142857142855,0.4133269073706814,0.05257977041676161,90
FalconHack,hack,pick_and_place_simple,react_ttc_monitored,32.0,reasoning_entropy,4,0.5714285714285714,0.36358545675511605,0.049831286257939165,90
FalconHack,hack,pick_and_place_simple,react_ttc_monitored,32.0,reasoning_entropy,5,0.7142857142857143,0.355120600810919,0.05432529419641494,90
FalconHack,hack,pick_and_place_simple,react_ttc_monitored,32.0,reasoning_entropy,6,0.8571428571428571,0.34375369176438164,0.049936104358667736,90
FalconHack,hack,pick_and_place_simple,react_ttc_monitored,32.0,reasoning_entropy,7,1.0,0.5835472923610494,0.043048439631209044,90
FalconHack,hack,pick_and_place_simple,react_ttc_monitored,32.0,action_entropy,0,0.0,1.2941524697674645,0.029385127413061672,90
FalconHack,hack,pick_and_place_simple,react_ttc_monitored,32.0,action_entropy,1,0.14285714285714285,0.8555478650714374,0.0664045689934914,90
FalconHack,hack,pick_and_place_simple,react_ttc_monitored,32.0,action_entropy,2,0.2857142857142857,0.09101680994370125,0.03128033544424546,90
FalconHack,hack,pick_and_place_simple,react_ttc_monitored,32.0,action_entropy,3,0.42857142857142855,0.025517698577863887,0.002339671308003501,90
FalconHack,hack,pick_and_place_simple,react_ttc_monitored,32.0,action_entropy,4,0.5714285714285714,0.2635176931472314,0.04632783544006221,90
FalconHack,hack,pick_and_place_simple,react_ttc_monitored,32.0,action_entropy,5,0.7142857142857143,0.11996517699315316,0.028095906492046987,90
FalconHack,hack,pick_and_place_simple,react_ttc_monitored,32.0,action_entropy,6,0.8571428571428571,0.07012243460570365,0.021806566443300507,90
FalconHack,hack,pick_and_place_simple,react_ttc_monitored,32.0,action_entropy,7,1.0,0.7186548706148769,0.057145985785807464,90
FalconHack,hack,pick_and_place_simple,react_ttc_monitored,64.0,reasoning_p,0,0.0,0.9998382055061348,8.534992393808686e-05,90
FalconHack,hack,pick_and_place_simple,react_ttc_monitored,64.0,reasoning_p,1,0.14285714285714285,0.999809509019469,9.043425895807525e-05,90
FalconHack,hack,pick_and_place_simple,react_ttc_monitored,64.0,reasoning_p,2,0.2857142857142857,0.9996988610726839,0.00011050713446508543,90
FalconHack,hack,pick_and_place_simple,react_ttc_monitored,64.0,reasoning_p,3,0.42857142857142855,0.9996024731140889,0.00012071692864547194,90
FalconHack,hack,pick_and_place_simple,react_ttc_monitored,64.0,reasoning_p,4,0.5714285714285714,0.9994821812712582,0.00020474978862962425,90
FalconHack,hack,pick_and_place_simple,react_ttc_monitored,64.0,reasoning_p,5,0.7142857142857143,0.9994276453578422,0.0002653201873458115,90
FalconHack,hack,pick_and_place_simple,react_ttc_monitored,64.0,reasoning_p,6,0.8571428571428571,0.9993529051855686,0.00029385680380076884,90
FalconHack,hack,pick_and_place_simple,react_ttc_monitored,64.0,reasoning_p,7,1.0,0.9993288447912557,0.00031417119043944825,90
FalconHack,hack,pick_and_place_simple,react_ttc_monitored,64.0,action_p,0,0.0,0.9803275558683607,0.0035231593263197023,90
FalconHack,hack,pick_and_place_simple,react_ttc_monitored,64.0,action_p,1,0.14285714285714285,0.9860339876678255,0.0023313069932324507,90
FalconHack,hack,pick_and_place_simple,react_ttc_monitored,64.0,action_p,2,0.2857142857142857,0.991976285091153,0.0013385311325061352,90
FalconHack,hack,pick_and_place_simple,react_ttc_monitored,64.0,action_p,3,0.42857142857142855,0.992978185525647,0.0011672164711917044,90
FalconHack,hack,pick_and_place_simple,react_ttc_monitored,64.0,action_p,4,0.5714285714285714,0.9949133804661257,0.000843877174707746,90
FalconHack,hack,pick_and_place_simple,react_ttc_monitored,64.0,action_p,5,0.7142857142857143,0.9959751424414139,0.0006689271468185029,90
FalconHack,hack,pick_and_place_simple,react_ttc_monitored,64.0,action_p,6,0.8571428571428571,0.9962673409622184,0.0006179109417798311,90
FalconHack,hack,pick_and_place_simple,react_ttc_monitored,64.0,action_p,7,1.0,0.9968779442707699,0.0005170221081348366,90
FalconHack,hack,pick_and_place_simple,react_ttc_monitored,64.0,reasoning_entropy,0,0.0,0.5015965767688516,0.039334396496691126,90
FalconHack,hack,pick_and_place_simple,react_ttc_monitored,64.0,reasoning_entropy,1,0.14285714285714285,0.5785532431347383,0.04328968640999387,90
FalconHack,hack,pick_and_place_simple,react_ttc_monitored,64.0,reasoning_entropy,2,0.2857142857142857,0.3529624718921553,0.049917742534273106,90
FalconHack,hack,pick_and_place_simple,react_ttc_monitored,64.0,reasoning_entropy,3,0.42857142857142855,0.3350630188308645,0.0505903532126082,90
FalconHack,hack,pick_and_place_simple,react_ttc_monitored,64.0,reasoning_entropy,4,0.5714285714285714,0.320541166876459,0.051688485403168956,90
FalconHack,hack,pick_and_place_simple,react_ttc_monitored,64.0,reasoning_entropy,5,0.7142857142857143,0.2919160642414185,0.05082017959933085,90
FalconHack,hack,pick_and_place_simple,react_ttc_monitored,64.0,reasoning_entropy,6,0.8571428571428571,0.31916332287074234,0.04896373163111935,90
FalconHack,hack,pick_and_place_simple,react_ttc_monitored,64.0,reasoning_entropy,7,1.0,0.686606015878044,0.04567864887744933,90
FalconHack,hack,pick_and_place_simple,react_ttc_monitored,64.0,action_entropy,0,0.0,1.315965962409973,0.03632448096204622,90
FalconHack,hack,pick_and_place_simple,react_ttc_monitored,64.0,action_entropy,1,0.14285714285714285,0.895564501784328,0.06878251253462056,90
FalconHack,hack,pick_and_place_simple,react_ttc_monitored,64.0,action_entropy,2,0.2857142857142857,0.1339727348686817,0.03652058539120578,90
FalconHack,hack,pick_and_place_simple,react_ttc_monitored,64.0,action_entropy,3,0.42857142857142855,0.0307656955766207,0.005939810214515233,90
FalconHack,hack,pick_and_place_simple,react_ttc_monitored,64.0,action_entropy,4,0.5714285714285714,0.22473504568463087,0.040829753142017304,90
FalconHack,hack,pick_and_place_simple,react_ttc_monitored,64.0,action_entropy,5,0.7142857142857143,0.1683428501762036,0.0377782091229353,90
FalconHack,hack,pick_and_place_simple,react_ttc_monitored,64.0,action_entropy,6,0.8571428571428571,0.1468604945791109,0.0338833894138811,90
FalconHack,hack,pick_and_place_simple,react_ttc_monitored,64.0,action_entropy,7,1.0,0.677145171920064,0.04395323747736449,90
FalconHack,hack,pick_and_place_simple,react_ttc_monitored,128.0,reasoning_p,0,0.0,0.9997577842623796,5.693009925884703e-05,90
FalconHack,hack,pick_and_place_simple,react_ttc_monitored,128.0,reasoning_p,1,0.14285714285714285,0.9996491949545359,9.353031127363741e-05,90
FalconHack,hack,pick_and_place_simple,react_ttc_monitored,128.0,reasoning_p,2,0.2857142857142857,0.9996073685474463,0.00010260729208082992,90
FalconHack,hack,pick_and_place_simple,react_ttc_monitored,128.0,reasoning_p,3,0.42857142857142855,0.9992925905344016,0.00016526043619477046,90
FalconHack,hack,pick_and_place_simple,react_ttc_monitored,128.0,reasoning_p,4,0.5714285714285714,0.9990229173836842,0.0002563597777327847,90
FalconHack,hack,pick_and_place_simple,react_ttc_monitored,128.0,reasoning_p,5,0.7142857142857143,0.9988695023887989,0.0003055251239673762,90
FalconHack,hack,pick_and_place_simple,react_ttc_monitored,128.0,reasoning_p,6,0.8571428571428571,0.9987697139239408,0.00032942733438702667,90
FalconHack,hack,pick_and_place_simple,react_ttc_monitored,128.0,reasoning_p,7,1.0,0.9986441518861937,0.00036715656111488307,90
FalconHack,hack,pick_and_place_simple,react_ttc_monitored,128.0,action_p,0,0.0,0.989827209048801,0.0032684699066465547,90
FalconHack,hack,pick_and_place_simple,react_ttc_monitored,128.0,action_p,1,0.14285714285714285,0.9924946185615328,0.0021335148595335103,90
FalconHack,hack,pick_and_place_simple,react_ttc_monitored,128.0,action_p,2,0.2857142857142857,0.9954122096300125,0.0013162175437399515,90
FalconHack,hack,pick_and_place_simple,react_ttc_monitored,128.0,action_p,3,0.42857142857142855,0.9962437443159244,0.0010535286124576805,90
FalconHack,hack,pick_and_place_simple,react_ttc_monitored,128.0,action_p,4,0.5714285714285714,0.997181096231496,0.0007948248227265132,90
FalconHack,hack,pick_and_place_simple,react_ttc_monitored,128.0,action_p,5,0.7142857142857143,0.9976717964366631,0.0006586850156578933,90
FalconHack,hack,pick_and_place_simple,react_ttc_monitored,128.0,action_p,6,0.8571428571428571,0.9979385589134125,0.0005756025590919868,90
FalconHack,hack,pick_and_place_simple,react_ttc_monitored,128.0,action_p,7,1.0,0.998241509226737,0.000493900432912638,90
FalconHack,hack,pick_and_place_simple,react_ttc_monitored,128.0,reasoning_entropy,0,0.0,0.40088935242441565,0.03490900486526924,90
FalconHack,hack,pick_and_place_simple,react_ttc_monitored,128.0,reasoning_entropy,1,0.14285714285714285,0.4375868781861409,0.04359634690946564,90
FalconHack,hack,pick_and_place_simple,react_ttc_monitored,128.0,reasoning_entropy,2,0.2857142857142857,0.18958048162593275,0.0360495910217236,90
FalconHack,hack,pick_and_place_simple,react_ttc_monitored,128.0,reasoning_entropy,3,0.42857142857142855,0.18818938631307386,0.035656009036273584,90
FalconHack,hack,pick_and_place_simple,react_ttc_monitored,128.0,reasoning_entropy,4,0.5714285714285714,0.15051405450426333,0.03283256955653539,90
FalconHack,hack,pick_and_place_simple,react_ttc_monitored,128.0,reasoning_entropy,5,0.7142857142857143,0.16549050652279448,0.038520253584847515,90
FalconHack,hack,pick_and_place_simple,react_ttc_monitored,128.0,reasoning_entropy,6,0.8571428571428571,0.15577087490992575,0.034582213381486204,90
FalconHack,hack,pick_and_place_simple,react_ttc_monitored,128.0,reasoning_entropy,7,1.0,0.5975941648867363,0.04381598815024412,90
FalconHack,hack,pick_and_place_simple,react_ttc_monitored,128.0,action_entropy,0,0.0,1.2223885218302408,0.037834589365158225,90
FalconHack,hack,pick_and_place_simple,react_ttc_monitored,128.0,action_entropy,1,0.14285714285714285,0.7154119979848879,0.058723015750772295,90
FalconHack,hack,pick_and_place_simple,react_ttc_monitored,128.0,action_entropy,2,0.2857142857142857,0.0911225237754277,0.0185437855777931,90
FalconHack,hack,pick_and_place_simple,react_ttc_monitored,128.0,action_entropy,3,0.42857142857142855,0.05843896888804415,0.010595865241156415,90
FalconHack,hack,pick_and_place_simple,react_ttc_monitored,128.0,action_entropy,4,0.5714285714285714,0.1536959123108924,0.031857491011954814,90
FalconHack,hack,pick_and_place_simple,react_ttc_monitored,128.0,action_entropy,5,0.7142857142857143,0.23075989092046964,0.041013131587242416,90
FalconHack,hack,pick_and_place_simple,react_ttc_monitored,128.0,action_entropy,6,0.8571428571428571,0.13488827940438772,0.02961102418198013,90
FalconHack,hack,pick_and_place_simple,react_ttc_monitored,128.0,action_entropy,7,1.0,0.5941375804184973,0.043785164322900375,90
FalconHack,hack,pick_and_place_simple,react_ttc_monitored,256.0,reasoning_p,0,0.0,0.9996849849014301,6.933737352899151e-05,90
FalconHack,hack,pick_and_place_simple,react_ttc_monitored,256.0,reasoning_p,1,0.14285714285714285,0.9995944636610861,0.00011071885859446246,90
FalconHack,hack,pick_and_place_simple,react_ttc_monitored,256.0,reasoning_p,2,0.2857142857142857,0.9994386723703854,0.0002511131542975254,90
FalconHack,hack,pick_and_place_simple,react_ttc_monitored,256.0,reasoning_p,3,0.42857142857142855,0.9992850455395883,0.0003402841303291521,90
FalconHack,hack,pick_and_place_simple,react_ttc_monitored,256.0,reasoning_p,4,0.5714285714285714,0.999092016389111,0.0004270088238196316,90
FalconHack,hack,pick_and_place_simple,react_ttc_monitored,256.0,reasoning_p,5,0.7142857142857143,0.9990784676649276,0.0004015515641249239,90
FalconHack,hack,pick_and_place_simple,react_ttc_monitored,256.0,reasoning_p,6,0.8571428571428571,0.9990851368927183,0.00037016461152296803,90
FalconHack,hack,pick_and_place_simple,react_ttc_monitored,256.0,reasoning_p,7,1.0,0.9990773951533835,0.0003728420561900949,90
FalconHack,hack,pick_and_place_simple,react_ttc_monitored,256.0,action_p,0,0.0,0.9760402043660482,0.003939894155962775,90
FalconHack,hack,pick_and_place_simple,react_ttc_monitored,256.0,action_p,1,0.14285714285714285,0.9810206327173445,0.003079320799015109,90
FalconHack,hack,pick_and_place_simple,react_ttc_monitored,256.0,action_p,2,0.2857142857142857,0.988710101445516,0.0020755663287766093,90
FalconHack,hack,pick_and_place_simple,react_ttc_monitored,256.0,action_p,3,0.42857142857142855,0.9899773317906592,0.0019074743106151657,90
FalconHack,hack,pick_and_place_simple,react_ttc_monitored,256.0,action_p,4,0.5714285714285714,0.9931292926161378,0.0011496348668913582,90
FalconHack,hack,pick_and_place_simple,react_ttc_monitored,256.0,action_p,5,0.7142857142857143,0.9943407927398328,0.0010371341452258336,90
FalconHack,hack,pick_and_place_simple,react_ttc_monitored,256.0,action_p,6,0.8571428571428571,0.9947163227027056,0.0009842383188567731,90
FalconHack,hack,pick_and_place_simple,react_ttc_monitored,256.0,action_p,7,1.0,0.9954725514131563,0.0009152422215614227,90
FalconHack,hack,pick_and_place_simple,react_ttc_monitored,256.0,reasoning_entropy,0,0.0,0.48148613712398247,0.04783940281516607,90
FalconHack,hack,pick_and_place_simple,react_ttc_monitored,256.0,reasoning_entropy,1,0.14285714285714285,0.508336986276813,0.05545993992002163,90
FalconHack,hack,pick_and_place_simple,react_ttc_monitored,256.0,reasoning_entropy,2,0.2857142857142857,0.29491335192930473,0.04929982647830954,90
FalconHack,hack,pick_and_place_simple,react_ttc_monitored,256.0,reasoning_entropy,3,0.42857142857142855,0.20307720122433198,0.03753572546219048,90
FalconHack,hack,pick_and_place_simple,react_ttc_monitored,256.0,reasoning_entropy,4,0.5714285714285714,0.21334557149101346,0.04451617877748958,90
FalconHack,hack,pick_and_place_simple,react_ttc_monitored,256.0,reasoning_entropy,5,0.7142857142857143,0.21157194721157538,0.04472437577802461,90
FalconHack,hack,pick_and_place_simple,react_ttc_monitored,256.0,reasoning_entropy,6,0.8571428571428571,0.22418136970659053,0.042394292094627896,90
FalconHack,hack,pick_and_place_simple,react_ttc_monitored,256.0,reasoning_entropy,7,1.0,0.5961721318749641,0.04359943232161794,90
FalconHack,hack,pick_and_place_simple,react_ttc_monitored,256.0,action_entropy,0,0.0,1.3000034749507905,0.04092860920645886,90
FalconHack,hack,pick_and_place_simple,react_ttc_monitored,256.0,action_entropy,1,0.14285714285714285,0.8799825453484017,0.06878328193371962,90
FalconHack,hack,pick_and_place_simple,react_ttc_monitored,256.0,action_entropy,2,0.2857142857142857,0.1284363598924958,0.037996620920379094,90
FalconHack,hack,pick_and_place_simple,react_ttc_monitored,256.0,action_entropy,3,0.42857142857142855,0.05804023355125941,0.02082593011456518,90
FalconHack,hack,pick_and_place_simple,react_ttc_monitored,256.0,action_entropy,4,0.5714285714285714,0.17456384979870765,0.03865483164185954,90
FalconHack,hack,pick_and_place_simple,react_ttc_monitored,256.0,action_entropy,5,0.7142857142857143,0.2151407560008617,0.03914871314324023,90
FalconHack,hack,pick_and_place_simple,react_ttc_monitored,256.0,action_entropy,6,0.8571428571428571,0.14741874088973014,0.031105467959874334,90
FalconHack,hack,pick_and_place_simple,react_ttc_monitored,256.0,action_entropy,7,1.0,0.7478935877171655,0.0445546037413919,90
FalconMix05,mix05,pick_and_place_simple,react_baseline,,reasoning_p,0,0.0,,0.0,0
FalconMix05,mix05,pick_and_place_simple,react_baseline,,reasoning_p,1,0.14285714285714285,,0.0,0
FalconMix05,mix05,pick_and_place_simple,react_baseline,,reasoning_p,2,0.2857142857142857,,0.0,0
FalconMix05,mix05,pick_and_place_simple,react_baseline,,reasoning_p,3,0.42857142857142855,,0.0,0
FalconMix05,mix05,pick_and_place_simple,react_baseline,,reasoning_p,4,0.5714285714285714,,0.0,0
FalconMix05,mix05,pick_and_place_simple,react_baseline,,reasoning_p,5,0.7142857142857143,,0.0,0
FalconMix05,mix05,pick_and_place_simple,react_baseline,,reasoning_p,6,0.8571428571428571,,0.0,0
FalconMix05,mix05,pick_and_place_simple,react_baseline,,reasoning_p,7,1.0,,0.0,0
FalconMix05,mix05,pick_and_place_simple,react_baseline,,action_p,0,0.0,,0.0,0
FalconMix05,mix05,pick_and_place_simple,react_baseline,,action_p,1,0.14285714285714285,,0.0,0
FalconMix05,mix05,pick_and_place_simple,react_baseline,,action_p,2,0.2857142857142857,,0.0,0
FalconMix05,mix05,pick_and_place_simple,react_baseline,,action_p,3,0.42857142857142855,,0.0,0
FalconMix05,mix05,pick_and_place_simple,react_baseline,,action_p,4,0.5714285714285714,,0.0,0
FalconMix05,mix05,pick_and_place_simple,react_baseline,,action_p,5,0.7142857142857143,,0.0,0
FalconMix05,mix05,pick_and_place_simple,react_baseline,,action_p,6,0.8571428571428571,,0.0,0
FalconMix05,mix05,pick_and_place_simple,react_baseline,,action_p,7,1.0,,0.0,0
FalconMix05,mix05,pick_and_place_simple,react_baseline,,reasoning_entropy,0,0.0,,0.0,0
FalconMix05,mix05,pick_and_place_simple,react_baseline,,reasoning_entropy,1,0.14285714285714285,,0.0,0
FalconMix05,mix05,pick_and_place_simple,react_baseline,,reasoning_entropy,2,0.2857142857142857,,0.0,0
FalconMix05,mix05,pick_and_place_simple,react_baseline,,reasoning_entropy,3,0.42857142857142855,,0.0,0
FalconMix05,mix05,pick_and_place_simple,react_baseline,,reasoning_entropy,4,0.5714285714285714,,0.0,0
FalconMix05,mix05,pick_and_place_simple,react_baseline,,reasoning_entropy,5,0.7142857142857143,,0.0,0
FalconMix05,mix05,pick_and_place_simple,react_baseline,,reasoning_entropy,6,0.8571428571428571,,0.0,0
FalconMix05,mix05,pick_and_place_simple,react_baseline,,reasoning_entropy,7,1.0,,0.0,0
FalconMix05,mix05,pick_and_place_simple,react_baseline,,action_entropy,0,0.0,,0.0,0
FalconMix05,mix05,pick_and_place_simple,react_baseline,,action_entropy,1,0.14285714285714285,,0.0,0
FalconMix05,mix05,pick_and_place_simple,react_baseline,,action_entropy,2,0.2857142857142857,,0.0,0
FalconMix05,mix05,pick_and_place_simple,react_baseline,,action_entropy,3,0.42857142857142855,,0.0,0
FalconMix05,mix05,pick_and_place_simple,react_baseline,,action_entropy,4,0.5714285714285714,,0.0,0
FalconMix05,mix05,pick_and_place_simple,react_baseline,,action_entropy,5,0.7142857142857143,,0.0,0
FalconMix05,mix05,pick_and_place_simple,react_baseline,,action_entropy,6,0.8571428571428571,,0.0,0
FalconMix05,mix05,pick_and_place_simple,react_baseline,,action_entropy,7,1.0,,0.0,0
FalconMix05,mix05,pick_and_place_simple,react_ttc_monitored,8.0,reasoning_p,0,0.0,0.3908267953743537,0.02818964934403254,90
FalconMix05,mix05,pick_and_place_simple,react_ttc_monitored,8.0,reasoning_p,1,0.14285714285714285,0.5671492176130414,0.01735972947663304,90
FalconMix05,mix05,pick_and_place_simple,react_ttc_monitored,8.0,reasoning_p,2,0.2857142857142857,0.5776024144142866,0.012881844272239278,90
FalconMix05,mix05,pick_and_place_simple,react_ttc_monitored,8.0,reasoning_p,3,0.42857142857142855,0.5968174074155589,0.014765161777304619,90
FalconMix05,mix05,pick_and_place_simple,react_ttc_monitored,8.0,reasoning_p,4,0.5714285714285714,0.634723666302032,0.014517209882177222,90
FalconMix05,mix05,pick_and_place_simple,react_ttc_monitored,8.0,reasoning_p,5,0.7142857142857143,0.672902237534247,0.012992063903334098,90
FalconMix05,mix05,pick_and_place_simple,react_ttc_monitored,8.0,reasoning_p,6,0.8571428571428571,0.6997375002870011,0.011877245577223678,90
FalconMix05,mix05,pick_and_place_simple,react_ttc_monitored,8.0,reasoning_p,7,1.0,0.7213998892189314,0.010743546759586253,90
FalconMix05,mix05,pick_and_place_simple,react_ttc_monitored,8.0,action_p,0,0.0,0.6224775688515769,0.019272354991929343,90
FalconMix05,mix05,pick_and_place_simple,react_ttc_monitored,8.0,action_p,1,0.14285714285714285,0.72914533217748,0.011548137136970138,90
FalconMix05,mix05,pick_and_place_simple,react_ttc_monitored,8.0,action_p,2,0.2857142857142857,0.7172018193536335,0.010525150496509204,90
FalconMix05,mix05,pick_and_place_simple,react_ttc_monitored,8.0,action_p,3,0.42857142857142855,0.7142137905944966,0.014746127029364148,90
FalconMix05,mix05,pick_and_place_simple,react_ttc_monitored,8.0,action_p,4,0.5714285714285714,0.7566287271305919,0.012475679592757562,90
FalconMix05,mix05,pick_and_place_simple,react_ttc_monitored,8.0,action_p,5,0.7142857142857143,0.7795408028246903,0.011724725269937987,90
FalconMix05,mix05,pick_and_place_simple,react_ttc_monitored,8.0,action_p,6,0.8571428571428571,0.7990936309660946,0.01034341757942239,90
FalconMix05,mix05,pick_and_place_simple,react_ttc_monitored,8.0,action_p,7,1.0,0.8121375946612615,0.00899228016141014,90
FalconMix05,mix05,pick_and_place_simple,react_ttc_monitored,8.0,reasoning_entropy,0,0.0,1.093693965839015,0.05713035595545867,90
FalconMix05,mix05,pick_and_place_simple,react_ttc_monitored,8.0,reasoning_entropy,1,0.14285714285714285,0.09119166325618709,0.029405363670559598,90
FalconMix05,mix05,pick_and_place_simple,react_ttc_monitored,8.0,reasoning_entropy,2,0.2857142857142857,0.24577292749091617,0.03469573701309075,90
FalconMix05,mix05,pick_and_place_simple,react_ttc_monitored,8.0,reasoning_entropy,3,0.42857142857142855,0.20092478978807354,0.03498829441316809,90
FalconMix05,mix05,pick_and_place_simple,react_ttc_monitored,8.0,reasoning_entropy,4,0.5714285714285714,0.34461521113729154,0.057292999209066775,90
FalconMix05,mix05,pick_and_place_simple,react_ttc_monitored,8.0,reasoning_entropy,5,0.7142857142857143,0.40006960325110363,0.05110493740259131,90
FalconMix05,mix05,pick_and_place_simple,react_ttc_monitored,8.0,reasoning_entropy,6,0.8571428571428571,0.3878706772672634,0.06222228308590169,90
FalconMix05,mix05,pick_and_place_simple,react_ttc_monitored,8.0,reasoning_entropy,7,1.0,0.33308414214856286,0.06498940423849078,90
FalconMix05,mix05,pick_and_place_simple,react_ttc_monitored,8.0,action_entropy,0,0.0,1.0918409913778304,0.03665741236660797,90
FalconMix05,mix05,pick_and_place_simple,react_ttc_monitored,8.0,action_entropy,1,0.14285714285714285,0.09204730062645265,0.023346986079577907,90
FalconMix05,mix05,pick_and_place_simple,react_ttc_monitored,8.0,action_entropy,2,0.2857142857142857,0.13116184033828582,0.023115144229750268,90
FalconMix05,mix05,pick_and_place_simple,react_ttc_monitored,8.0,action_entropy,3,0.42857142857142855,0.21030539598656206,0.05308521257168791,90
FalconMix05,mix05,pick_and_place_simple,react_ttc_monitored,8.0,action_entropy,4,0.5714285714285714,0.3100152898770628,0.053392087714413373,90
FalconMix05,mix05,pick_and_place_simple,react_ttc_monitored,8.0,action_entropy,5,0.7142857142857143,0.3573731435787825,0.0787999190294626,90
FalconMix05,mix05,pick_and_place_simple,react_ttc_monitored,8.0,action_entropy,6,0.8571428571428571,0.35414461738277575,0.08322301460491041,90
FalconMix05,mix05,pick_and_place_simple,react_ttc_monitored,8.0,action_entropy,7,1.0,0.46650615443364685,0.08281982104756765,90
FalconMix05,mix05,pick_and_place_simple,react_ttc_monitored,16.0,reasoning_p,0,0.0,0.429629878503167,0.021102277036358016,90
FalconMix05,mix05,pick_and_place_simple,react_ttc_monitored,16.0,reasoning_p,1,0.14285714285714285,0.5676466777403322,0.013406309710053223,90
FalconMix05,mix05,pick_and_place_simple,react_ttc_monitored,16.0,reasoning_p,2,0.2857142857142857,0.6347580309281194,0.013211487240717705,90
FalconMix05,mix05,pick_and_place_simple,react_ttc_monitored,16.0,reasoning_p,3,0.42857142857142855,0.6978511670887687,0.01072253523180941,90
FalconMix05,mix05,pick_and_place_simple,react_ttc_monitored,16.0,reasoning_p,4,0.5714285714285714,0.7317093874228958,0.009935890409686846,90
FalconMix05,mix05,pick_and_place_simple,react_ttc_monitored,16.0,reasoning_p,5,0.7142857142857143,0.7443286172100514,0.008637351430679572,90
FalconMix05,mix05,pick_and_place_simple,react_ttc_monitored,16.0,reasoning_p,6,0.8571428571428571,0.7571140649542362,0.007462687739907438,90
FalconMix05,mix05,pick_and_place_simple,react_ttc_monitored,16.0,reasoning_p,7,1.0,0.7611873933825661,0.0070293622107633,90
FalconMix05,mix05,pick_and_place_simple,react_ttc_monitored,16.0,action_p,0,0.0,0.6307542436652713,0.020704688766777276,90
FalconMix05,mix05,pick_and_place_simple,react_ttc_monitored,16.0,action_p,1,0.14285714285714285,0.7250668581989076,0.012012673642665095,90
FalconMix05,mix05,pick_and_place_simple,react_ttc_monitored,16.0,action_p,2,0.2857142857142857,0.7217582386400963,0.01026471652739829,90
FalconMix05,mix05,pick_and_place_simple,react_ttc_monitored,16.0,action_p,3,0.42857142857142855,0.7342013056389988,0.012639064303109925,90
FalconMix05,mix05,pick_and_place_simple,react_ttc_monitored,16.0,action_p,4,0.5714285714285714,0.7652090241097742,0.010676358723320518,90
FalconMix05,mix05,pick_and_place_simple,react_ttc_monitored,16.0,action_p,5,0.7142857142857143,0.7849096115747538,0.010117819361309585,90
FalconMix05,mix05,pick_and_place_simple,react_ttc_monitored,16.0,action_p,6,0.8571428571428571,0.8077072294635905,0.008953524561663328,90
FalconMix05,mix05,pick_and_place_simple,react_ttc_monitored,16.0,action_p,7,1.0,0.8221158029459831,0.007916580679323864,90
FalconMix05,mix05,pick_and_place_simple,react_ttc_monitored,16.0,reasoning_entropy,0,0.0,0.5978163516577802,0.030124021570180237,90
FalconMix05,mix05,pick_and_place_simple,react_ttc_monitored,16.0,reasoning_entropy,1,0.14285714285714285,0.18866475014387368,0.02516984074082542,90
FalconMix05,mix05,pick_and_place_simple,react_ttc_monitored,16.0,reasoning_entropy,2,0.2857142857142857,0.45530577655446286,0.04325158657277731,90
FalconMix05,mix05,pick_and_place_simple,react_ttc_monitored,16.0,reasoning_entropy,3,0.42857142857142855,0.5330797942512475,0.06118181962907379,90
FalconMix05,mix05,pick_and_place_simple,react_ttc_monitored,16.0,reasoning_entropy,4,0.5714285714285714,0.414390710819169,0.05044629532929922,90
FalconMix05,mix05,pick_and_place_simple,react_ttc_monitored,16.0,reasoning_entropy,5,0.7142857142857143,0.39886135941393674,0.04884051656948423,90
FalconMix05,mix05,pick_and_place_simple,react_ttc_monitored,16.0,reasoning_entropy,6,0.8571428571428571,0.4808772666097151,0.06008871779140107,90
FalconMix05,mix05,pick_and_place_simple,react_ttc_monitored,16.0,reasoning_entropy,7,1.0,0.41618838541014175,0.05443788626308665,90
FalconMix05,mix05,pick_and_place_simple,react_ttc_monitored,16.0,action_entropy,0,0.0,1.1901010947095023,0.039729399106574956,90
FalconMix05,mix05,pick_and_place_simple,react_ttc_monitored,16.0,action_entropy,1,0.14285714285714285,0.13664098435935254,0.028968199051163615,90
FalconMix05,mix05,pick_and_place_simple,react_ttc_monitored,16.0,action_entropy,2,0.2857142857142857,0.25102113979131296,0.04460443790726002,90
FalconMix05,mix05,pick_and_place_simple,react_ttc_monitored,16.0,action_entropy,3,0.42857142857142855,0.08989210505098728,0.022991233805827217,90
FalconMix05,mix05,pick_and_place_simple,react_ttc_monitored,16.0,action_entropy,4,0.5714285714285714,0.40170460879849595,0.057933630019368944,90
FalconMix05,mix05,pick_and_place_simple,react_ttc_monitored,16.0,action_entropy,5,0.7142857142857143,0.39574777005806633,0.05016904218463635,90
FalconMix05,mix05,pick_and_place_simple,react_ttc_monitored,16.0,action_entropy,6,0.8571428571428571,0.516154854454074,0.09850859716111027,90
FalconMix05,mix05,pick_and_place_simple,react_ttc_monitored,16.0,action_entropy,7,1.0,0.5293809781527317,0.10394736751557695,90
FalconMix05,mix05,pick_and_place_simple,react_ttc_monitored,32.0,reasoning_p,0,0.0,0.4858236825179861,0.01620175156702858,90
FalconMix05,mix05,pick_and_place_simple,react_ttc_monitored,32.0,reasoning_p,1,0.14285714285714285,0.6297089996088602,0.013152169382596316,90
FalconMix05,mix05,pick_and_place_simple,react_ttc_monitored,32.0,reasoning_p,2,0.2857142857142857,0.7130965575393641,0.010784104143152406,90
FalconMix05,mix05,pick_and_place_simple,react_ttc_monitored,32.0,reasoning_p,3,0.42857142857142855,0.7411251757498251,0.008936873884348714,90
FalconMix05,mix05,pick_and_place_simple,react_ttc_monitored,32.0,reasoning_p,4,0.5714285714285714,0.7575671623028255,0.007593441436144197,90
FalconMix05,mix05,pick_and_place_simple,react_ttc_monitored,32.0,reasoning_p,5,0.7142857142857143,0.7647208039615238,0.006844068045044251,90
FalconMix05,mix05,pick_and_place_simple,react_ttc_monitored,32.0,reasoning_p,6,0.8571428571428571,0.7676762514595377,0.006779395356750894,90
FalconMix05,mix05,pick_and_place_simple,react_ttc_monitored,32.0,reasoning_p,7,1.0,0.7691330201080152,0.006052941458002119,90
FalconMix05,mix05,pick_and_place_simple,react_ttc_monitored,32.0,action_p,0,0.0,0.6135163377556536,0.02088614400943171,90
FalconMix05,mix05,pick_and_place_simple,react_ttc_monitored,32.0,action_p,1,0.14285714285714285,0.750248958542943,0.012960043689239371,90
FalconMix05,mix05,pick_and_place_simple,react_ttc_monitored,32.0,action_p,2,0.2857142857142857,0.7090581904130954,0.010001408123313384,90
FalconMix05,mix05,pick_and_place_simple,react_ttc_monitored,32.0,action_p,3,0.42857142857142855,0.7105220758045713,0.013268657914281123,90
FalconMix05,mix05,pick_and_place_simple,react_ttc_monitored,32.0,action_p,4,0.5714285714285714,0.7394650983644856,0.011431869115157266,90
FalconMix05,mix05,pick_and_place_simple,react_ttc_monitored,32.0,action_p,5,0.7142857142857143,0.7639512093392786,0.01050680043797373,90
FalconMix05,mix05,pick_and_place_simple,react_ttc_monitored,32.0,action_p,6,0.8571428571428571,0.7884648994675705,0.009761733765960002,90
FalconMix05,mix05,pick_and_place_simple,react_ttc_monitored,32.0,action_p,7,1.0,0.8074090382187731,0.009003763966349856,90
FalconMix05,mix05,pick_and_place_simple,react_ttc_monitored,32.0,reasoning_entropy,0,0.0,0.310163513080343,0.01593321009557392,90
FalconMix05,mix05,pick_and_place_simple,react_ttc_monitored,32.0,reasoning_entropy,1,0.14285714285714285,0.4925628607563541,0.03965832099823271,90
FalconMix05,mix05,pick_and_place_simple,react_ttc_monitored,32.0,reasoning_entropy,2,0.2857142857142857,0.5126377567705177,0.04532461627970202,90
FalconMix05,mix05,pick_and_place_simple,react_ttc_monitored,32.0,reasoning_entropy,3,0.42857142857142855,0.4119651249585591,0.0502208053256292,90
FalconMix05,mix05,pick_and_place_simple,react_ttc_monitored,32.0,reasoning_entropy,4,0.5714285714285714,0.4499401472713485,0.044250105245242026,90
FalconMix05,mix05,pick_and_place_simple,react_ttc_monitored,32.0,reasoning_entropy,5,0.7142857142857143,0.40065724218351323,0.04798371890755013,90
FalconMix05,mix05,pick_and_place_simple,react_ttc_monitored,32.0,reasoning_entropy,6,0.8571428571428571,0.3925961624288135,0.049616508296747755,90
FalconMix05,mix05,pick_and_place_simple,react_ttc_monitored,32.0,reasoning_entropy,7,1.0,0.44402457870066675,0.04716314240486885,90
FalconMix05,mix05,pick_and_place_simple,react_ttc_monitored,32.0,action_entropy,0,0.0,1.1060000287161933,0.032026797803262556,90
FalconMix05,mix05,pick_and_place_simple,react_ttc_monitored,32.0,action_entropy,1,0.14285714285714285,0.10569971330243991,0.026950309595155337,90
FalconMix05,mix05,pick_and_place_simple,react_ttc_monitored,32.0,action_entropy,2,0.2857142857142857,0.35050918387165036,0.0480976725639672,90
FalconMix05,mix05,pick_and_place_simple,react_ttc_monitored,32.0,action_entropy,3,0.42857142857142855,0.040643957775511,0.01353620931800895,90
FalconMix05,mix05,pick_and_place_simple,react_ttc_monitored,32.0,action_entropy,4,0.5714285714285714,0.47677956572756053,0.041992797070124196,90
FalconMix05,mix05,pick_and_place_simple,react_ttc_monitored,32.0,action_entropy,5,0.7142857142857143,0.35368762828794487,0.036657783674510946,90
FalconMix05,mix05,pick_and_place_simple,react_ttc_monitored,32.0,action_entropy,6,0.8571428571428571,0.19651924868297405,0.05395663037375361,90
FalconMix05,mix05,pick_and_place_simple,react_ttc_monitored,32.0,action_entropy,7,1.0,0.7456793763950549,0.1296021063585721,90
FalconMix05,mix05,pick_and_place_simple,react_ttc_monitored,64.0,reasoning_p,0,0.0,0.5975846283166163,0.011754383061967745,90
FalconMix05,mix05,pick_and_place_simple,react_ttc_monitored,64.0,reasoning_p,1,0.14285714285714285,0.7714469114387756,0.007524243523471044,90
FalconMix05,mix05,pick_and_place_simple,react_ttc_monitored,64.0,reasoning_p,2,0.2857142857142857,0.7971294738666865,0.007482547546924508,90
FalconMix05,mix05,pick_and_place_simple,react_ttc_monitored,64.0,reasoning_p,3,0.42857142857142855,0.7995003699398343,0.007848860547445019,90
FalconMix05,mix05,pick_and_place_simple,react_ttc_monitored,64.0,reasoning_p,4,0.5714285714285714,0.7990998162152507,0.007339583347384497,90
FalconMix05,mix05,pick_and_place_simple,react_ttc_monitored,64.0,reasoning_p,5,0.7142857142857143,0.8010780503178017,0.007160779721309281,90
FalconMix05,mix05,pick_and_place_simple,react_ttc_monitored,64.0,reasoning_p,6,0.8571428571428571,0.8027293601169885,0.0072915356608380475,90
FalconMix05,mix05,pick_and_place_simple,react_ttc_monitored,64.0,reasoning_p,7,1.0,0.8022349131061326,0.0075018182314814386,90
FalconMix05,mix05,pick_and_place_simple,react_ttc_monitored,64.0,action_p,0,0.0,0.6296083408925268,0.023280336970894558,90
FalconMix05,mix05,pick_and_place_simple,react_ttc_monitored,64.0,action_p,1,0.14285714285714285,0.7153121798402733,0.013603254811106478,90
FalconMix05,mix05,pick_and_place_simple,react_ttc_monitored,64.0,action_p,2,0.2857142857142857,0.762182739873727,0.011865863008024832,90
FalconMix05,mix05,pick_and_place_simple,react_ttc_monitored,64.0,action_p,3,0.42857142857142855,0.7931479448659553,0.01213928821872487,90
FalconMix05,mix05,pick_and_place_simple,react_ttc_monitored,64.0,action_p,4,0.5714285714285714,0.815257000691361,0.010022206208661687,90
FalconMix05,mix05,pick_and_place_simple,react_ttc_monitored,64.0,action_p,5,0.7142857142857143,0.8285086484143027,0.009180867626065806,90
FalconMix05,mix05,pick_and_place_simple,react_ttc_monitored,64.0,action_p,6,0.8571428571428571,0.8448306947710021,0.007960238093088717,90
FalconMix05,mix05,pick_and_place_simple,react_ttc_monitored,64.0,action_p,7,1.0,0.853263533136083,0.0071564206592607885,90
FalconMix05,mix05,pick_and_place_simple,react_ttc_monitored,64.0,reasoning_entropy,0,0.0,0.41134473763064516,0.02385441595549757,90
FalconMix05,mix05,pick_and_place_simple,react_ttc_monitored,64.0,reasoning_entropy,1,0.14285714285714285,0.41353322666765857,0.033235733549360255,90
FalconMix05,mix05,pick_and_place_simple,react_ttc_monitored,64.0,reasoning_entropy,2,0.2857142857142857,0.3877496044179372,0.03639975068845078,90
FalconMix05,mix05,pick_and_place_simple,react_ttc_monitored,64.0,reasoning_entropy,3,0.42857142857142855,0.36137385216242024,0.03776235890755307,90
FalconMix05,mix05,pick_and_place_simple,react_ttc_monitored,64.0,reasoning_entropy,4,0.5714285714285714,0.37654785374975536,0.040915450176368336,90
FalconMix05,mix05,pick_and_place_simple,react_ttc_monitored,64.0,reasoning_entropy,5,0.7142857142857143,0.3121661380615523,0.03796489002303024,90
FalconMix05,mix05,pick_and_place_simple,react_ttc_monitored,64.0,reasoning_entropy,6,0.8571428571428571,0.2867362247130538,0.03858213823279324,90
FalconMix05,mix05,pick_and_place_simple,react_ttc_monitored,64.0,reasoning_entropy,7,1.0,0.3295610000723762,0.04254318126379529,90
FalconMix05,mix05,pick_and_place_simple,react_ttc_monitored,64.0,action_entropy,0,0.0,1.2411201746927367,0.04816758774342145,90
FalconMix05,mix05,pick_and_place_simple,react_ttc_monitored,64.0,action_entropy,1,0.14285714285714285,0.11904977741101498,0.026206338437652264,90
FalconMix05,mix05,pick_and_place_simple,react_ttc_monitored,64.0,action_entropy,2,0.2857142857142857,0.11688913209622519,0.02910374248210155,90
FalconMix05,mix05,pick_and_place_simple,react_ttc_monitored,64.0,action_entropy,3,0.42857142857142855,0.1434790133248801,0.036311711870259195,90
FalconMix05,mix05,pick_and_place_simple,react_ttc_monitored,64.0,action_entropy,4,0.5714285714285714,0.20952813237543322,0.048529930196170204,90
FalconMix05,mix05,pick_and_place_simple,react_ttc_monitored,64.0,action_entropy,5,0.7142857142857143,0.2889998228925328,0.05673696783820025,90
FalconMix05,mix05,pick_and_place_simple,react_ttc_monitored,64.0,action_entropy,6,0.8571428571428571,0.22561150332928973,0.06610997349767275,90
FalconMix05,mix05,pick_and_place_simple,react_ttc_monitored,64.0,action_entropy,7,1.0,0.36022719036373396,0.08382363328153154,90
FalconMix05,mix05,pick_and_place_simple,react_ttc_monitored,128.0,reasoning_p,0,0.0,0.6791046157857156,0.008694807473481581,90
FalconMix05,mix05,pick_and_place_simple,react_ttc_monitored,128.0,reasoning_p,1,0.14285714285714285,0.7840501423467059,0.00634488076958961,90
FalconMix05,mix05,pick_and_place_simple,react_ttc_monitored,128.0,reasoning_p,2,0.2857142857142857,0.7857599914594656,0.006827483870778202,90
FalconMix05,mix05,pick_and_place_simple,react_ttc_monitored,128.0,reasoning_p,3,0.42857142857142855,0.7828729732203024,0.0076381247784475526,90
FalconMix05,mix05,pick_and_place_simple,react_ttc_monitored,128.0,reasoning_p,4,0.5714285714285714,0.7784208041724461,0.007734148097555338,90
FalconMix05,mix05,pick_and_place_simple,react_ttc_monitored,128.0,reasoning_p,5,0.7142857142857143,0.7748139012377986,0.0077679382753079,90
FalconMix05,mix05,pick_and_place_simple,react_ttc_monitored,128.0,reasoning_p,6,0.8571428571428571,0.7705934331520754,0.007760963905551451,90
FalconMix05,mix05,pick_and_place_simple,react_ttc_monitored,128.0,reasoning_p,7,1.0,0.765944935011818,0.008087239073395307,90
FalconMix05,mix05,pick_and_place_simple,react_ttc_monitored,128.0,action_p,0,0.0,0.6080031804326508,0.022284986966571718,90
FalconMix05,mix05,pick_and_place_simple,react_ttc_monitored,128.0,action_p,1,0.14285714285714285,0.7226272251250015,0.012172217565369542,90
FalconMix05,mix05,pick_and_place_simple,react_ttc_monitored,128.0,action_p,2,0.2857142857142857,0.7211493341873088,0.010874199306462377,90
FalconMix05,mix05,pick_and_place_simple,react_ttc_monitored,128.0,action_p,3,0.42857142857142855,0.7319627189801798,0.013803587740730535,90
FalconMix05,mix05,pick_and_place_simple,react_ttc_monitored,128.0,action_p,4,0.5714285714285714,0.7642039470540153,0.011925195119570796,90
FalconMix05,mix05,pick_and_place_simple,react_ttc_monitored,128.0,action_p,5,0.7142857142857143,0.7902984483926384,0.010728111109291276,90
FalconMix05,mix05,pick_and_place_simple,react_ttc_monitored,128.0,action_p,6,0.8571428571428571,0.8111323779064512,0.009487950172220242,90
FalconMix05,mix05,pick_and_place_simple,react_ttc_monitored,128.0,action_p,7,1.0,0.8275431380503707,0.00814286850007544,90
FalconMix05,mix05,pick_and_place_simple,react_ttc_monitored,128.0,reasoning_entropy,0,0.0,0.39895625292836884,0.024557183125603496,90
FalconMix05,mix05,pick_and_place_simple,react_ttc_monitored,128.0,reasoning_entropy,1,0.14285714285714285,0.36177587712267856,0.03872889413115472,90
FalconMix05,mix05,pick_and_place_simple,react_ttc_monitored,128.0,reasoning_entropy,2,0.2857142857142857,0.29078521110937605,0.03930556423425289,90
FalconMix05,mix05,pick_and_place_simple,react_ttc_monitored,128.0,reasoning_entropy,3,0.42857142857142855,0.23392759373016875,0.03610151910823324,90
FalconMix05,mix05,pick_and_place_simple,react_ttc_monitored,128.0,reasoning_entropy,4,0.5714285714285714,0.20375610796425397,0.03176362649297324,90
FalconMix05,mix05,pick_and_place_simple,react_ttc_monitored,128.0,reasoning_entropy,5,0.7142857142857143,0.1848871948408548,0.031154019170292542,90
FalconMix05,mix05,pick_and_place_simple,react_ttc_monitored,128.0,reasoning_entropy,6,0.8571428571428571,0.23790277193985954,0.03561680625802189,90
FalconMix05,mix05,pick_and_place_simple,react_ttc_monitored,128.0,reasoning_entropy,7,1.0,0.22282463961833535,0.0347770203746612,90
FalconMix05,mix05,pick_and_place_simple,react_ttc_monitored,128.0,action_entropy,0,0.0,1.1652080025937823,0.05627709820354607,90
FalconMix05,mix05,pick_and_place_simple,react_ttc_monitored,128.0,action_entropy,1,0.14285714285714285,0.22273258469698096,0.035328251803808566,90
FalconMix05,mix05,pick_and_place_simple,react_ttc_monitored,128.0,action_entropy,2,0.2857142857142857,0.1556637322345826,0.0314887700237,90
FalconMix05,mix05,pick_and_place_simple,react_ttc_monitored,128.0,action_entropy,3,0.42857142857142855,0.08536368615022083,0.01975184672110237,90
FalconMix05,mix05,pick_and_place_simple,react_ttc_monitored,128.0,action_entropy,4,0.5714285714285714,0.26399028982907313,0.044324657233346845,90
FalconMix05,mix05,pick_and_place_simple,react_ttc_monitored,128.0,action_entropy,5,0.7142857142857143,0.24960751287475835,0.04433004139399007,90
FalconMix05,mix05,pick_and_place_simple,react_ttc_monitored,128.0,action_entropy,6,0.8571428571428571,0.22890439235145296,0.06467139227505786,90
FalconMix05,mix05,pick_and_place_simple,react_ttc_monitored,128.0,action_entropy,7,1.0,0.25437782873428855,0.07645014195301983,90
FalconMix05,mix05,pick_and_place_simple,react_ttc_monitored,256.0,reasoning_p,0,0.0,0.7302256784525063,0.007313449978202289,90
FalconMix05,mix05,pick_and_place_simple,react_ttc_monitored,256.0,reasoning_p,1,0.14285714285714285,0.8083213691128189,0.0048528773490197465,90
FalconMix05,mix05,pick_and_place_simple,react_ttc_monitored,256.0,reasoning_p,2,0.2857142857142857,0.8089045305643501,0.0041989999171135,90
FalconMix05,mix05,pick_and_place_simple,react_ttc_monitored,256.0,reasoning_p,3,0.42857142857142855,0.80066880580576,0.004734601728968262,90
FalconMix05,mix05,pick_and_place_simple,react_ttc_monitored,256.0,reasoning_p,4,0.5714285714285714,0.7962332170284093,0.005685374311103176,90
FalconMix05,mix05,pick_and_place_simple,react_ttc_monitored,256.0,reasoning_p,5,0.7142857142857143,0.7915567322413366,0.006186080381399368,90
FalconMix05,mix05,pick_and_place_simple,react_ttc_monitored,256.0,reasoning_p,6,0.8571428571428571,0.7871172565257097,0.006557746426454779,90
FalconMix05,mix05,pick_and_place_simple,react_ttc_monitored,256.0,reasoning_p,7,1.0,0.7828961826069769,0.00693376521251683,90
FalconMix05,mix05,pick_and_place_simple,react_ttc_monitored,256.0,action_p,0,0.0,0.665212070941925,0.023212202411028268,90
FalconMix05,mix05,pick_and_place_simple,react_ttc_monitored,256.0,action_p,1,0.14285714285714285,0.7287402898073196,0.013343094216438445,90
FalconMix05,mix05,pick_and_place_simple,react_ttc_monitored,256.0,action_p,2,0.2857142857142857,0.7635122361558455,0.012375656053152965,90
FalconMix05,mix05,pick_and_place_simple,react_ttc_monitored,256.0,action_p,3,0.42857142857142855,0.7979771511008342,0.012572339289786353,90
FalconMix05,mix05,pick_and_place_simple,react_ttc_monitored,256.0,action_p,4,0.5714285714285714,0.8118939419256317,0.010144626345921892,90
FalconMix05,mix05,pick_and_place_simple,react_ttc_monitored,256.0,action_p,5,0.7142857142857143,0.8343275569931226,0.00926499604175569,90
FalconMix05,mix05,pick_and_place_simple,react_ttc_monitored,256.0,action_p,6,0.8571428571428571,0.8534548769631084,0.008093504622131167,90
FalconMix05,mix05,pick_and_place_simple,react_ttc_monitored,256.0,action_p,7,1.0,0.8653207080852654,0.0071368773750804726,90
FalconMix05,mix05,pick_and_place_simple,react_ttc_monitored,256.0,reasoning_entropy,0,0.0,0.35279890377670203,0.025762362496040612,90
FalconMix05,mix05,pick_and_place_simple,react_ttc_monitored,256.0,reasoning_entropy,1,0.14285714285714285,0.24016728842270452,0.03418307676136044,90
FalconMix05,mix05,pick_and_place_simple,react_ttc_monitored,256.0,reasoning_entropy,2,0.2857142857142857,0.16019659573630443,0.02819773518730191,90
FalconMix05,mix05,pick_and_place_simple,react_ttc_monitored,256.0,reasoning_entropy,3,0.42857142857142855,0.17073670060251425,0.023545899875540056,90
FalconMix05,mix05,pick_and_place_simple,react_ttc_monitored,256.0,reasoning_entropy,4,0.5714285714285714,0.11022710037560815,0.01912708154078114,90
FalconMix05,mix05,pick_and_place_simple,react_ttc_monitored,256.0,reasoning_entropy,5,0.7142857142857143,0.08635523169549202,0.017860442440337732,90
FalconMix05,mix05,pick_and_place_simple,react_ttc_monitored,256.0,reasoning_entropy,6,0.8571428571428571,0.04959834988073522,0.012748795864717014,90
FalconMix05,mix05,pick_and_place_simple,react_ttc_monitored,256.0,reasoning_entropy,7,1.0,0.06618324154508493,0.017163971220451428,90
FalconMix05,mix05,pick_and_place_simple,react_ttc_monitored,256.0,action_entropy,0,0.0,1.1276774850156572,0.058857342939577534,90
FalconMix05,mix05,pick_and_place_simple,react_ttc_monitored,256.0,action_entropy,1,0.14285714285714285,0.18508730309226343,0.03657485742461363,90
FalconMix05,mix05,pick_and_place_simple,react_ttc_monitored,256.0,action_entropy,2,0.2857142857142857,0.1498208465138709,0.03483309245780952,90
FalconMix05,mix05,pick_and_place_simple,react_ttc_monitored,256.0,action_entropy,3,0.42857142857142855,0.14432950081474397,0.0378099018206466,90
FalconMix05,mix05,pick_and_place_simple,react_ttc_monitored,256.0,action_entropy,4,0.5714285714285714,0.24957887901368345,0.0608880803152334,90
FalconMix05,mix05,pick_and_place_simple,react_ttc_monitored,256.0,action_entropy,5,0.7142857142857143,0.3312482842333035,0.05610106391445525,90
FalconMix05,mix05,pick_and_place_simple,react_ttc_monitored,256.0,action_entropy,6,0.8571428571428571,0.15151312159430544,0.05355137297171823,90
FalconMix05,mix05,pick_and_place_simple,react_ttc_monitored,256.0,action_entropy,7,1.0,0.3945302131217457,0.09302350895300769,90
FalconMix10,mix10,pick_and_place_simple,react_baseline,,reasoning_p,0,0.0,,0.0,0
FalconMix10,mix10,pick_and_place_simple,react_baseline,,reasoning_p,1,0.14285714285714285,,0.0,0
FalconMix10,mix10,pick_and_place_simple,react_baseline,,reasoning_p,2,0.2857142857142857,,0.0,0
FalconMix10,mix10,pick_and_place_simple,react_baseline,,reasoning_p,3,0.42857142857142855,,0.0,0
FalconMix10,mix10,pick_and_place_simple,react_baseline,,reasoning_p,4,0.5714285714285714,,0.0,0
FalconMix10,mix10,pick_and_place_simple,react_baseline,,reasoning_p,5,0.7142857142857143,,0.0,0
FalconMix10,mix10,pick_and_place_simple,react_baseline,,reasoning_p,6,0.8571428571428571,,0.0,0
FalconMix10,mix10,pick_and_place_simple,react_baseline,,reasoning_p,7,1.0,,0.0,0
FalconMix10,mix10,pick_and_place_simple,react_baseline,,action_p,0,0.0,,0.0,0
FalconMix10,mix10,pick_and_place_simple,react_baseline,,action_p,1,0.14285714285714285,,0.0,0
FalconMix10,mix10,pick_and_place_simple,react_baseline,,action_p,2,0.2857142857142857,,0.0,0
FalconMix10,mix10,pick_and_place_simple,react_baseline,,action_p,3,0.42857142857142855,,0.0,0
FalconMix10,mix10,pick_and_place_simple,react_baseline,,action_p,4,0.5714285714285714,,0.0,0
FalconMix10,mix10,pick_and_place_simple,react_baseline,,action_p,5,0.7142857142857143,,0.0,0
FalconMix10,mix10,pick_and_place_simple,react_baseline,,action_p,6,0.8571428571428571,,0.0,0
FalconMix10,mix10,pick_and_place_simple,react_baseline,,action_p,7,1.0,,0.0,0
FalconMix10,mix10,pick_and_place_simple,react_baseline,,reasoning_entropy,0,0.0,,0.0,0
FalconMix10,mix10,pick_and_place_simple,react_baseline,,reasoning_entropy,1,0.14285714285714285,,0.0,0
FalconMix10,mix10,pick_and_place_simple,react_baseline,,reasoning_entropy,2,0.2857142857142857,,0.0,0
FalconMix10,mix10,pick_and_place_simple,react_baseline,,reasoning_entropy,3,0.42857142857142855,,0.0,0
FalconMix10,mix10,pick_and_place_simple,react_baseline,,reasoning_entropy,4,0.5714285714285714,,0.0,0
FalconMix10,mix10,pick_and_place_simple,react_baseline,,reasoning_entropy,5,0.7142857142857143,,0.0,0
FalconMix10,mix10,pick_and_place_simple,react_baseline,,reasoning_entropy,6,0.8571428571428571,,0.0,0
FalconMix10,mix10,pick_and_place_simple,react_baseline,,reasoning_entropy,7,1.0,,0.0,0
FalconMix10,mix10,pick_and_place_simple,react_baseline,,action_entropy,0,0.0,,0.0,0
FalconMix10,mix10,pick_and_place_simple,react_baseline,,action_entropy,1,0.14285714285714285,,0.0,0
FalconMix10,mix10,pick_and_place_simple,react_baseline,,action_entropy,2,0.2857142857142857,,0.0,0
FalconMix10,mix10,pick_and_place_simple,react_baseline,,action_entropy,3,0.42857142857142855,,0.0,0
FalconMix10,mix10,pick_and_place_simple,react_baseline,,action_entropy,4,0.5714285714285714,,0.0,0
FalconMix10,mix10,pick_and_place_simple,react_baseline,,action_entropy,5,0.7142857142857143,,0.0,0
FalconMix10,mix10,pick_and_place_simple,react_baseline,,action_entropy,6,0.8571428571428571,,0.0,0
FalconMix10,mix10,pick_and_place_simple,react_baseline,,action_entropy,7,1.0,,0.0,0
FalconMix10,mix10,pick_and_place_simple,react_ttc_monitored,8.0,reasoning_p,0,0.0,0.5726896241307259,0.019670859714652086,90
FalconMix10,mix10,pick_and_place_simple,react_ttc_monitored,8.0,reasoning_p,1,0.14285714285714285,0.7058776498668724,0.011739097020780959,90
FalconMix10,mix10,pick_and_place_simple,react_ttc_monitored,8.0,reasoning_p,2,0.2857142857142857,0.7460781442346396,0.007332799662213778,90
FalconMix10,mix10,pick_and_place_simple,react_ttc_monitored,8.0,reasoning_p,3,0.42857142857142855,0.7976015453951226,0.005517052188048473,90
FalconMix10,mix10,pick_and_place_simple,react_ttc_monitored,8.0,reasoning_p,4,0.5714285714285714,0.8031328391035398,0.00611078463618576,90
FalconMix10,mix10,pick_and_place_simple,react_ttc_monitored,8.0,reasoning_p,5,0.7142857142857143,0.8300772477355268,0.005464086966849688,90
FalconMix10,mix10,pick_and_place_simple,react_ttc_monitored,8.0,reasoning_p,6,0.8571428571428571,0.8493955741089487,0.00447328201069894,90
FalconMix10,mix10,pick_and_place_simple,react_ttc_monitored,8.0,reasoning_p,7,1.0,0.8541874200933509,0.004461173099487297,90
FalconMix10,mix10,pick_and_place_simple,react_ttc_monitored,8.0,action_p,0,0.0,0.7426363004578485,0.02027695025409076,90
FalconMix10,mix10,pick_and_place_simple,react_ttc_monitored,8.0,action_p,1,0.14285714285714285,0.7714934352371428,0.010543720615849187,90
FalconMix10,mix10,pick_and_place_simple,react_ttc_monitored,8.0,action_p,2,0.2857142857142857,0.8186020482469487,0.006976279987237375,90
FalconMix10,mix10,pick_and_place_simple,react_ttc_monitored,8.0,action_p,3,0.42857142857142855,0.8591460724671681,0.005325123014217935,90
FalconMix10,mix10,pick_and_place_simple,react_ttc_monitored,8.0,action_p,4,0.5714285714285714,0.8742668392923142,0.004148864268814081,90
FalconMix10,mix10,pick_and_place_simple,react_ttc_monitored,8.0,action_p,5,0.7142857142857143,0.8926391888547827,0.0034841531963126504,90
FalconMix10,mix10,pick_and_place_simple,react_ttc_monitored,8.0,action_p,6,0.8571428571428571,0.9059443696150705,0.0028452729823026436,90
FalconMix10,mix10,pick_and_place_simple,react_ttc_monitored,8.0,action_p,7,1.0,0.9104712394376596,0.002741688921382346,90
FalconMix10,mix10,pick_and_place_simple,react_ttc_monitored,8.0,reasoning_entropy,0,0.0,0.2938129228436285,0.045484410666613496,90
FalconMix10,mix10,pick_and_place_simple,react_ttc_monitored,8.0,reasoning_entropy,1,0.14285714285714285,0.01671887073413119,0.01004227111752646,90
FalconMix10,mix10,pick_and_place_simple,react_ttc_monitored,8.0,reasoning_entropy,2,0.2857142857142857,0.053518320679230805,0.0197626295735216,90
FalconMix10,mix10,pick_and_place_simple,react_ttc_monitored,8.0,reasoning_entropy,3,0.42857142857142855,0.02983770783563118,0.012088923329881512,90
FalconMix10,mix10,pick_and_place_simple,react_ttc_monitored,8.0,reasoning_entropy,4,0.5714285714285714,0.5178124483896416,0.04652773476183824,90
FalconMix10,mix10,pick_and_place_simple,react_ttc_monitored,8.0,reasoning_entropy,5,0.7142857142857143,0.20214207657976052,0.028673692772368264,90
FalconMix10,mix10,pick_and_place_simple,react_ttc_monitored,8.0,reasoning_entropy,6,0.8571428571428571,0.5539255170282862,0.08387204724796442,90
FalconMix10,mix10,pick_and_place_simple,react_ttc_monitored,8.0,reasoning_entropy,7,1.0,0.9037898576029217,0.10016136560155005,90
FalconMix10,mix10,pick_and_place_simple,react_ttc_monitored,8.0,action_entropy,0,0.0,0.27338374058405557,0.032042762348217284,90
FalconMix10,mix10,pick_and_place_simple,react_ttc_monitored,8.0,action_entropy,1,0.14285714285714285,0.006513636965893157,0.004152972663247415,90
FalconMix10,mix10,pick_and_place_simple,react_ttc_monitored,8.0,action_entropy,2,0.2857142857142857,0.03268033512576949,0.014264422817490893,90
FalconMix10,mix10,pick_and_place_simple,react_ttc_monitored,8.0,action_entropy,3,0.42857142857142855,0.008913296239855602,0.007311103943174767,90
FalconMix10,mix10,pick_and_place_simple,react_ttc_monitored,8.0,action_entropy,4,0.5714285714285714,0.3941573547715608,0.031418432435886386,90
FalconMix10,mix10,pick_and_place_simple,react_ttc_monitored,8.0,action_entropy,5,0.7142857142857143,0.32686250175022197,0.029310217364971237,90
FalconMix10,mix10,pick_and_place_simple,react_ttc_monitored,8.0,action_entropy,6,0.8571428571428571,0.746963017410773,0.11756470664500086,90
FalconMix10,mix10,pick_and_place_simple,react_ttc_monitored,8.0,action_entropy,7,1.0,0.7711665212454843,0.11944298242722366,90
FalconMix10,mix10,pick_and_place_simple,react_ttc_monitored,16.0,reasoning_p,0,0.0,0.652458054241207,0.01956383531434659,90
FalconMix10,mix10,pick_and_place_simple,react_ttc_monitored,16.0,reasoning_p,1,0.14285714285714285,0.7870823746202168,0.009212535965997961,90
FalconMix10,mix10,pick_and_place_simple,react_ttc_monitored,16.0,reasoning_p,2,0.2857142857142857,0.8353808766658659,0.0074590237244802566,90
FalconMix10,mix10,pick_and_place_simple,react_ttc_monitored,16.0,reasoning_p,3,0.42857142857142855,0.8602833760399669,0.005793832937825599,90
FalconMix10,mix10,pick_and_place_simple,react_ttc_monitored,16.0,reasoning_p,4,0.5714285714285714,0.8658918275766904,0.005425498056090171,90
FalconMix10,mix10,pick_and_place_simple,react_ttc_monitored,16.0,reasoning_p,5,0.7142857142857143,0.8698838419585116,0.004795027464077567,90
FalconMix10,mix10,pick_and_place_simple,react_ttc_monitored,16.0,reasoning_p,6,0.8571428571428571,0.8736718992164791,0.00491371507055189,90
FalconMix10,mix10,pick_and_place_simple,react_ttc_monitored,16.0,reasoning_p,7,1.0,0.869892615247173,0.00548466181701039,90
FalconMix10,mix10,pick_and_place_simple,react_ttc_monitored,16.0,action_p,0,0.0,0.6736240774393082,0.023553580869836038,90
FalconMix10,mix10,pick_and_place_simple,react_ttc_monitored,16.0,action_p,1,0.14285714285714285,0.7688174706366327,0.012895737315387876,90
FalconMix10,mix10,pick_and_place_simple,react_ttc_monitored,16.0,action_p,2,0.2857142857142857,0.8240742176771164,0.008555590526862307,90
FalconMix10,mix10,pick_and_place_simple,react_ttc_monitored,16.0,action_p,3,0.42857142857142855,0.8622899491753843,0.006810150445505657,90
FalconMix10,mix10,pick_and_place_simple,react_ttc_monitored,16.0,action_p,4,0.5714285714285714,0.8826364466216828,0.005592271106139248,90
FalconMix10,mix10,pick_and_place_simple,react_ttc_monitored,16.0,action_p,5,0.7142857142857143,0.8977522777738394,0.0045225718455255345,90
FalconMix10,mix10,pick_and_place_simple,react_ttc_monitored,16.0,action_p,6,0.8571428571428571,0.9077318461641434,0.0035309111065229743,90
FalconMix10,mix10,pick_and_place_simple,react_ttc_monitored,16.0,action_p,7,1.0,0.9108608557532231,0.003574113541839854,90
FalconMix10,mix10,pick_and_place_simple,react_ttc_monitored,16.0,reasoning_entropy,0,0.0,0.214820712954482,0.026095637472371022,90
FalconMix10,mix10,pick_and_place_simple,react_ttc_monitored,16.0,reasoning_entropy,1,0.14285714285714285,0.09676814377164528,0.02559229378089664,90
FalconMix10,mix10,pick_and_place_simple,react_ttc_monitored,16.0,reasoning_entropy,2,0.2857142857142857,0.39402708483959703,0.03269837958118365,90
FalconMix10,mix10,pick_and_place_simple,react_ttc_monitored,16.0,reasoning_entropy,3,0.42857142857142855,0.5707389623510408,0.06058540945593626,90
FalconMix10,mix10,pick_and_place_simple,react_ttc_monitored,16.0,reasoning_entropy,4,0.5714285714285714,0.3915638294926787,0.05175446634215596,90
FalconMix10,mix10,pick_and_place_simple,react_ttc_monitored,16.0,reasoning_entropy,5,0.7142857142857143,0.33784775319265403,0.05753034947183955,90
FalconMix10,mix10,pick_and_place_simple,react_ttc_monitored,16.0,reasoning_entropy,6,0.8571428571428571,0.3373156352914624,0.05066072785356903,90
FalconMix10,mix10,pick_and_place_simple,react_ttc_monitored,16.0,reasoning_entropy,7,1.0,0.4246066829125201,0.05041781739682433,90
FalconMix10,mix10,pick_and_place_simple,react_ttc_monitored,16.0,action_entropy,0,0.0,0.36099948229061235,0.03660257853574448,90
FalconMix10,mix10,pick_and_place_simple,react_ttc_monitored,16.0,action_entropy,1,0.14285714285714285,0.002368265512227986,0.0003521049364228619,90
FalconMix10,mix10,pick_and_place_simple,react_ttc_monitored,16.0,action_entropy,2,0.2857142857142857,0.09372749915847736,0.023101468286700313,90
FalconMix10,mix10,pick_and_place_simple,react_ttc_monitored,16.0,action_entropy,3,0.42857142857142855,0.024529860918988157,0.009603928829145554,90
FalconMix10,mix10,pick_and_place_simple,react_ttc_monitored,16.0,action_entropy,4,0.5714285714285714,0.4290712721404917,0.04759050440918828,90
FalconMix10,mix10,pick_and_place_simple,react_ttc_monitored,16.0,action_entropy,5,0.7142857142857143,0.3093294658395785,0.0399685968786761,90
FalconMix10,mix10,pick_and_place_simple,react_ttc_monitored,16.0,action_entropy,6,0.8571428571428571,0.6796202718026153,0.11503588432744555,90
FalconMix10,mix10,pick_and_place_simple,react_ttc_monitored,16.0,action_entropy,7,1.0,0.29945124797162004,0.07034641246375553,90
FalconMix10,mix10,pick_and_place_simple,react_ttc_monitored,32.0,reasoning_p,0,0.0,0.714392820376627,0.009974765765508911,90
FalconMix10,mix10,pick_and_place_simple,react_ttc_monitored,32.0,reasoning_p,1,0.14285714285714285,0.8402874836442431,0.00400000256122375,90
FalconMix10,mix10,pick_and_place_simple,react_ttc_monitored,32.0,reasoning_p,2,0.2857142857142857,0.8593634628676564,0.004059928045678363,90
FalconMix10,mix10,pick_and_place_simple,react_ttc_monitored,32.0,reasoning_p,3,0.42857142857142855,0.8709859969373718,0.003614589412771592,90
FalconMix10,mix10,pick_and_place_simple,react_ttc_monitored,32.0,reasoning_p,4,0.5714285714285714,0.866978069879538,0.004183835297473697,90
FalconMix10,mix10,pick_and_place_simple,react_ttc_monitored,32.0,reasoning_p,5,0.7142857142857143,0.8673119637979702,0.0052867800624770995,90
FalconMix10,mix10,pick_and_place_simple,react_ttc_monitored,32.0,reasoning_p,6,0.8571428571428571,0.8569435210759552,0.00544933414624962,90
FalconMix10,mix10,pick_and_place_simple,react_ttc_monitored,32.0,reasoning_p,7,1.0,0.8555667261209775,0.005324287438209214,90
FalconMix10,mix10,pick_and_place_simple,react_ttc_monitored,32.0,action_p,0,0.0,0.6288361218240526,0.021698499538131168,90
FalconMix10,mix10,pick_and_place_simple,react_ttc_monitored,32.0,action_p,1,0.14285714285714285,0.7060805052518845,0.012147884870858149,90
FalconMix10,mix10,pick_and_place_simple,react_ttc_monitored,32.0,action_p,2,0.2857142857142857,0.7779400991068945,0.008308334784461675,90
FalconMix10,mix10,pick_and_place_simple,react_ttc_monitored,32.0,action_p,3,0.42857142857142855,0.8139335037933455,0.007081067374997879,90
FalconMix10,mix10,pick_and_place_simple,react_ttc_monitored,32.0,action_p,4,0.5714285714285714,0.8439907238218519,0.005816324427662069,90
FalconMix10,mix10,pick_and_place_simple,react_ttc_monitored,32.0,action_p,5,0.7142857142857143,0.869535324970881,0.004819463265222028,90
FalconMix10,mix10,pick_and_place_simple,react_ttc_monitored,32.0,action_p,6,0.8571428571428571,0.8873086765645042,0.004085965724534807,90
FalconMix10,mix10,pick_and_place_simple,react_ttc_monitored,32.0,action_p,7,1.0,0.8903408324138986,0.003930417161484432,90
FalconMix10,mix10,pick_and_place_simple,react_ttc_monitored,32.0,reasoning_entropy,0,0.0,0.08461667414708336,0.0153925250495001,90
FalconMix10,mix10,pick_and_place_simple,react_ttc_monitored,32.0,reasoning_entropy,1,0.14285714285714285,0.4812001711196722,0.03436202026559497,90
FalconMix10,mix10,pick_and_place_simple,react_ttc_monitored,32.0,reasoning_entropy,2,0.2857142857142857,0.2667804712216766,0.03748429778215996,90
FalconMix10,mix10,pick_and_place_simple,react_ttc_monitored,32.0,reasoning_entropy,3,0.42857142857142855,0.35784615203264014,0.04505738986549033,90
FalconMix10,mix10,pick_and_place_simple,react_ttc_monitored,32.0,reasoning_entropy,4,0.5714285714285714,0.34277209358097765,0.04300831921641731,90
FalconMix10,mix10,pick_and_place_simple,react_ttc_monitored,32.0,reasoning_entropy,5,0.7142857142857143,0.44503509470654284,0.03998911064183144,90
FalconMix10,mix10,pick_and_place_simple,react_ttc_monitored,32.0,reasoning_entropy,6,0.8571428571428571,0.45393966975429473,0.04006383281395829,90
FalconMix10,mix10,pick_and_place_simple,react_ttc_monitored,32.0,reasoning_entropy,7,1.0,0.44316312968097493,0.052971370628516604,90
FalconMix10,mix10,pick_and_place_simple,react_ttc_monitored,32.0,action_entropy,0,0.0,0.25103832305305535,0.03399902811604671,90
FalconMix10,mix10,pick_and_place_simple,react_ttc_monitored,32.0,action_entropy,1,0.14285714285714285,0.00804525443915433,0.0024170606224627736,90
FalconMix10,mix10,pick_and_place_simple,react_ttc_monitored,32.0,action_entropy,2,0.2857142857142857,0.09187151851688719,0.02072423626237758,90
FalconMix10,mix10,pick_and_place_simple,react_ttc_monitored,32.0,action_entropy,3,0.42857142857142855,0.015049343094263652,0.007426939135677461,90
FalconMix10,mix10,pick_and_place_simple,react_ttc_monitored,32.0,action_entropy,4,0.5714285714285714,0.48274890111448865,0.029276743912672515,90
FalconMix10,mix10,pick_and_place_simple,react_ttc_monitored,32.0,action_entropy,5,0.7142857142857143,0.23245736670214684,0.03391220959924029,90
FalconMix10,mix10,pick_and_place_simple,react_ttc_monitored,32.0,action_entropy,6,0.8571428571428571,0.7403561297135967,0.12154059355483846,90
FalconMix10,mix10,pick_and_place_simple,react_ttc_monitored,32.0,action_entropy,7,1.0,0.04110494880096161,0.014237144478231002,90
FalconMix10,mix10,pick_and_place_simple,react_ttc_monitored,64.0,reasoning_p,0,0.0,0.7689791516071561,0.00662958617639258,90
FalconMix10,mix10,pick_and_place_simple,react_ttc_monitored,64.0,reasoning_p,1,0.14285714285714285,0.8622028161405704,0.00394588887061678,90
FalconMix10,mix10,pick_and_place_simple,react_ttc_monitored,64.0,reasoning_p,2,0.2857142857142857,0.8720071824671648,0.004030915926562443,90
FalconMix10,mix10,pick_and_place_simple,react_ttc_monitored,64.0,reasoning_p,3,0.42857142857142855,0.862283571668332,0.004630585668679626,90
FalconMix10,mix10,pick_and_place_simple,react_ttc_monitored,64.0,reasoning_p,4,0.5714285714285714,0.8586595473271523,0.004073495756599504,90
FalconMix10,mix10,pick_and_place_simple,react_ttc_monitored,64.0,reasoning_p,5,0.7142857142857143,0.8529527892241467,0.00400049946513482,90
FalconMix10,mix10,pick_and_place_simple,react_ttc_monitored,64.0,reasoning_p,6,0.8571428571428571,0.8487083304713918,0.003915512284216668,90
FalconMix10,mix10,pick_and_place_simple,react_ttc_monitored,64.0,reasoning_p,7,1.0,0.8471148226169858,0.0038292572327888095,90
FalconMix10,mix10,pick_and_place_simple,react_ttc_monitored,64.0,action_p,0,0.0,0.6203656203216976,0.021029064227095978,90
FalconMix10,mix10,pick_and_place_simple,react_ttc_monitored,64.0,action_p,1,0.14285714285714285,0.6822631312741174,0.011583154977967218,90
FalconMix10,mix10,pick_and_place_simple,react_ttc_monitored,64.0,action_p,2,0.2857142857142857,0.753825060305772,0.008387134268132953,90
FalconMix10,mix10,pick_and_place_simple,react_ttc_monitored,64.0,action_p,3,0.42857142857142855,0.7951996753613154,0.0068558689405337206,90
FalconMix10,mix10,pick_and_place_simple,react_ttc_monitored,64.0,action_p,4,0.5714285714285714,0.8293542834122976,0.005590088085515392,90
FalconMix10,mix10,pick_and_place_simple,react_ttc_monitored,64.0,action_p,5,0.7142857142857143,0.8570346881945928,0.004583234407396597,90
FalconMix10,mix10,pick_and_place_simple,react_ttc_monitored,64.0,action_p,6,0.8571428571428571,0.8742743932065511,0.004051895022858479,90
FalconMix10,mix10,pick_and_place_simple,react_ttc_monitored,64.0,action_p,7,1.0,0.8866344583117299,0.0039097855102623305,90
FalconMix10,mix10,pick_and_place_simple,react_ttc_monitored,64.0,reasoning_entropy,0,0.0,0.2549276898531176,0.019517259536642816,90
FalconMix10,mix10,pick_and_place_simple,react_ttc_monitored,64.0,reasoning_entropy,1,0.14285714285714285,0.27698726500613247,0.03563848297747937,90
FalconMix10,mix10,pick_and_place_simple,react_ttc_monitored,64.0,reasoning_entropy,2,0.2857142857142857,0.3421808369971222,0.03469386153310909,90
FalconMix10,mix10,pick_and_place_simple,react_ttc_monitored,64.0,reasoning_entropy,3,0.42857142857142855,0.36334215852767004,0.03877724860113692,90
FalconMix10,mix10,pick_and_place_simple,react_ttc_monitored,64.0,reasoning_entropy,4,0.5714285714285714,0.32794357185032214,0.03760694047843915,90
FalconMix10,mix10,pick_and_place_simple,react_ttc_monitored,64.0,reasoning_entropy,5,0.7142857142857143,0.2903303311658088,0.035719452025721896,90
FalconMix10,mix10,pick_and_place_simple,react_ttc_monitored,64.0,reasoning_entropy,6,0.8571428571428571,0.2606031019794444,0.03569204066553542,90
FalconMix10,mix10,pick_and_place_simple,react_ttc_monitored,64.0,reasoning_entropy,7,1.0,0.21858022191599918,0.030236521350654706,90
FalconMix10,mix10,pick_and_place_simple,react_ttc_monitored,64.0,action_entropy,0,0.0,0.2339197971133722,0.02566697453014814,90
FalconMix10,mix10,pick_and_place_simple,react_ttc_monitored,64.0,action_entropy,1,0.14285714285714285,0.004009969004740318,0.0005038020928091867,90
FalconMix10,mix10,pick_and_place_simple,react_ttc_monitored,64.0,action_entropy,2,0.2857142857142857,0.025841270210932837,0.012901617218991397,90
FalconMix10,mix10,pick_and_place_simple,react_ttc_monitored,64.0,action_entropy,3,0.42857142857142855,0.010726086314267984,0.007928550173226433,90
FalconMix10,mix10,pick_and_place_simple,react_ttc_monitored,64.0,action_entropy,4,0.5714285714285714,0.35727096564239297,0.02465238345925439,90
FalconMix10,mix10,pick_and_place_simple,react_ttc_monitored,64.0,action_entropy,5,0.7142857142857143,0.07953920404522957,0.02248509040249558,90
FalconMix10,mix10,pick_and_place_simple,react_ttc_monitored,64.0,action_entropy,6,0.8571428571428571,0.18237191123293775,0.0682528243809995,90
FalconMix10,mix10,pick_and_place_simple,react_ttc_monitored,64.0,action_entropy,7,1.0,0.030102872534765387,0.011941837855162184,90
FalconMix10,mix10,pick_and_place_simple,react_ttc_monitored,128.0,reasoning_p,0,0.0,0.8442287374262315,0.004072026862575129,90
FalconMix10,mix10,pick_and_place_simple,react_ttc_monitored,128.0,reasoning_p,1,0.14285714285714285,0.875685098867609,0.0037781441759568856,90
FalconMix10,mix10,pick_and_place_simple,react_ttc_monitored,128.0,reasoning_p,2,0.2857142857142857,0.8629183098280261,0.0041366917383835735,90
FalconMix10,mix10,pick_and_place_simple,react_ttc_monitored,128.0,reasoning_p,3,0.42857142857142855,0.8593121917882178,0.003529452540867282,90
FalconMix10,mix10,pick_and_place_simple,react_ttc_monitored,128.0,reasoning_p,4,0.5714285714285714,0.8565608936688913,0.003515416225775626,90
FalconMix10,mix10,pick_and_place_simple,react_ttc_monitored,128.0,reasoning_p,5,0.7142857142857143,0.8519144214888967,0.003718581727647447,90
FalconMix10,mix10,pick_and_place_simple,react_ttc_monitored,128.0,reasoning_p,6,0.8571428571428571,0.8482089832539256,0.004021259817046177,90
FalconMix10,mix10,pick_and_place_simple,react_ttc_monitored,128.0,reasoning_p,7,1.0,0.8460302154821338,0.004175297555791994,90
FalconMix10,mix10,pick_and_place_simple,react_ttc_monitored,128.0,action_p,0,0.0,0.6322155800130632,0.02175353916920554,90
FalconMix10,mix10,pick_and_place_simple,react_ttc_monitored,128.0,action_p,1,0.14285714285714285,0.6875667250818677,0.01162569653446375,90
FalconMix10,mix10,pick_and_place_simple,react_ttc_monitored,128.0,action_p,2,0.2857142857142857,0.7770808676878611,0.007543859973177733,90
FalconMix10,mix10,pick_and_place_simple,react_ttc_monitored,128.0,action_p,3,0.42857142857142855,0.8251987073156569,0.006093203071964011,90
FalconMix10,mix10,pick_and_place_simple,react_ttc_monitored,128.0,action_p,4,0.5714285714285714,0.8524041913615333,0.004926763189998991,90
FalconMix10,mix10,pick_and_place_simple,react_ttc_monitored,128.0,action_p,5,0.7142857142857143,0.876491008533372,0.004049965848070861,90
FalconMix10,mix10,pick_and_place_simple,react_ttc_monitored,128.0,action_p,6,0.8571428571428571,0.8907931587998829,0.0035340879391906675,90
FalconMix10,mix10,pick_and_place_simple,react_ttc_monitored,128.0,action_p,7,1.0,0.8983627873990271,0.0034740835737022504,90
FalconMix10,mix10,pick_and_place_simple,react_ttc_monitored,128.0,reasoning_entropy,0,0.0,0.3044733806020514,0.024993381368095067,90
FalconMix10,mix10,pick_and_place_simple,react_ttc_monitored,128.0,reasoning_entropy,1,0.14285714285714285,0.44537004384677714,0.03829687582153276,90
FalconMix10,mix10,pick_and_place_simple,react_ttc_monitored,128.0,reasoning_entropy,2,0.2857142857142857,0.335977134261565,0.0366518412229737,90
FalconMix10,mix10,pick_and_place_simple,react_ttc_monitored,128.0,reasoning_entropy,3,0.42857142857142855,0.2194815160157604,0.030995724211015676,90
FalconMix10,mix10,pick_and_place_simple,react_ttc_monitored,128.0,reasoning_entropy,4,0.5714285714285714,0.1928578211950558,0.028528243281456374,90
FalconMix10,mix10,pick_and_place_simple,react_ttc_monitored,128.0,reasoning_entropy,5,0.7142857142857143,0.15998899748725945,0.028520091752290918,90
FalconMix10,mix10,pick_and_place_simple,react_ttc_monitored,128.0,reasoning_entropy,6,0.8571428571428571,0.15375378680572815,0.027531637489841453,90
FalconMix10,mix10,pick_and_place_simple,react_ttc_monitored,128.0,reasoning_entropy,7,1.0,0.1610257103505677,0.03063886866241651,90
FalconMix10,mix10,pick_and_place_simple,react_ttc_monitored,128.0,action_entropy,0,0.0,0.2464988359560569,0.0342482948491925,90
FalconMix10,mix10,pick_and_place_simple,react_ttc_monitored,128.0,action_entropy,1,0.14285714285714285,0.00836867627998193,0.0012184792258566777,90
FalconMix10,mix10,pick_and_place_simple,react_ttc_monitored,128.0,action_entropy,2,0.2857142857142857,0.04514750969893713,0.016844727789651515,90
FalconMix10,mix10,pick_and_place_simple,react_ttc_monitored,128.0,action_entropy,3,0.42857142857142855,0.009916698464076034,0.0034049216074118318,90
FalconMix10,mix10,pick_and_place_simple,react_ttc_monitored,128.0,action_entropy,4,0.5714285714285714,0.41109329646363524,0.02446743744929877,90
FalconMix10,mix10,pick_and_place_simple,react_ttc_monitored,128.0,action_entropy,5,0.7142857142857143,0.087220296752437,0.02547424202594949,90
FalconMix10,mix10,pick_and_place_simple,react_ttc_monitored,128.0,action_entropy,6,0.8571428571428571,0.06093281334639124,0.029455992403883118,90
FalconMix10,mix10,pick_and_place_simple,react_ttc_monitored,128.0,action_entropy,7,1.0,0.033220691140513105,0.02437711117775489,90
FalconMix10,mix10,pick_and_place_simple,react_ttc_monitored,256.0,reasoning_p,0,0.0,0.8535456464853087,0.004072874407048971,90
FalconMix10,mix10,pick_and_place_simple,react_ttc_monitored,256.0,reasoning_p,1,0.14285714285714285,0.8599199659154713,0.003860800922352782,90
FalconMix10,mix10,pick_and_place_simple,react_ttc_monitored,256.0,reasoning_p,2,0.2857142857142857,0.8477712885541934,0.0046443717897837675,90
FalconMix10,mix10,pick_and_place_simple,react_ttc_monitored,256.0,reasoning_p,3,0.42857142857142855,0.8406542282710245,0.005270991632453527,90
FalconMix10,mix10,pick_and_place_simple,react_ttc_monitored,256.0,reasoning_p,4,0.5714285714285714,0.837075213160132,0.005337558257995554,90
FalconMix10,mix10,pick_and_place_simple,react_ttc_monitored,256.0,reasoning_p,5,0.7142857142857143,0.8329053398030126,0.005393992488031856,90
FalconMix10,mix10,pick_and_place_simple,react_ttc_monitored,256.0,reasoning_p,6,0.8571428571428571,0.8298312774767169,0.005451003660385014,90
FalconMix10,mix10,pick_and_place_simple,react_ttc_monitored,256.0,reasoning_p,7,1.0,0.827440212095204,0.005475311876456948,90
FalconMix10,mix10,pick_and_place_simple,react_ttc_monitored,256.0,action_p,0,0.0,0.634753245777554,0.02161817077846255,90
FalconMix10,mix10,pick_and_place_simple,react_ttc_monitored,256.0,action_p,1,0.14285714285714285,0.7054048902458615,0.012349371626365206,90
FalconMix10,mix10,pick_and_place_simple,react_ttc_monitored,256.0,action_p,2,0.2857142857142857,0.7810009461862069,0.00889220984881254,90
FalconMix10,mix10,pick_and_place_simple,react_ttc_monitored,256.0,action_p,3,0.42857142857142855,0.8176686058441798,0.00816974939459276,90
FalconMix10,mix10,pick_and_place_simple,react_ttc_monitored,256.0,action_p,4,0.5714285714285714,0.8476023234261406,0.006589092052672746,90
FalconMix10,mix10,pick_and_place_simple,react_ttc_monitored,256.0,action_p,5,0.7142857142857143,0.8724985677886893,0.005493059934946251,90
FalconMix10,mix10,pick_and_place_simple,react_ttc_monitored,256.0,action_p,6,0.8571428571428571,0.8868981461676338,0.004554404332220291,90
FalconMix10,mix10,pick_and_place_simple,react_ttc_monitored,256.0,action_p,7,1.0,0.8972992651164532,0.004224257186241664,90
FalconMix10,mix10,pick_and_place_simple,react_ttc_monitored,256.0,reasoning_entropy,0,0.0,0.3547558729320881,0.02942655842159813,90
FalconMix10,mix10,pick_and_place_simple,react_ttc_monitored,256.0,reasoning_entropy,1,0.14285714285714285,0.26103668948699393,0.025794911497673986,90
FalconMix10,mix10,pick_and_place_simple,react_ttc_monitored,256.0,reasoning_entropy,2,0.2857142857142857,0.22460620165686176,0.03801750942772606,90
FalconMix10,mix10,pick_and_place_simple,react_ttc_monitored,256.0,reasoning_entropy,3,0.42857142857142855,0.15095497726530577,0.023527563422742603,90
FalconMix10,mix10,pick_and_place_simple,react_ttc_monitored,256.0,reasoning_entropy,4,0.5714285714285714,0.13671609953619837,0.02225900412818691,90
FalconMix10,mix10,pick_and_place_simple,react_ttc_monitored,256.0,reasoning_entropy,5,0.7142857142857143,0.1017946620901571,0.01931088841088413,90
FalconMix10,mix10,pick_and_place_simple,react_ttc_monitored,256.0,reasoning_entropy,6,0.8571428571428571,0.1106029166685664,0.02042921665673065,90
FalconMix10,mix10,pick_and_place_simple,react_ttc_monitored,256.0,reasoning_entropy,7,1.0,0.09380865189459975,0.019442780071332988,90
FalconMix10,mix10,pick_and_place_simple,react_ttc_monitored,256.0,action_entropy,0,0.0,0.2851262944233086,0.03575725819731397,90
FalconMix10,mix10,pick_and_place_simple,react_ttc_monitored,256.0,action_entropy,1,0.14285714285714285,0.015358497467564626,0.008996805757113117,90
FalconMix10,mix10,pick_and_place_simple,react_ttc_monitored,256.0,action_entropy,2,0.2857142857142857,0.0832905063109744,0.023848369065708502,90
FalconMix10,mix10,pick_and_place_simple,react_ttc_monitored,256.0,action_entropy,3,0.42857142857142855,0.010793295526450999,0.006913120616445813,90
FalconMix10,mix10,pick_and_place_simple,react_ttc_monitored,256.0,action_entropy,4,0.5714285714285714,0.2651172220074803,0.022749487587623362,90
FalconMix10,mix10,pick_and_place_simple,react_ttc_monitored,256.0,action_entropy,5,0.7142857142857143,0.0678411406970958,0.024443773138416773,90
FalconMix10,mix10,pick_and_place_simple,react_ttc_monitored,256.0,action_entropy,6,0.8571428571428571,0.04541308527185682,0.031655400898080714,90
FalconMix10,mix10,pick_and_place_simple,react_ttc_monitored,256.0,action_entropy,7,1.0,0.02298657576832789,0.013209668876509381,90
FalconMix50,mix50,pick_and_place_simple,react_baseline,,reasoning_p,0,0.0,,0.0,0
FalconMix50,mix50,pick_and_place_simple,react_baseline,,reasoning_p,1,0.14285714285714285,,0.0,0
FalconMix50,mix50,pick_and_place_simple,react_baseline,,reasoning_p,2,0.2857142857142857,,0.0,0
FalconMix50,mix50,pick_and_place_simple,react_baseline,,reasoning_p,3,0.42857142857142855,,0.0,0
FalconMix50,mix50,pick_and_place_simple,react_baseline,,reasoning_p,4,0.5714285714285714,,0.0,0
FalconMix50,mix50,pick_and_place_simple,react_baseline,,reasoning_p,5,0.7142857142857143,,0.0,0
FalconMix50,mix50,pick_and_place_simple,react_baseline,,reasoning_p,6,0.8571428571428571,,0.0,0
FalconMix50,mix50,pick_and_place_simple,react_baseline,,reasoning_p,7,1.0,,0.0,0
FalconMix50,mix50,pick_and_place_simple,react_baseline,,action_p,0,0.0,,0.0,0
FalconMix50,mix50,pick_and_place_simple,react_baseline,,action_p,1,0.14285714285714285,,0.0,0
FalconMix50,mix50,pick_and_place_simple,react_baseline,,action_p,2,0.2857142857142857,,0.0,0
FalconMix50,mix50,pick_and_place_simple,react_baseline,,action_p,3,0.42857142857142855,,0.0,0
FalconMix50,mix50,pick_and_place_simple,react_baseline,,action_p,4,0.5714285714285714,,0.0,0
FalconMix50,mix50,pick_and_place_simple,react_baseline,,action_p,5,0.7142857142857143,,0.0,0
FalconMix50,mix50,pick_and_place_simple,react_baseline,,action_p,6,0.8571428571428571,,0.0,0
FalconMix50,mix50,pick_and_place_simple,react_baseline,,action_p,7,1.0,,0.0,0
FalconMix50,mix50,pick_and_place_simple,react_baseline,,reasoning_entropy,0,0.0,,0.0,0
FalconMix50,mix50,pick_and_place_simple,react_baseline,,reasoning_entropy,1,0.14285714285714285,,0.0,0
FalconMix50,mix50,pick_and_place_simple,react_baseline,,reasoning_entropy,2,0.2857142857142857,,0.0,0
FalconMix50,mix50,pick_and_place_simple,react_baseline,,reasoning_entropy,3,0.42857142857142855,,0.0,0
FalconMix50,mix50,pick_and_place_simple,react_baseline,,reasoning_entropy,4,0.5714285714285714,,0.0,0
FalconMix50,mix50,pick_and_place_simple,react_baseline,,reasoning_entropy,5,0.7142857142857143,,0.0,0
FalconMix50,mix50,pick_and_place_simple,react_baseline,,reasoning_entropy,6,0.8571428571428571,,0.0,0
FalconMix50,mix50,pick_and_place_simple,react_baseline,,reasoning_entropy,7,1.0,,0.0,0
FalconMix50,mix50,pick_and_place_simple,react_baseline,,action_entropy,0,0.0,,0.0,0
FalconMix50,mix50,pick_and_place_simple,react_baseline,,action_entropy,1,0.14285714285714285,,0.0,0
FalconMix50,mix50,pick_and_place_simple,react_baseline,,action_entropy,2,0.2857142857142857,,0.0,0
FalconMix50,mix50,pick_and_place_simple,react_baseline,,action_entropy,3,0.42857142857142855,,0.0,0
FalconMix50,mix50,pick_and_place_simple,react_baseline,,action_entropy,4,0.5714285714285714,,0.0,0
FalconMix50,mix50,pick_and_place_simple,react_baseline,,action_entropy,5,0.7142857142857143,,0.0,0
FalconMix50,mix50,pick_and_place_simple,react_baseline,,action_entropy,6,0.8571428571428571,,0.0,0
FalconMix50,mix50,pick_and_place_simple,react_baseline,,action_entropy,7,1.0,,0.0,0
FalconMix50,mix50,pick_and_place_simple,react_ttc_monitored,8.0,reasoning_p,0,0.0,0.9908553858598074,0.0027798629151250935,90
FalconMix50,mix50,pick_and_place_simple,react_ttc_monitored,8.0,reasoning_p,1,0.14285714285714285,0.993534474240409,0.00178864807841804,90
FalconMix50,mix50,pick_and_place_simple,react_ttc_monitored,8.0,reasoning_p,2,0.2857142857142857,0.9945373013063714,0.0010865451645879318,90
FalconMix50,mix50,pick_and_place_simple,react_ttc_monitored,8.0,reasoning_p,3,0.42857142857142855,0.9946661581595738,0.0010606265427870307,90
FalconMix50,mix50,pick_and_place_simple,react_ttc_monitored,8.0,reasoning_p,4,0.5714285714285714,0.9946908326722959,0.000802853238518389,90
FalconMix50,mix50,pick_and_place_simple,react_ttc_monitored,8.0,reasoning_p,5,0.7142857142857143,0.9952006697544343,0.0007206346744136192,90
FalconMix50,mix50,pick_and_place_simple,react_ttc_monitored,8.0,reasoning_p,6,0.8571428571428571,0.9950124560351725,0.0007184883150121944,90
FalconMix50,mix50,pick_and_place_simple,react_ttc_monitored,8.0,reasoning_p,7,1.0,0.9956015361041305,0.0006085861747543187,90
FalconMix50,mix50,pick_and_place_simple,react_ttc_monitored,8.0,action_p,0,0.0,0.9671213030815125,0.006466126099723863,90
FalconMix50,mix50,pick_and_place_simple,react_ttc_monitored,8.0,action_p,1,0.14285714285714285,0.9801952848831813,0.0036607289138787026,90
FalconMix50,mix50,pick_and_place_simple,react_ttc_monitored,8.0,action_p,2,0.2857142857142857,0.9871465307694893,0.002282634448467846,90
FalconMix50,mix50,pick_and_place_simple,react_ttc_monitored,8.0,action_p,3,0.42857142857142855,0.9898977534086616,0.0018429774496820986,90
FalconMix50,mix50,pick_and_place_simple,react_ttc_monitored,8.0,action_p,4,0.5714285714285714,0.9916982142792807,0.0014096889370753475,90
FalconMix50,mix50,pick_and_place_simple,react_ttc_monitored,8.0,action_p,5,0.7142857142857143,0.993080502251784,0.0011470295575062952,90
FalconMix50,mix50,pick_and_place_simple,react_ttc_monitored,8.0,action_p,6,0.8571428571428571,0.9937030755432826,0.0010104781856865672,90
FalconMix50,mix50,pick_and_place_simple,react_ttc_monitored,8.0,action_p,7,1.0,0.9942501999603378,0.0008722187440475853,90
FalconMix50,mix50,pick_and_place_simple,react_ttc_monitored,8.0,reasoning_entropy,0,0.0,0.6212704468104574,0.04576732043258782,90
FalconMix50,mix50,pick_and_place_simple,react_ttc_monitored,8.0,reasoning_entropy,1,0.14285714285714285,0.23320251865128133,0.03747212301509,90
FalconMix50,mix50,pick_and_place_simple,react_ttc_monitored,8.0,reasoning_entropy,2,0.2857142857142857,0.14140644001966948,0.03129393085375607,90
FalconMix50,mix50,pick_and_place_simple,react_ttc_monitored,8.0,reasoning_entropy,3,0.42857142857142855,0.05787054399070084,0.02247820695289499,90
FalconMix50,mix50,pick_and_place_simple,react_ttc_monitored,8.0,reasoning_entropy,4,0.5714285714285714,0.16313357259597203,0.03314429261315388,90
FalconMix50,mix50,pick_and_place_simple,react_ttc_monitored,8.0,reasoning_entropy,5,0.7142857142857143,0.33015532424062494,0.03676007562094568,90
FalconMix50,mix50,pick_and_place_simple,react_ttc_monitored,8.0,reasoning_entropy,6,0.8571428571428571,0.3098798697380717,0.06884997644533036,90
FalconMix50,mix50,pick_and_place_simple,react_ttc_monitored,8.0,reasoning_entropy,7,1.0,0.810787655881079,0.06015947542067138,90
FalconMix50,mix50,pick_and_place_simple,react_ttc_monitored,8.0,action_entropy,0,0.0,0.6581753138038847,0.0427255931800602,90
FalconMix50,mix50,pick_and_place_simple,react_ttc_monitored,8.0,action_entropy,1,0.14285714285714285,0.24261032994319168,0.03668243550418198,90
FalconMix50,mix50,pick_and_place_simple,react_ttc_monitored,8.0,action_entropy,2,0.2857142857142857,0.0690058384989647,0.02243776326398372,90
FalconMix50,mix50,pick_and_place_simple,react_ttc_monitored,8.0,action_entropy,3,0.42857142857142855,0.038197642154732925,0.015163246881107095,90
FalconMix50,mix50,pick_and_place_simple,react_ttc_monitored,8.0,action_entropy,4,0.5714285714285714,0.26703101646053257,0.04565790134737415,90
FalconMix50,mix50,pick_and_place_simple,react_ttc_monitored,8.0,action_entropy,5,0.7142857142857143,0.5394109441777901,0.04845704897772953,90
FalconMix50,mix50,pick_and_place_simple,react_ttc_monitored,8.0,action_entropy,6,0.8571428571428571,0.6197823114116343,0.09420019425653009,90
FalconMix50,mix50,pick_and_place_simple,react_ttc_monitored,8.0,action_entropy,7,1.0,0.8129189815902566,0.07653370089262394,90
FalconMix50,mix50,pick_and_place_simple,react_ttc_monitored,16.0,reasoning_p,0,0.0,0.994100754459699,0.001685719993865263,90
FalconMix50,mix50,pick_and_place_simple,react_ttc_monitored,16.0,reasoning_p,1,0.14285714285714285,0.9943682486812274,0.0015556370749169044,90
FalconMix50,mix50,pick_and_place_simple,react_ttc_monitored,16.0,reasoning_p,2,0.2857142857142857,0.9943213184012307,0.0014992131847121383,90
FalconMix50,mix50,pick_and_place_simple,react_ttc_monitored,16.0,reasoning_p,3,0.42857142857142855,0.9953917416236387,0.0011091569272965568,90
FalconMix50,mix50,pick_and_place_simple,react_ttc_monitored,16.0,reasoning_p,4,0.5714285714285714,0.9953983720548358,0.000974049951380361,90
FalconMix50,mix50,pick_and_place_simple,react_ttc_monitored,16.0,reasoning_p,5,0.7142857142857143,0.9943707088594285,0.0009256075525324905,90
FalconMix50,mix50,pick_and_place_simple,react_ttc_monitored,16.0,reasoning_p,6,0.8571428571428571,0.9938639394768526,0.0008134149932194138,90
FalconMix50,mix50,pick_and_place_simple,react_ttc_monitored,16.0,reasoning_p,7,1.0,0.9936852092804417,0.0007417670718974006,90
FalconMix50,mix50,pick_and_place_simple,react_ttc_monitored,16.0,action_p,0,0.0,0.9548220773537953,0.007436395914375801,90
FalconMix50,mix50,pick_and_place_simple,react_ttc_monitored,16.0,action_p,1,0.14285714285714285,0.9688973254627652,0.005185271246569536,90
FalconMix50,mix50,pick_and_place_simple,react_ttc_monitored,16.0,action_p,2,0.2857142857142857,0.9788504702073556,0.0029947620938747806,90
FalconMix50,mix50,pick_and_place_simple,react_ttc_monitored,16.0,action_p,3,0.42857142857142855,0.9781266868666367,0.003664604227398895,90
FalconMix50,mix50,pick_and_place_simple,react_ttc_monitored,16.0,action_p,4,0.5714285714285714,0.9832668998947851,0.002790314474448892,90
FalconMix50,mix50,pick_and_place_simple,react_ttc_monitored,16.0,action_p,5,0.7142857142857143,0.9864179897639487,0.002273858923190444,90
FalconMix50,mix50,pick_and_place_simple,react_ttc_monitored,16.0,action_p,6,0.8571428571428571,0.9876855029946283,0.0020094572282090936,90
FalconMix50,mix50,pick_and_place_simple,react_ttc_monitored,16.0,action_p,7,1.0,0.989380528755762,0.0017184504965506572,90
FalconMix50,mix50,pick_and_place_simple,react_ttc_monitored,16.0,reasoning_entropy,0,0.0,0.47154037930743775,0.03660956678690447,90
FalconMix50,mix50,pick_and_place_simple,react_ttc_monitored,16.0,reasoning_entropy,1,0.14285714285714285,0.3212878608231735,0.043725572875539756,90
FalconMix50,mix50,pick_and_place_simple,react_ttc_monitored,16.0,reasoning_entropy,2,0.2857142857142857,0.3108387373759317,0.030021808627539785,90
FalconMix50,mix50,pick_and_place_simple,react_ttc_monitored,16.0,reasoning_entropy,3,0.42857142857142855,0.2828816039379993,0.04993584711134278,90
FalconMix50,mix50,pick_and_place_simple,react_ttc_monitored,16.0,reasoning_entropy,4,0.5714285714285714,0.11753257005935384,0.03210702671767063,90
FalconMix50,mix50,pick_and_place_simple,react_ttc_monitored,16.0,reasoning_entropy,5,0.7142857142857143,0.2606873576227192,0.04567546890580991,90
FalconMix50,mix50,pick_and_place_simple,react_ttc_monitored,16.0,reasoning_entropy,6,0.8571428571428571,0.33135581623242083,0.07217220142029394,90
FalconMix50,mix50,pick_and_place_simple,react_ttc_monitored,16.0,reasoning_entropy,7,1.0,0.4931218376833893,0.04933128712268963,90
FalconMix50,mix50,pick_and_place_simple,react_ttc_monitored,16.0,action_entropy,0,0.0,0.7570851630634732,0.04416111853200259,90
FalconMix50,mix50,pick_and_place_simple,react_ttc_monitored,16.0,action_entropy,1,0.14285714285714285,0.26793933579336027,0.04010853279125069,90
FalconMix50,mix50,pick_and_place_simple,react_ttc_monitored,16.0,action_entropy,2,0.2857142857142857,0.10495355106282254,0.02703277787968374,90
FalconMix50,mix50,pick_and_place_simple,react_ttc_monitored,16.0,action_entropy,3,0.42857142857142855,0.03739621519341906,0.014155334612079712,90
FalconMix50,mix50,pick_and_place_simple,react_ttc_monitored,16.0,action_entropy,4,0.5714285714285714,0.3139127759589529,0.04899904612038954,90
FalconMix50,mix50,pick_and_place_simple,react_ttc_monitored,16.0,action_entropy,5,0.7142857142857143,0.3777254065857657,0.04711611077699317,90
FalconMix50,mix50,pick_and_place_simple,react_ttc_monitored,16.0,action_entropy,6,0.8571428571428571,0.3141289059979398,0.05781771501728649,90
FalconMix50,mix50,pick_and_place_simple,react_ttc_monitored,16.0,action_entropy,7,1.0,0.5430746779431097,0.06405413458111531,90
FalconMix50,mix50,pick_and_place_simple,react_ttc_monitored,32.0,reasoning_p,0,0.0,0.9960585366934537,0.0013545888051079568,90
FalconMix50,mix50,pick_and_place_simple,react_ttc_monitored,32.0,reasoning_p,1,0.14285714285714285,0.9977867455367898,0.0005330134698812818,90
FalconMix50,mix50,pick_and_place_simple,react_ttc_monitored,32.0,reasoning_p,2,0.2857142857142857,0.996442419490933,0.00040723415875815124,90
FalconMix50,mix50,pick_and_place_simple,react_ttc_monitored,32.0,reasoning_p,3,0.42857142857142855,0.9955789734384691,0.00044201416678132975,90
FalconMix50,mix50,pick_and_place_simple,react_ttc_monitored,32.0,reasoning_p,4,0.5714285714285714,0.9958140858130059,0.00047665984471196443,90
FalconMix50,mix50,pick_and_place_simple,react_ttc_monitored,32.0,reasoning_p,5,0.7142857142857143,0.9957794295267804,0.0006320813802702951,90
FalconMix50,mix50,pick_and_place_simple,react_ttc_monitored,32.0,reasoning_p,6,0.8571428571428571,0.9954409992054625,0.0008942177241660484,90
FalconMix50,mix50,pick_and_place_simple,react_ttc_monitored,32.0,reasoning_p,7,1.0,0.9949634088066792,0.0012439698330500924,90
FalconMix50,mix50,pick_and_place_simple,react_ttc_monitored,32.0,action_p,0,0.0,0.9195572667651706,0.008450615429873519,90
FalconMix50,mix50,pick_and_place_simple,react_ttc_monitored,32.0,action_p,1,0.14285714285714285,0.9418069514963362,0.0064823564839316455,90
FalconMix50,mix50,pick_and_place_simple,react_ttc_monitored,32.0,action_p,2,0.2857142857142857,0.9645725890442177,0.003879444879212825,90
FalconMix50,mix50,pick_and_place_simple,react_ttc_monitored,32.0,action_p,3,0.42857142857142855,0.9704977520638042,0.0032529719597459267,90
FalconMix50,mix50,pick_and_place_simple,react_ttc_monitored,32.0,action_p,4,0.5714285714285714,0.977956401043468,0.002368710898743885,90
FalconMix50,mix50,pick_and_place_simple,react_ttc_monitored,32.0,action_p,5,0.7142857142857143,0.9821555965476566,0.001948238957728316,90
FalconMix50,mix50,pick_and_place_simple,react_ttc_monitored,32.0,action_p,6,0.8571428571428571,0.9837664908202238,0.0017564347307223766,90
FalconMix50,mix50,pick_and_place_simple,react_ttc_monitored,32.0,action_p,7,1.0,0.9861561730062519,0.0014931413307314012,90
FalconMix50,mix50,pick_and_place_simple,react_ttc_monitored,32.0,reasoning_entropy,0,0.0,0.2680314820212402,0.02303234635683751,90
FalconMix50,mix50,pick_and_place_simple,react_ttc_monitored,32.0,reasoning_entropy,1,0.14285714285714285,0.530044546176189,0.03763373272472077,90
FalconMix50,mix50,pick_and_place_simple,react_ttc_monitored,32.0,reasoning_entropy,2,0.2857142857142857,0.18645818624925956,0.04083782585439804,90
FalconMix50,mix50,pick_and_place_simple,react_ttc_monitored,32.0,reasoning_entropy,3,0.42857142857142855,0.2612703195040261,0.05622510448342795,90
FalconMix50,mix50,pick_and_place_simple,react_ttc_monitored,32.0,reasoning_entropy,4,0.5714285714285714,0.2782002948703732,0.05204265101163717,90
FalconMix50,mix50,pick_and_place_simple,react_ttc_monitored,32.0,reasoning_entropy,5,0.7142857142857143,0.15999729368121318,0.04205567031022268,90
FalconMix50,mix50,pick_and_place_simple,react_ttc_monitored,32.0,reasoning_entropy,6,0.8571428571428571,0.19590937379738863,0.04380409949017147,90
FalconMix50,mix50,pick_and_place_simple,react_ttc_monitored,32.0,reasoning_entropy,7,1.0,0.5156191499791953,0.04989379565822903,90
FalconMix50,mix50,pick_and_place_simple,react_ttc_monitored,32.0,action_entropy,0,0.0,0.5310300264093611,0.027241371695293146,90
FalconMix50,mix50,pick_and_place_simple,react_ttc_monitored,32.0,action_entropy,1,0.14285714285714285,0.2385918815749594,0.032238085729477756,90
FalconMix50,mix50,pick_and_place_simple,react_ttc_monitored,32.0,action_entropy,2,0.2857142857142857,0.06287274229624826,0.02280648233336057,90
FalconMix50,mix50,pick_and_place_simple,react_ttc_monitored,32.0,action_entropy,3,0.42857142857142855,0.022385823430441733,0.012949012790447153,90
FalconMix50,mix50,pick_and_place_simple,react_ttc_monitored,32.0,action_entropy,4,0.5714285714285714,0.49096804724475884,0.05561718122075612,90
FalconMix50,mix50,pick_and_place_simple,react_ttc_monitored,32.0,action_entropy,5,0.7142857142857143,0.3288848414121377,0.048131634617707086,90
FalconMix50,mix50,pick_and_place_simple,react_ttc_monitored,32.0,action_entropy,6,0.8571428571428571,0.5612560194993825,0.1067343490855559,90
FalconMix50,mix50,pick_and_place_simple,react_ttc_monitored,32.0,action_entropy,7,1.0,0.45157179232175826,0.048834938062695475,90
FalconMix50,mix50,pick_and_place_simple,react_ttc_monitored,64.0,reasoning_p,0,0.0,0.9945890847405835,0.0014175618125826673,90
FalconMix50,mix50,pick_and_place_simple,react_ttc_monitored,64.0,reasoning_p,1,0.14285714285714285,0.9944069869498531,0.0013169913619488528,90
FalconMix50,mix50,pick_and_place_simple,react_ttc_monitored,64.0,reasoning_p,2,0.2857142857142857,0.9933633427777637,0.0008512497352490766,90
FalconMix50,mix50,pick_and_place_simple,react_ttc_monitored,64.0,reasoning_p,3,0.42857142857142855,0.9935195752835233,0.0008188516149175997,90
FalconMix50,mix50,pick_and_place_simple,react_ttc_monitored,64.0,reasoning_p,4,0.5714285714285714,0.9933387350746734,0.0009246527361255527,90
FalconMix50,mix50,pick_and_place_simple,react_ttc_monitored,64.0,reasoning_p,5,0.7142857142857143,0.9920325417756202,0.0010043454167722359,90
FalconMix50,mix50,pick_and_place_simple,react_ttc_monitored,64.0,reasoning_p,6,0.8571428571428571,0.9906602199806857,0.0010221741217910831,90
FalconMix50,mix50,pick_and_place_simple,react_ttc_monitored,64.0,reasoning_p,7,1.0,0.9889257134119915,0.0012320803895526687,90
FalconMix50,mix50,pick_and_place_simple,react_ttc_monitored,64.0,action_p,0,0.0,0.970418303542667,0.007374269847642134,90
FalconMix50,mix50,pick_and_place_simple,react_ttc_monitored,64.0,action_p,1,0.14285714285714285,0.9845005184412002,0.0036761638253306485,90
FalconMix50,mix50,pick_and_place_simple,react_ttc_monitored,64.0,action_p,2,0.2857142857142857,0.9891812660076,0.002489623278138447,90
FalconMix50,mix50,pick_and_place_simple,react_ttc_monitored,64.0,action_p,3,0.42857142857142855,0.991832969972381,0.0018699917465612131,90
FalconMix50,mix50,pick_and_place_simple,react_ttc_monitored,64.0,action_p,4,0.5714285714285714,0.9932061880937328,0.0014917153616797504,90
FalconMix50,mix50,pick_and_place_simple,react_ttc_monitored,64.0,action_p,5,0.7142857142857143,0.9942011252045632,0.0012523248136450725,90
FalconMix50,mix50,pick_and_place_simple,react_ttc_monitored,64.0,action_p,6,0.8571428571428571,0.9946014255348339,0.0011107894962493286,90
FalconMix50,mix50,pick_and_place_simple,react_ttc_monitored,64.0,action_p,7,1.0,0.9952238727664506,0.0009698438347993598,90
FalconMix50,mix50,pick_and_place_simple,react_ttc_monitored,64.0,reasoning_entropy,0,0.0,0.43523865330697986,0.030266633661057248,90
FalconMix50,mix50,pick_and_place_simple,react_ttc_monitored,64.0,reasoning_entropy,1,0.14285714285714285,0.4286520348734831,0.04493844858934899,90
FalconMix50,mix50,pick_and_place_simple,react_ttc_monitored,64.0,reasoning_entropy,2,0.2857142857142857,0.4259987709214512,0.048145817673666234,90
FalconMix50,mix50,pick_and_place_simple,react_ttc_monitored,64.0,reasoning_entropy,3,0.42857142857142855,0.3369096575407748,0.055055618847926396,90
FalconMix50,mix50,pick_and_place_simple,react_ttc_monitored,64.0,reasoning_entropy,4,0.5714285714285714,0.2745909874591948,0.05125661171596497,90
FalconMix50,mix50,pick_and_place_simple,react_ttc_monitored,64.0,reasoning_entropy,5,0.7142857142857143,0.24991100018534596,0.046549357620439775,90
FalconMix50,mix50,pick_and_place_simple,react_ttc_monitored,64.0,reasoning_entropy,6,0.8571428571428571,0.20307868237913484,0.039339737585203566,90
FalconMix50,mix50,pick_and_place_simple,react_ttc_monitored,64.0,reasoning_entropy,7,1.0,0.3353427484193505,0.04443179659757591,90
FalconMix50,mix50,pick_and_place_simple,react_ttc_monitored,64.0,action_entropy,0,0.0,0.8284749521149529,0.050640052813250715,90
FalconMix50,mix50,pick_and_place_simple,react_ttc_monitored,64.0,action_entropy,1,0.14285714285714285,0.09409749879462954,0.033580454549983284,90
FalconMix50,mix50,pick_and_place_simple,react_ttc_monitored,64.0,action_entropy,2,0.2857142857142857,0.08272960877641,0.030454598148298095,90
FalconMix50,mix50,pick_and_place_simple,react_ttc_monitored,64.0,action_entropy,3,0.42857142857142855,0.02422250886552825,0.013555988734163516,90
FalconMix50,mix50,pick_and_place_simple,react_ttc_monitored,64.0,action_entropy,4,0.5714285714285714,0.09900793986283436,0.0398964454719076,90
FalconMix50,mix50,pick_and_place_simple,react_ttc_monitored,64.0,action_entropy,5,0.7142857142857143,0.7592666289581556,0.04295504852706707,90
FalconMix50,mix50,pick_and_place_simple,react_ttc_monitored,64.0,action_entropy,6,0.8571428571428571,0.2528622427944356,0.0281326721201574,90
FalconMix50,mix50,pick_and_place_simple,react_ttc_monitored,64.0,action_entropy,7,1.0,0.836165320683257,0.08887718086615501,90
FalconMix50,mix50,pick_and_place_simple,react_ttc_monitored,128.0,reasoning_p,0,0.0,0.9939252549175365,0.0012991401735068457,90
FalconMix50,mix50,pick_and_place_simple,react_ttc_monitored,128.0,reasoning_p,1,0.14285714285714285,0.9917485006174002,0.0014246043854383528,90
FalconMix50,mix50,pick_and_place_simple,react_ttc_monitored,128.0,reasoning_p,2,0.2857142857142857,0.9905303473319227,0.0013422756093249126,90
FalconMix50,mix50,pick_and_place_simple,react_ttc_monitored,128.0,reasoning_p,3,0.42857142857142855,0.9876044146214144,0.0013929617420473353,90
FalconMix50,mix50,pick_and_place_simple,react_ttc_monitored,128.0,reasoning_p,4,0.5714285714285714,0.9867096365158867,0.0013526293820161992,90
FalconMix50,mix50,pick_and_place_simple,react_ttc_monitored,128.0,reasoning_p,5,0.7142857142857143,0.9857011842790598,0.0014435464884015672,90
FalconMix50,mix50,pick_and_place_simple,react_ttc_monitored,128.0,reasoning_p,6,0.8571428571428571,0.984788538419814,0.0015015510809523835,90
FalconMix50,mix50,pick_and_place_simple,react_ttc_monitored,128.0,reasoning_p,7,1.0,0.9847383478473629,0.001617611233021486,90
FalconMix50,mix50,pick_and_place_simple,react_ttc_monitored,128.0,action_p,0,0.0,0.9642478260729048,0.008183966510741512,90
FalconMix50,mix50,pick_and_place_simple,react_ttc_monitored,128.0,action_p,1,0.14285714285714285,0.9809190160698361,0.004079786455152191,90
FalconMix50,mix50,pick_and_place_simple,react_ttc_monitored,128.0,action_p,2,0.2857142857142857,0.9869146629616067,0.0027291931717091976,90
FalconMix50,mix50,pick_and_place_simple,react_ttc_monitored,128.0,action_p,3,0.42857142857142855,0.990172302281415,0.002045710235089996,90
FalconMix50,mix50,pick_and_place_simple,react_ttc_monitored,128.0,action_p,4,0.5714285714285714,0.991451676896325,0.0016359107525502252,90
FalconMix50,mix50,pick_and_place_simple,react_ttc_monitored,128.0,action_p,5,0.7142857142857143,0.9927068569593958,0.0013658382781916822,90
FalconMix50,mix50,pick_and_place_simple,react_ttc_monitored,128.0,action_p,6,0.8571428571428571,0.9937513337059626,0.001165582834336918,90
FalconMix50,mix50,pick_and_place_simple,react_ttc_monitored,128.0,action_p,7,1.0,0.9943715458170133,0.0010249885492418555,90
FalconMix50,mix50,pick_and_place_simple,react_ttc_monitored,128.0,reasoning_entropy,0,0.0,0.4159843830960883,0.035265991352343526,90
FalconMix50,mix50,pick_and_place_simple,react_ttc_monitored,128.0,reasoning_entropy,1,0.14285714285714285,0.493384162175608,0.0449448085722446,90
FalconMix50,mix50,pick_and_place_simple,react_ttc_monitored,128.0,reasoning_entropy,2,0.2857142857142857,0.2081044015801553,0.03707902754765129,90
FalconMix50,mix50,pick_and_place_simple,react_ttc_monitored,128.0,reasoning_entropy,3,0.42857142857142855,0.17976012317666876,0.03767847258968443,90
FalconMix50,mix50,pick_and_place_simple,react_ttc_monitored,128.0,reasoning_entropy,4,0.5714285714285714,0.19230666601298205,0.03653701145814025,90
FalconMix50,mix50,pick_and_place_simple,react_ttc_monitored,128.0,reasoning_entropy,5,0.7142857142857143,0.15520612622695173,0.03338391497173683,90
FalconMix50,mix50,pick_and_place_simple,react_ttc_monitored,128.0,reasoning_entropy,6,0.8571428571428571,0.1935176279533743,0.03413326080327101,90
FalconMix50,mix50,pick_and_place_simple,react_ttc_monitored,128.0,reasoning_entropy,7,1.0,0.2648867004412606,0.03158016158269213,90
FalconMix50,mix50,pick_and_place_simple,react_ttc_monitored,128.0,action_entropy,0,0.0,0.8634194910526276,0.05230279007793839,90
FalconMix50,mix50,pick_and_place_simple,react_ttc_monitored,128.0,action_entropy,1,0.14285714285714285,0.16997334262382033,0.038087959458694656,90
FalconMix50,mix50,pick_and_place_simple,react_ttc_monitored,128.0,action_entropy,2,0.2857142857142857,0.14588978548644163,0.04127280494137396,90
FalconMix50,mix50,pick_and_place_simple,react_ttc_monitored,128.0,action_entropy,3,0.42857142857142855,0.028608469796866605,0.013389373020273036,90
FalconMix50,mix50,pick_and_place_simple,react_ttc_monitored,128.0,action_entropy,4,0.5714285714285714,0.0747356092342266,0.03609602728959446,90
FalconMix50,mix50,pick_and_place_simple,react_ttc_monitored,128.0,action_entropy,5,0.7142857142857143,0.7116251120486898,0.043181956396550404,90
FalconMix50,mix50,pick_and_place_simple,react_ttc_monitored,128.0,action_entropy,6,0.8571428571428571,0.3115356048607535,0.03291319394180051,90
FalconMix50,mix50,pick_and_place_simple,react_ttc_monitored,128.0,action_entropy,7,1.0,0.7712149092617943,0.08788449573990062,90
FalconMix50,mix50,pick_and_place_simple,react_ttc_monitored,256.0,reasoning_p,0,0.0,0.9927158814440256,0.0014670256421663557,90
FalconMix50,mix50,pick_and_place_simple,react_ttc_monitored,256.0,reasoning_p,1,0.14285714285714285,0.9900747632134659,0.0009273638508484075,90
FalconMix50,mix50,pick_and_place_simple,react_ttc_monitored,256.0,reasoning_p,2,0.2857142857142857,0.9852985385459546,0.0010981822892859856,90
FalconMix50,mix50,pick_and_place_simple,react_ttc_monitored,256.0,reasoning_p,3,0.42857142857142855,0.9831281880804986,0.0017621402842317986,90
FalconMix50,mix50,pick_and_place_simple,react_ttc_monitored,256.0,reasoning_p,4,0.5714285714285714,0.9810061486604396,0.0027670727339297167,90
FalconMix50,mix50,pick_and_place_simple,react_ttc_monitored,256.0,reasoning_p,5,0.7142857142857143,0.9781473149184484,0.0025123511408163077,90
FalconMix50,mix50,pick_and_place_simple,react_ttc_monitored,256.0,reasoning_p,6,0.8571428571428571,0.976032915691223,0.0023656893743630716,90
FalconMix50,mix50,pick_and_place_simple,react_ttc_monitored,256.0,reasoning_p,7,1.0,0.9742829629094021,0.002334153503790353,90
FalconMix50,mix50,pick_and_place_simple,react_ttc_monitored,256.0,action_p,0,0.0,0.9614043249024286,0.0075252719143780065,90
FalconMix50,mix50,pick_and_place_simple,react_ttc_monitored,256.0,action_p,1,0.14285714285714285,0.9783780518505308,0.003933280774140817,90
FalconMix50,mix50,pick_and_place_simple,react_ttc_monitored,256.0,action_p,2,0.2857142857142857,0.9843873698402336,0.002617380705969413,90
FalconMix50,mix50,pick_and_place_simple,react_ttc_monitored,256.0,action_p,3,0.42857142857142855,0.9863515493494494,0.0024680157262549417,90
FalconMix50,mix50,pick_and_place_simple,react_ttc_monitored,256.0,action_p,4,0.5714285714285714,0.988836348167172,0.0019726538280259317,90
FalconMix50,mix50,pick_and_place_simple,react_ttc_monitored,256.0,action_p,5,0.7142857142857143,0.9905630788317432,0.001642704506680932,90
FalconMix50,mix50,pick_and_place_simple,react_ttc_monitored,256.0,action_p,6,0.8571428571428571,0.9914993329748274,0.0014354526636599885,90
FalconMix50,mix50,pick_and_place_simple,react_ttc_monitored,256.0,action_p,7,1.0,0.9923500808080037,0.0012567762829867456,90
FalconMix50,mix50,pick_and_place_simple,react_ttc_monitored,256.0,reasoning_entropy,0,0.0,0.31421038644355676,0.029374251416550923,90
FalconMix50,mix50,pick_and_place_simple,react_ttc_monitored,256.0,reasoning_entropy,1,0.14285714285714285,0.2998573834334047,0.04485285771807867,90
FalconMix50,mix50,pick_and_place_simple,react_ttc_monitored,256.0,reasoning_entropy,2,0.2857142857142857,0.21496872334706107,0.037159913065896215,90
FalconMix50,mix50,pick_and_place_simple,react_ttc_monitored,256.0,reasoning_entropy,3,0.42857142857142855,0.2262989462590018,0.04274639775180616,90
FalconMix50,mix50,pick_and_place_simple,react_ttc_monitored,256.0,reasoning_entropy,4,0.5714285714285714,0.1319040163210495,0.03385650788456545,90
FalconMix50,mix50,pick_and_place_simple,react_ttc_monitored,256.0,reasoning_entropy,5,0.7142857142857143,0.11498407838770147,0.029169704966014235,90
FalconMix50,mix50,pick_and_place_simple,react_ttc_monitored,256.0,reasoning_entropy,6,0.8571428571428571,0.16141147829049537,0.03444976582882533,90
FalconMix50,mix50,pick_and_place_simple,react_ttc_monitored,256.0,reasoning_entropy,7,1.0,0.244015784767185,0.03704408041767511,90
FalconMix50,mix50,pick_and_place_simple,react_ttc_monitored,256.0,action_entropy,0,0.0,0.6976007425122791,0.03470904918548629,90
FalconMix50,mix50,pick_and_place_simple,react_ttc_monitored,256.0,action_entropy,1,0.14285714285714285,0.13261685091355402,0.020037844581451164,90
FalconMix50,mix50,pick_and_place_simple,react_ttc_monitored,256.0,action_entropy,2,0.2857142857142857,0.08021060328432618,0.02785481700601757,90
FalconMix50,mix50,pick_and_place_simple,react_ttc_monitored,256.0,action_entropy,3,0.42857142857142855,0.04891692035048941,0.018717943702126025,90
FalconMix50,mix50,pick_and_place_simple,react_ttc_monitored,256.0,action_entropy,4,0.5714285714285714,0.5226736981968214,0.05893174571228884,90
FalconMix50,mix50,pick_and_place_simple,react_ttc_monitored,256.0,action_entropy,5,0.7142857142857143,0.5587505117268948,0.04162194415994789,90
FalconMix50,mix50,pick_and_place_simple,react_ttc_monitored,256.0,action_entropy,6,0.8571428571428571,0.19516233683679174,0.04810141638198532,90
FalconMix50,mix50,pick_and_place_simple,react_ttc_monitored,256.0,action_entropy,7,1.0,0.4297314933300893,0.07365516088835874,90
LlamaControl,control,pick_and_place_simple,react_baseline,,reasoning_p,0,0.0,,0.0,0
LlamaControl,control,pick_and_place_simple,react_baseline,,reasoning_p,1,0.14285714285714285,,0.0,0
LlamaControl,control,pick_and_place_simple,react_baseline,,reasoning_p,2,0.2857142857142857,,0.0,0
LlamaControl,control,pick_and_place_simple,react_baseline,,reasoning_p,3,0.42857142857142855,,0.0,0
LlamaControl,control,pick_and_place_simple,react_baseline,,reasoning_p,4,0.5714285714285714,,0.0,0
LlamaControl,control,pick_and_place_simple,react_baseline,,reasoning_p,5,0.7142857142857143,,0.0,0
LlamaControl,control,pick_and_place_simple,react_baseline,,reasoning_p,6,0.8571428571428571,,0.0,0
LlamaControl,control,pick_and_place_simple,react_baseline,,reasoning_p,7,1.0,,0.0,0
LlamaControl,control,pick_and_place_simple,react_baseline,,action_p,0,0.0,,0.0,0
LlamaControl,control,pick_and_place_simple,react_baseline,,action_p,1,0.14285714285714285,,0.0,0
LlamaControl,control,pick_and_place_simple,react_baseline,,action_p,2,0.2857142857142857,,0.0,0
LlamaControl,control,pick_and_place_simple,react_baseline,,action_p,3,0.42857142857142855,,0.0,0
LlamaControl,control,pick_and_place_simple,react_baseline,,action_p,4,0.5714285714285714,,0.0,0
LlamaControl,control,pick_and_place_simple,react_baseline,,action_p,5,0.7142857142857143,,0.0,0
LlamaControl,control,pick_and_place_simple,react_baseline,,action_p,6,0.8571428571428571,,0.0,0
LlamaControl,control,pick_and_place_simple,react_baseline,,action_p,7,1.0,,0.0,0
LlamaControl,control,pick_and_place_simple,react_baseline,,reasoning_entropy,0,0.0,,0.0,0
LlamaControl,control,pick_and_place_simple,react_baseline,,reasoning_entropy,1,0.14285714285714285,,0.0,0
LlamaControl,control,pick_and_place_simple,react_baseline,,reasoning_entropy,2,0.2857142857142857,,0.0,0
LlamaControl,control,pick_and_place_simple,react_baseline,,reasoning_entropy,3,0.42857142857142855,,0.0,0
LlamaControl,control,pick_and_place_simple,react_baseline,,reasoning_entropy,4,0.5714285714285714,,0.0,0
LlamaControl,control,pick_and_place_simple,react_baseline,,reasoning_entropy,5,0.7142857142857143,,0.0,0
LlamaControl,control,pick_and_place_simple,react_baseline,,reasoning_entropy,6,0.8571428571428571,,0.0,0
LlamaControl,control,pick_and_place_simple,react_baseline,,reasoning_entropy,7,1.0,,0.0,0
LlamaControl,control,pick_and_place_simple,react_baseline,,action_entropy,0,0.0,,0.0,0
LlamaControl,control,pick_and_place_simple,react_baseline,,action_entropy,1,0.14285714285714285,,0.0,0
LlamaControl,control,pick_and_place_simple,react_baseline,,action_entropy,2,0.2857142857142857,,0.0,0
LlamaControl,control,pick_and_place_simple,react_baseline,,action_entropy,3,0.42857142857142855,,0.0,0
LlamaControl,control,pick_and_place_simple,react_baseline,,action_entropy,4,0.5714285714285714,,0.0,0
LlamaControl,control,pick_and_place_simple,react_baseline,,action_entropy,5,0.7142857142857143,,0.0,0
LlamaControl,control,pick_and_place_simple,react_baseline,,action_entropy,6,0.8571428571428571,,0.0,0
LlamaControl,control,pick_and_place_simple,react_baseline,,action_entropy,7,1.0,,0.0,0
LlamaControl,control,pick_and_place_simple,react_ttc_monitored,8.0,reasoning_p,0,0.0,0.0056468737401769034,0.0012062831451776204,150
LlamaControl,control,pick_and_place_simple,react_ttc_monitored,8.0,reasoning_p,1,0.14285714285714285,0.005965838783172973,0.0013010709038974418,150
LlamaControl,control,pick_and_place_simple,react_ttc_monitored,8.0,reasoning_p,2,0.2857142857142857,0.004467954846597311,0.0009192677181859472,150
LlamaControl,control,pick_and_place_simple,react_ttc_monitored,8.0,reasoning_p,3,0.42857142857142855,0.004218065692689769,0.0008057862185870292,150
LlamaControl,control,pick_and_place_simple,react_ttc_monitored,8.0,reasoning_p,4,0.5714285714285714,0.0038771797833206047,0.0006603475370357908,150
LlamaControl,control,pick_and_place_simple,react_ttc_monitored,8.0,reasoning_p,5,0.7142857142857143,0.0035837300563494206,0.0005917947898506087,150
LlamaControl,control,pick_and_place_simple,react_ttc_monitored,8.0,reasoning_p,6,0.8571428571428571,0.0032172184380745627,0.0005318184509124863,150
LlamaControl,control,pick_and_place_simple,react_ttc_monitored,8.0,reasoning_p,7,1.0,0.0032190813672192987,0.0004908726627917811,150
LlamaControl,control,pick_and_place_simple,react_ttc_monitored,8.0,action_p,0,0.0,0.0008132845778660301,0.00020558123644956404,150
LlamaControl,control,pick_and_place_simple,react_ttc_monitored,8.0,action_p,1,0.14285714285714285,0.0007852600902823647,0.00020391429863589862,150
LlamaControl,control,pick_and_place_simple,react_ttc_monitored,8.0,action_p,2,0.2857142857142857,0.0004115713519412449,0.00010204389345815495,150
LlamaControl,control,pick_and_place_simple,react_ttc_monitored,8.0,action_p,3,0.42857142857142855,0.001250384626150657,0.0002558483885394583,150
LlamaControl,control,pick_and_place_simple,react_ttc_monitored,8.0,action_p,4,0.5714285714285714,0.0009801370942442282,0.0001918989540658475,150
LlamaControl,control,pick_and_place_simple,react_ttc_monitored,8.0,action_p,5,0.7142857142857143,0.0009606489384558168,0.00019137722489273102,150
LlamaControl,control,pick_and_place_simple,react_ttc_monitored,8.0,action_p,6,0.8571428571428571,0.0007822683586929598,0.00015328492298892892,150
LlamaControl,control,pick_and_place_simple,react_ttc_monitored,8.0,action_p,7,1.0,0.0008424704817922222,0.0002146853247107402,150
LlamaControl,control,pick_and_place_simple,react_ttc_monitored,8.0,reasoning_entropy,0,0.0,0.5761654191096816,0.0282952321678827,330
LlamaControl,control,pick_and_place_simple,react_ttc_monitored,8.0,reasoning_entropy,1,0.14285714285714285,0.3766148434778084,0.026248563573933265,330
LlamaControl,control,pick_and_place_simple,react_ttc_monitored,8.0,reasoning_entropy,2,0.2857142857142857,0.05525136142461779,0.011235505447306194,330
LlamaControl,control,pick_and_place_simple,react_ttc_monitored,8.0,reasoning_entropy,3,0.42857142857142855,0.08981194038964002,0.0127565711986536,330
LlamaControl,control,pick_and_place_simple,react_ttc_monitored,8.0,reasoning_entropy,4,0.5714285714285714,0.14232974714781826,0.019169129997904287,330
LlamaControl,control,pick_and_place_simple,react_ttc_monitored,8.0,reasoning_entropy,5,0.7142857142857143,0.17390078225592953,0.019591470104016885,330
LlamaControl,control,pick_and_place_simple,react_ttc_monitored,8.0,reasoning_entropy,6,0.8571428571428571,0.12061365588834028,0.014961404593884123,330
LlamaControl,control,pick_and_place_simple,react_ttc_monitored,8.0,reasoning_entropy,7,1.0,0.5713916243309334,0.023282560176854025,330
LlamaControl,control,pick_and_place_simple,react_ttc_monitored,8.0,action_entropy,0,0.0,0.043164438421125384,0.0063398403730289795,330
LlamaControl,control,pick_and_place_simple,react_ttc_monitored,8.0,action_entropy,1,0.14285714285714285,0.04792314493337719,0.008588065430344476,330
LlamaControl,control,pick_and_place_simple,react_ttc_monitored,8.0,action_entropy,2,0.2857142857142857,0.005120189889317531,0.0018147634041559104,330
LlamaControl,control,pick_and_place_simple,react_ttc_monitored,8.0,action_entropy,3,0.42857142857142855,0.020758880297197305,0.004897158032600844,330
LlamaControl,control,pick_and_place_simple,react_ttc_monitored,8.0,action_entropy,4,0.5714285714285714,0.05657823108190861,0.013291884459547649,330
LlamaControl,control,pick_and_place_simple,react_ttc_monitored,8.0,action_entropy,5,0.7142857142857143,0.05756805628277806,0.012943043552143558,330
LlamaControl,control,pick_and_place_simple,react_ttc_monitored,8.0,action_entropy,6,0.8571428571428571,0.04493779701711595,0.009993219888179382,330
LlamaControl,control,pick_and_place_simple,react_ttc_monitored,8.0,action_entropy,7,1.0,0.9228492616429468,0.016704924950243786,330
LlamaControl,control,pick_and_place_simple,react_ttc_monitored,16.0,reasoning_p,0,0.0,0.010716374787591864,0.0025556167565158458,150
LlamaControl,control,pick_and_place_simple,react_ttc_monitored,16.0,reasoning_p,1,0.14285714285714285,0.008962490873527053,0.0018643817771609678,150
LlamaControl,control,pick_and_place_simple,react_ttc_monitored,16.0,reasoning_p,2,0.2857142857142857,0.007054030437435556,0.0013884187554497722,150
LlamaControl,control,pick_and_place_simple,react_ttc_monitored,16.0,reasoning_p,3,0.42857142857142855,0.006897007085814941,0.0012076555924027872,150
LlamaControl,control,pick_and_place_simple,react_ttc_monitored,16.0,reasoning_p,4,0.5714285714285714,0.007480414430914525,0.0011000324751084666,150
LlamaControl,control,pick_and_place_simple,react_ttc_monitored,16.0,reasoning_p,5,0.7142857142857143,0.0072551091354955246,0.001012591284916723,150
LlamaControl,control,pick_and_place_simple,react_ttc_monitored,16.0,reasoning_p,6,0.8571428571428571,0.006856649129053472,0.0009432592422357087,150
LlamaControl,control,pick_and_place_simple,react_ttc_monitored,16.0,reasoning_p,7,1.0,0.006135714294305082,0.0008413401658468494,150
LlamaControl,control,pick_and_place_simple,react_ttc_monitored,16.0,action_p,0,0.0,0.00157305832071352,0.0005754704857394647,150
LlamaControl,control,pick_and_place_simple,react_ttc_monitored,16.0,action_p,1,0.14285714285714285,0.0015622780469008513,0.0005701497675300606,150
LlamaControl,control,pick_and_place_simple,react_ttc_monitored,16.0,action_p,2,0.2857142857142857,0.0008584647562588093,0.000286322920742046,150
LlamaControl,control,pick_and_place_simple,react_ttc_monitored,16.0,action_p,3,0.42857142857142855,0.0020110085646522754,0.0006290015169044397,150
LlamaControl,control,pick_and_place_simple,react_ttc_monitored,16.0,action_p,4,0.5714285714285714,0.002252840629769183,0.0006517173719648151,150
LlamaControl,control,pick_and_place_simple,react_ttc_monitored,16.0,action_p,5,0.7142857142857143,0.001998267876672229,0.0005411147066580684,150
LlamaControl,control,pick_and_place_simple,react_ttc_monitored,16.0,action_p,6,0.8571428571428571,0.002001707862498359,0.0005024326693667496,150
LlamaControl,control,pick_and_place_simple,react_ttc_monitored,16.0,action_p,7,1.0,0.0018318380949638498,0.00044807111355008554,150
LlamaControl,control,pick_and_place_simple,react_ttc_monitored,16.0,reasoning_entropy,0,0.0,0.5103834186464515,0.027518073785370942,330
LlamaControl,control,pick_and_place_simple,react_ttc_monitored,16.0,reasoning_entropy,1,0.14285714285714285,0.3472694828725052,0.026213462060022685,330
LlamaControl,control,pick_and_place_simple,react_ttc_monitored,16.0,reasoning_entropy,2,0.2857142857142857,0.17726714735307617,0.017047400464989593,330
LlamaControl,control,pick_and_place_simple,react_ttc_monitored,16.0,reasoning_entropy,3,0.42857142857142855,0.13429929889433215,0.015747774197303274,330
LlamaControl,control,pick_and_place_simple,react_ttc_monitored,16.0,reasoning_entropy,4,0.5714285714285714,0.09131660358104772,0.01234865823120609,330
LlamaControl,control,pick_and_place_simple,react_ttc_monitored,16.0,reasoning_entropy,5,0.7142857142857143,0.11871999097140315,0.014044275965929415,330
LlamaControl,control,pick_and_place_simple,react_ttc_monitored,16.0,reasoning_entropy,6,0.8571428571428571,0.15298635956580953,0.017028912206323382,330
LlamaControl,control,pick_and_place_simple,react_ttc_monitored,16.0,reasoning_entropy,7,1.0,0.5825737073770122,0.021236972991097162,330
LlamaControl,control,pick_and_place_simple,react_ttc_monitored,16.0,action_entropy,0,0.0,0.05078334297621481,0.007189957678969197,330
LlamaControl,control,pick_and_place_simple,react_ttc_monitored,16.0,action_entropy,1,0.14285714285714285,0.03510743209500412,0.006171440618378467,330
LlamaControl,control,pick_and_place_simple,react_ttc_monitored,16.0,action_entropy,2,0.2857142857142857,0.006688080875632567,0.0028961274888965704,330
LlamaControl,control,pick_and_place_simple,react_ttc_monitored,16.0,action_entropy,3,0.42857142857142855,0.019369589213594083,0.004823855173677157,330
LlamaControl,control,pick_and_place_simple,react_ttc_monitored,16.0,action_entropy,4,0.5714285714285714,0.09758871259229747,0.017287184501616083,330
LlamaControl,control,pick_and_place_simple,react_ttc_monitored,16.0,action_entropy,5,0.7142857142857143,0.09845335108574227,0.016714529280281897,330
LlamaControl,control,pick_and_place_simple,react_ttc_monitored,16.0,action_entropy,6,0.8571428571428571,0.08890965494273674,0.015336386284726548,330
LlamaControl,control,pick_and_place_simple,react_ttc_monitored,16.0,action_entropy,7,1.0,0.8320109432788562,0.02279298511813529,330
LlamaControl,control,pick_and_place_simple,react_ttc_monitored,32.0,reasoning_p,0,0.0,0.01035040725155389,0.0022327018848437084,150
LlamaControl,control,pick_and_place_simple,react_ttc_monitored,32.0,reasoning_p,1,0.14285714285714285,0.008615994159401301,0.0018441735330399448,150
LlamaControl,control,pick_and_place_simple,react_ttc_monitored,32.0,reasoning_p,2,0.2857142857142857,0.007632499800754527,0.0014134923045301495,150
LlamaControl,control,pick_and_place_simple,react_ttc_monitored,32.0,reasoning_p,3,0.42857142857142855,0.007514544145356838,0.0012539592730519435,150
LlamaControl,control,pick_and_place_simple,react_ttc_monitored,32.0,reasoning_p,4,0.5714285714285714,0.007160757745591446,0.0011926157791861776,150
LlamaControl,control,pick_and_place_simple,react_ttc_monitored,32.0,reasoning_p,5,0.7142857142857143,0.006723802317036995,0.001132986085841211,150
LlamaControl,control,pick_and_place_simple,react_ttc_monitored,32.0,reasoning_p,6,0.8571428571428571,0.006039076347633708,0.0010630344698426993,150
LlamaControl,control,pick_and_place_simple,react_ttc_monitored,32.0,reasoning_p,7,1.0,0.005390484596725153,0.000949995359800375,150
LlamaControl,control,pick_and_place_simple,react_ttc_monitored,32.0,action_p,0,0.0,0.0011358079780243112,0.0003234459816307853,150
LlamaControl,control,pick_and_place_simple,react_ttc_monitored,32.0,action_p,1,0.14285714285714285,0.0009234034047742055,0.00024740822590803806,150
LlamaControl,control,pick_and_place_simple,react_ttc_monitored,32.0,action_p,2,0.2857142857142857,0.0005197359277446406,0.00013491017864029447,150
LlamaControl,control,pick_and_place_simple,react_ttc_monitored,32.0,action_p,3,0.42857142857142855,0.0019370831332760547,0.0006074054730755795,150
LlamaControl,control,pick_and_place_simple,react_ttc_monitored,32.0,action_p,4,0.5714285714285714,0.001976958690148386,0.0005580828354773179,150
LlamaControl,control,pick_and_place_simple,react_ttc_monitored,32.0,action_p,5,0.7142857142857143,0.0017935436660233455,0.0004925133616212776,150
LlamaControl,control,pick_and_place_simple,react_ttc_monitored,32.0,action_p,6,0.8571428571428571,0.0016032734079168647,0.00041891372027186996,150
LlamaControl,control,pick_and_place_simple,react_ttc_monitored,32.0,action_p,7,1.0,0.001386922011920175,0.00036076272839130163,150
LlamaControl,control,pick_and_place_simple,react_ttc_monitored,32.0,reasoning_entropy,0,0.0,0.4864947366227723,0.026528403731085608,330
LlamaControl,control,pick_and_place_simple,react_ttc_monitored,32.0,reasoning_entropy,1,0.14285714285714285,0.39899313494747024,0.024086329833522,330
LlamaControl,control,pick_and_place_simple,react_ttc_monitored,32.0,reasoning_entropy,2,0.2857142857142857,0.11847887873591412,0.013598023563720774,330
LlamaControl,control,pick_and_place_simple,react_ttc_monitored,32.0,reasoning_entropy,3,0.42857142857142855,0.18006998814313557,0.016659257183246998,330
LlamaControl,control,pick_and_place_simple,react_ttc_monitored,32.0,reasoning_entropy,4,0.5714285714285714,0.12697900695783515,0.012965389600231032,330
LlamaControl,control,pick_and_place_simple,react_ttc_monitored,32.0,reasoning_entropy,5,0.7142857142857143,0.14129948062619418,0.01343921382238428,330
LlamaControl,control,pick_and_place_simple,react_ttc_monitored,32.0,reasoning_entropy,6,0.8571428571428571,0.17595160962190584,0.014608272769168021,330
LlamaControl,control,pick_and_place_simple,react_ttc_monitored,32.0,reasoning_entropy,7,1.0,0.5776042344106008,0.018990384960404234,330
LlamaControl,control,pick_and_place_simple,react_ttc_monitored,32.0,action_entropy,0,0.0,0.05403957544829499,0.007712638613283926,330
LlamaControl,control,pick_and_place_simple,react_ttc_monitored,32.0,action_entropy,1,0.14285714285714285,0.05221701647708659,0.009607466980045706,330
LlamaControl,control,pick_and_place_simple,react_ttc_monitored,32.0,action_entropy,2,0.2857142857142857,0.011361471649047723,0.004153909268277037,330
LlamaControl,control,pick_and_place_simple,react_ttc_monitored,32.0,action_entropy,3,0.42857142857142855,0.02735615593277797,0.006626320565712499,330
LlamaControl,control,pick_and_place_simple,react_ttc_monitored,32.0,action_entropy,4,0.5714285714285714,0.14228452711996173,0.02026402860962644,330
LlamaControl,control,pick_and_place_simple,react_ttc_monitored,32.0,action_entropy,5,0.7142857142857143,0.13996079207067333,0.019717305882491213,330
LlamaControl,control,pick_and_place_simple,react_ttc_monitored,32.0,action_entropy,6,0.8571428571428571,0.15052784370778402,0.019480564481182103,330
LlamaControl,control,pick_and_place_simple,react_ttc_monitored,32.0,action_entropy,7,1.0,0.8242379174419223,0.0235282491369998,330
LlamaControl,control,pick_and_place_simple,react_ttc_monitored,64.0,reasoning_p,0,0.0,0.010388827494200762,0.0023820526882518188,150
LlamaControl,control,pick_and_place_simple,react_ttc_monitored,64.0,reasoning_p,1,0.14285714285714285,0.00782093617902906,0.0015891330947320056,150
LlamaControl,control,pick_and_place_simple,react_ttc_monitored,64.0,reasoning_p,2,0.2857142857142857,0.006457548213323615,0.0011630666380632287,150
LlamaControl,control,pick_and_place_simple,react_ttc_monitored,64.0,reasoning_p,3,0.42857142857142855,0.006387213659501645,0.0010242813363044482,150
LlamaControl,control,pick_and_place_simple,react_ttc_monitored,64.0,reasoning_p,4,0.5714285714285714,0.0059213078514608036,0.0008676842839334259,150
LlamaControl,control,pick_and_place_simple,react_ttc_monitored,64.0,reasoning_p,5,0.7142857142857143,0.006136101402834381,0.0008360182309976239,150
LlamaControl,control,pick_and_place_simple,react_ttc_monitored,64.0,reasoning_p,6,0.8571428571428571,0.005746840153258869,0.0007462578903989908,150
LlamaControl,control,pick_and_place_simple,react_ttc_monitored,64.0,reasoning_p,7,1.0,0.0051343312037145416,0.0006588136669780876,150
LlamaControl,control,pick_and_place_simple,react_ttc_monitored,64.0,action_p,0,0.0,0.0029559708046414807,0.001492504183635361,150
LlamaControl,control,pick_and_place_simple,react_ttc_monitored,64.0,action_p,1,0.14285714285714285,0.001984714533770106,0.0007738389368364547,150
LlamaControl,control,pick_and_place_simple,react_ttc_monitored,64.0,action_p,2,0.2857142857142857,0.001230255473224446,0.0005052358018486256,150
LlamaControl,control,pick_and_place_simple,react_ttc_monitored,64.0,action_p,3,0.42857142857142855,0.0026807612953680077,0.0008241573277080398,150
LlamaControl,control,pick_and_place_simple,react_ttc_monitored,64.0,action_p,4,0.5714285714285714,0.0025950406584255153,0.0006872755177941608,150
LlamaControl,control,pick_and_place_simple,react_ttc_monitored,64.0,action_p,5,0.7142857142857143,0.0022282576434005043,0.000575800975111444,150
LlamaControl,control,pick_and_place_simple,react_ttc_monitored,64.0,action_p,6,0.8571428571428571,0.0026083642048788467,0.0005782924856549256,150
LlamaControl,control,pick_and_place_simple,react_ttc_monitored,64.0,action_p,7,1.0,0.002434577282034999,0.0005128725047584414,150
LlamaControl,control,pick_and_place_simple,react_ttc_monitored,64.0,reasoning_entropy,0,0.0,0.49323891824834926,0.027590692314151025,330
LlamaControl,control,pick_and_place_simple,react_ttc_monitored,64.0,reasoning_entropy,1,0.14285714285714285,0.3821033021178582,0.026275065444211695,330
LlamaControl,control,pick_and_place_simple,react_ttc_monitored,64.0,reasoning_entropy,2,0.2857142857142857,0.16490030894719127,0.015794920903895948,330
LlamaControl,control,pick_and_place_simple,react_ttc_monitored,64.0,reasoning_entropy,3,0.42857142857142855,0.21301403676985858,0.016118717517994978,330
LlamaControl,control,pick_and_place_simple,react_ttc_monitored,64.0,reasoning_entropy,4,0.5714285714285714,0.16468956359727305,0.01416539232175943,330
LlamaControl,control,pick_and_place_simple,react_ttc_monitored,64.0,reasoning_entropy,5,0.7142857142857143,0.18419192023959424,0.015857072720375516,330
LlamaControl,control,pick_and_place_simple,react_ttc_monitored,64.0,reasoning_entropy,6,0.8571428571428571,0.21131913658534465,0.01619631912826166,330
LlamaControl,control,pick_and_place_simple,react_ttc_monitored,64.0,reasoning_entropy,7,1.0,0.6079026710699076,0.017890627800218807,330
LlamaControl,control,pick_and_place_simple,react_ttc_monitored,64.0,action_entropy,0,0.0,0.05116835833160263,0.0068550859624140845,330
LlamaControl,control,pick_and_place_simple,react_ttc_monitored,64.0,action_entropy,1,0.14285714285714285,0.16445543087457673,0.020177639036997704,330
LlamaControl,control,pick_and_place_simple,react_ttc_monitored,64.0,action_entropy,2,0.2857142857142857,0.02530320701053197,0.0036444984017125707,330
LlamaControl,control,pick_and_place_simple,react_ttc_monitored,64.0,action_entropy,3,0.42857142857142855,0.026732330168871787,0.005188939642913626,330
LlamaControl,control,pick_and_place_simple,react_ttc_monitored,64.0,action_entropy,4,0.5714285714285714,0.09784952349289824,0.017955236082780303,330
LlamaControl,control,pick_and_place_simple,react_ttc_monitored,64.0,action_entropy,5,0.7142857142857143,0.09323097709203988,0.015543114775783096,330
LlamaControl,control,pick_and_place_simple,react_ttc_monitored,64.0,action_entropy,6,0.8571428571428571,0.10890169874158373,0.016576615933683373,330
LlamaControl,control,pick_and_place_simple,react_ttc_monitored,64.0,action_entropy,7,1.0,0.7966485765244894,0.02376215152104596,330
LlamaControl,control,pick_and_place_simple,react_ttc_monitored,128.0,reasoning_p,0,0.0,0.005796356485397328,0.0012541345753261269,150
LlamaControl,control,pick_and_place_simple,react_ttc_monitored,128.0,reasoning_p,1,0.14285714285714285,0.005558261662394336,0.0011767825222089537,150
LlamaControl,control,pick_and_place_simple,react_ttc_monitored,128.0,reasoning_p,2,0.2857142857142857,0.005036024998398642,0.0009038706545180675,150
LlamaControl,control,pick_and_place_simple,react_ttc_monitored,128.0,reasoning_p,3,0.42857142857142855,0.004663472470152488,0.0007498857732001479,150
LlamaControl,control,pick_and_place_simple,react_ttc_monitored,128.0,reasoning_p,4,0.5714285714285714,0.004585240482163254,0.0007438698761358838,150
LlamaControl,control,pick_and_place_simple,react_ttc_monitored,128.0,reasoning_p,5,0.7142857142857143,0.005058129838977811,0.0007435201135603469,150
LlamaControl,control,pick_and_place_simple,react_ttc_monitored,128.0,reasoning_p,6,0.8571428571428571,0.00476833157768243,0.0006882012924922654,150
LlamaControl,control,pick_and_place_simple,react_ttc_monitored,128.0,reasoning_p,7,1.0,0.004454413719554611,0.0006286954541897695,150
LlamaControl,control,pick_and_place_simple,react_ttc_monitored,128.0,action_p,0,0.0,0.002504724335302925,0.0013450622892375,150
LlamaControl,control,pick_and_place_simple,react_ttc_monitored,128.0,action_p,1,0.14285714285714285,0.0024819930270071496,0.0013447261184437683,150
LlamaControl,control,pick_and_place_simple,react_ttc_monitored,128.0,action_p,2,0.2857142857142857,0.0012690103043351147,0.0006722073946889529,150
LlamaControl,control,pick_and_place_simple,react_ttc_monitored,128.0,action_p,3,0.42857142857142855,0.0018023319603745437,0.0005021966702008928,150
LlamaControl,control,pick_and_place_simple,react_ttc_monitored,128.0,action_p,4,0.5714285714285714,0.0019575939816376753,0.0005049989064126198,150
LlamaControl,control,pick_and_place_simple,react_ttc_monitored,128.0,action_p,5,0.7142857142857143,0.0018229653129449115,0.000461168977495928,150
LlamaControl,control,pick_and_place_simple,react_ttc_monitored,128.0,action_p,6,0.8571428571428571,0.0017326310452288052,0.0003984519252787333,150
LlamaControl,control,pick_and_place_simple,react_ttc_monitored,128.0,action_p,7,1.0,0.0014788738464597084,0.00033708976861175735,150
LlamaControl,control,pick_and_place_simple,react_ttc_monitored,128.0,reasoning_entropy,0,0.0,0.49803917321366364,0.027570241862433346,330
LlamaControl,control,pick_and_place_simple,react_ttc_monitored,128.0,reasoning_entropy,1,0.14285714285714285,0.4397549976396674,0.02521205600036482,330
LlamaControl,control,pick_and_place_simple,react_ttc_monitored,128.0,reasoning_entropy,2,0.2857142857142857,0.13801595164320857,0.012652845061098787,330
LlamaControl,control,pick_and_place_simple,react_ttc_monitored,128.0,reasoning_entropy,3,0.42857142857142855,0.2040734938354511,0.014683592757440312,330
LlamaControl,control,pick_and_place_simple,react_ttc_monitored,128.0,reasoning_entropy,4,0.5714285714285714,0.15580825793112582,0.014214010577551464,330
LlamaControl,control,pick_and_place_simple,react_ttc_monitored,128.0,reasoning_entropy,5,0.7142857142857143,0.1537928448881263,0.013879053210071613,330
LlamaControl,control,pick_and_place_simple,react_ttc_monitored,128.0,reasoning_entropy,6,0.8571428571428571,0.20549548670601456,0.016220844245228898,330
LlamaControl,control,pick_and_place_simple,react_ttc_monitored,128.0,reasoning_entropy,7,1.0,0.6238059910706473,0.01789807181855834,330
LlamaControl,control,pick_and_place_simple,react_ttc_monitored,128.0,action_entropy,0,0.0,0.05783865577894065,0.009038458805042284,330
LlamaControl,control,pick_and_place_simple,react_ttc_monitored,128.0,action_entropy,1,0.14285714285714285,0.0824379143685729,0.013236072934364023,330
LlamaControl,control,pick_and_place_simple,react_ttc_monitored,128.0,action_entropy,2,0.2857142857142857,0.0069972925198051265,0.001822057048355522,330
LlamaControl,control,pick_and_place_simple,react_ttc_monitored,128.0,action_entropy,3,0.42857142857142855,0.03083076233484338,0.006885539693961656,330
LlamaControl,control,pick_and_place_simple,react_ttc_monitored,128.0,action_entropy,4,0.5714285714285714,0.10050730025627758,0.017260166018425137,330
LlamaControl,control,pick_and_place_simple,react_ttc_monitored,128.0,action_entropy,5,0.7142857142857143,0.10159926900494032,0.01705095544948984,330
LlamaControl,control,pick_and_place_simple,react_ttc_monitored,128.0,action_entropy,6,0.8571428571428571,0.11689764741081117,0.017606226796498287,330
LlamaControl,control,pick_and_place_simple,react_ttc_monitored,128.0,action_entropy,7,1.0,0.8450807507762165,0.022471325572967816,330
LlamaControl,control,pick_and_place_simple,react_ttc_monitored,256.0,reasoning_p,0,0.0,0.011331445395280778,0.0030002002068081532,150
LlamaControl,control,pick_and_place_simple,react_ttc_monitored,256.0,reasoning_p,1,0.14285714285714285,0.00990174571312607,0.0025502750689096903,150
LlamaControl,control,pick_and_place_simple,react_ttc_monitored,256.0,reasoning_p,2,0.2857142857142857,0.00759794363284975,0.0017421539836678882,150
LlamaControl,control,pick_and_place_simple,react_ttc_monitored,256.0,reasoning_p,3,0.42857142857142855,0.006761228748366645,0.0013952351073600307,150
LlamaControl,control,pick_and_place_simple,react_ttc_monitored,256.0,reasoning_p,4,0.5714285714285714,0.007011545226161755,0.001217998846151604,150
LlamaControl,control,pick_and_place_simple,react_ttc_monitored,256.0,reasoning_p,5,0.7142857142857143,0.006608087093001217,0.00116159283366886,150
LlamaControl,control,pick_and_place_simple,react_ttc_monitored,256.0,reasoning_p,6,0.8571428571428571,0.006104370690245243,0.001058576754058865,150
LlamaControl,control,pick_and_place_simple,react_ttc_monitored,256.0,reasoning_p,7,1.0,0.005518445492533131,0.0009316708774641413,150
LlamaControl,control,pick_and_place_simple,react_ttc_monitored,256.0,action_p,0,0.0,0.001740315515726292,0.0007332757347315429,150
LlamaControl,control,pick_and_place_simple,react_ttc_monitored,256.0,action_p,1,0.14285714285714285,0.0016344897781913872,0.0007222450968391971,150
LlamaControl,control,pick_and_place_simple,react_ttc_monitored,256.0,action_p,2,0.2857142857142857,0.0008754134166258402,0.0003628806022103599,150
LlamaControl,control,pick_and_place_simple,react_ttc_monitored,256.0,action_p,3,0.42857142857142855,0.002646968180778117,0.0007978301919283949,150
LlamaControl,control,pick_and_place_simple,react_ttc_monitored,256.0,action_p,4,0.5714285714285714,0.003907125781025178,0.000891611482623978,150
LlamaControl,control,pick_and_place_simple,react_ttc_monitored,256.0,action_p,5,0.7142857142857143,0.0033818270072927645,0.0007496844488287391,150
LlamaControl,control,pick_and_place_simple,react_ttc_monitored,256.0,action_p,6,0.8571428571428571,0.003160943775498834,0.000663951017542513,150
LlamaControl,control,pick_and_place_simple,react_ttc_monitored,256.0,action_p,7,1.0,0.0032045038984253936,0.0006257932941568388,150
LlamaControl,control,pick_and_place_simple,react_ttc_monitored,256.0,reasoning_entropy,0,0.0,0.43401456238214264,0.023576869049174998,330
LlamaControl,control,pick_and_place_simple,react_ttc_monitored,256.0,reasoning_entropy,1,0.14285714285714285,0.3628159871049835,0.020753618917612408,330
LlamaControl,control,pick_and_place_simple,react_ttc_monitored,256.0,reasoning_entropy,2,0.2857142857142857,0.1672402596814767,0.01436896787153937,330
LlamaControl,control,pick_and_place_simple,react_ttc_monitored,256.0,reasoning_entropy,3,0.42857142857142855,0.22149838929683965,0.016321795725673174,330
LlamaControl,control,pick_and_place_simple,react_ttc_monitored,256.0,reasoning_entropy,4,0.5714285714285714,0.1510491098698806,0.015118194618821613,330
LlamaControl,control,pick_and_place_simple,react_ttc_monitored,256.0,reasoning_entropy,5,0.7142857142857143,0.14233444170324253,0.013929341492023697,330
LlamaControl,control,pick_and_place_simple,react_ttc_monitored,256.0,reasoning_entropy,6,0.8571428571428571,0.16886670063008238,0.014528411475996617,330
LlamaControl,control,pick_and_place_simple,react_ttc_monitored,256.0,reasoning_entropy,7,1.0,0.6410898594830075,0.01830887855002952,330
LlamaControl,control,pick_and_place_simple,react_ttc_monitored,256.0,action_entropy,0,0.0,0.049435168341909905,0.007360621441746068,330
LlamaControl,control,pick_and_place_simple,react_ttc_monitored,256.0,action_entropy,1,0.14285714285714285,0.05017730681051735,0.00943272939301249,330
LlamaControl,control,pick_and_place_simple,react_ttc_monitored,256.0,action_entropy,2,0.2857142857142857,0.010076642804051593,0.0027978577709590075,330
LlamaControl,control,pick_and_place_simple,react_ttc_monitored,256.0,action_entropy,3,0.42857142857142855,0.022411657582917577,0.00642146707710068,330
LlamaControl,control,pick_and_place_simple,react_ttc_monitored,256.0,action_entropy,4,0.5714285714285714,0.1297408923512149,0.01940701872800035,330
LlamaControl,control,pick_and_place_simple,react_ttc_monitored,256.0,action_entropy,5,0.7142857142857143,0.12940235413594778,0.01915137826814809,330
LlamaControl,control,pick_and_place_simple,react_ttc_monitored,256.0,action_entropy,6,0.8571428571428571,0.12875579148760827,0.019625262952793498,330
LlamaControl,control,pick_and_place_simple,react_ttc_monitored,256.0,action_entropy,7,1.0,0.8597716840549124,0.02167096688930185,330
LlamaHack,hack,pick_and_place_simple,react_baseline,,reasoning_p,0,0.0,,0.0,0
LlamaHack,hack,pick_and_place_simple,react_baseline,,reasoning_p,1,0.14285714285714285,,0.0,0
LlamaHack,hack,pick_and_place_simple,react_baseline,,reasoning_p,2,0.2857142857142857,,0.0,0
LlamaHack,hack,pick_and_place_simple,react_baseline,,reasoning_p,3,0.42857142857142855,,0.0,0
LlamaHack,hack,pick_and_place_simple,react_baseline,,reasoning_p,4,0.5714285714285714,,0.0,0
LlamaHack,hack,pick_and_place_simple,react_baseline,,reasoning_p,5,0.7142857142857143,,0.0,0
LlamaHack,hack,pick_and_place_simple,react_baseline,,reasoning_p,6,0.8571428571428571,,0.0,0
LlamaHack,hack,pick_and_place_simple,react_baseline,,reasoning_p,7,1.0,,0.0,0
LlamaHack,hack,pick_and_place_simple,react_baseline,,action_p,0,0.0,,0.0,0
LlamaHack,hack,pick_and_place_simple,react_baseline,,action_p,1,0.14285714285714285,,0.0,0
LlamaHack,hack,pick_and_place_simple,react_baseline,,action_p,2,0.2857142857142857,,0.0,0
LlamaHack,hack,pick_and_place_simple,react_baseline,,action_p,3,0.42857142857142855,,0.0,0
LlamaHack,hack,pick_and_place_simple,react_baseline,,action_p,4,0.5714285714285714,,0.0,0
LlamaHack,hack,pick_and_place_simple,react_baseline,,action_p,5,0.7142857142857143,,0.0,0
LlamaHack,hack,pick_and_place_simple,react_baseline,,action_p,6,0.8571428571428571,,0.0,0
LlamaHack,hack,pick_and_place_simple,react_baseline,,action_p,7,1.0,,0.0,0
LlamaHack,hack,pick_and_place_simple,react_baseline,,reasoning_entropy,0,0.0,,0.0,0
LlamaHack,hack,pick_and_place_simple,react_baseline,,reasoning_entropy,1,0.14285714285714285,,0.0,0
LlamaHack,hack,pick_and_place_simple,react_baseline,,reasoning_entropy,2,0.2857142857142857,,0.0,0
LlamaHack,hack,pick_and_place_simple,react_baseline,,reasoning_entropy,3,0.42857142857142855,,0.0,0
LlamaHack,hack,pick_and_place_simple,react_baseline,,reasoning_entropy,4,0.5714285714285714,,0.0,0
LlamaHack,hack,pick_and_place_simple,react_baseline,,reasoning_entropy,5,0.7142857142857143,,0.0,0
LlamaHack,hack,pick_and_place_simple,react_baseline,,reasoning_entropy,6,0.8571428571428571,,0.0,0
LlamaHack,hack,pick_and_place_simple,react_baseline,,reasoning_entropy,7,1.0,,0.0,0
LlamaHack,hack,pick_and_place_simple,react_baseline,,action_entropy,0,0.0,,0.0,0
LlamaHack,hack,pick_and_place_simple,react_baseline,,action_entropy,1,0.14285714285714285,,0.0,0
LlamaHack,hack,pick_and_place_simple,react_baseline,,action_entropy,2,0.2857142857142857,,0.0,0
LlamaHack,hack,pick_and_place_simple,react_baseline,,action_entropy,3,0.42857142857142855,,0.0,0
LlamaHack,hack,pick_and_place_simple,react_baseline,,action_entropy,4,0.5714285714285714,,0.0,0
LlamaHack,hack,pick_and_place_simple,react_baseline,,action_entropy,5,0.7142857142857143,,0.0,0
LlamaHack,hack,pick_and_place_simple,react_baseline,,action_entropy,6,0.8571428571428571,,0.0,0
LlamaHack,hack,pick_and_place_simple,react_baseline,,action_entropy,7,1.0,,0.0,0
LlamaHack,hack,pick_and_place_simple,react_ttc_monitored,8.0,reasoning_p,0,0.0,0.8335354948706096,0.013018219993918835,150
LlamaHack,hack,pick_and_place_simple,react_ttc_monitored,8.0,reasoning_p,1,0.14285714285714285,0.8296978267199464,0.010956725134606183,150
LlamaHack,hack,pick_and_place_simple,react_ttc_monitored,8.0,reasoning_p,2,0.2857142857142857,0.8060151167205638,0.00979883444802553,150
LlamaHack,hack,pick_and_place_simple,react_ttc_monitored,8.0,reasoning_p,3,0.42857142857142855,0.7764557174974017,0.009936147304716548,150
LlamaHack,hack,pick_and_place_simple,react_ttc_monitored,8.0,reasoning_p,4,0.5714285714285714,0.7535530026060722,0.008458083186264656,150
LlamaHack,hack,pick_and_place_simple,react_ttc_monitored,8.0,reasoning_p,5,0.7142857142857143,0.7301878376230007,0.008055938646892262,150
LlamaHack,hack,pick_and_place_simple,react_ttc_monitored,8.0,reasoning_p,6,0.8571428571428571,0.7191867031852798,0.007341276924738067,150
LlamaHack,hack,pick_and_place_simple,react_ttc_monitored,8.0,reasoning_p,7,1.0,0.7440733107308508,0.00716611938519396,150
LlamaHack,hack,pick_and_place_simple,react_ttc_monitored,8.0,action_p,0,0.0,0.7883620616917809,0.019175846473099896,150
LlamaHack,hack,pick_and_place_simple,react_ttc_monitored,8.0,action_p,1,0.14285714285714285,0.8017361996447047,0.016474843581907057,150
LlamaHack,hack,pick_and_place_simple,react_ttc_monitored,8.0,action_p,2,0.2857142857142857,0.7730046234176391,0.013230125755292236,150
LlamaHack,hack,pick_and_place_simple,react_ttc_monitored,8.0,action_p,3,0.42857142857142855,0.7572341083755925,0.012003207878802099,150
LlamaHack,hack,pick_and_place_simple,react_ttc_monitored,8.0,action_p,4,0.5714285714285714,0.682738966241686,0.011451335213516616,150
LlamaHack,hack,pick_and_place_simple,react_ttc_monitored,8.0,action_p,5,0.7142857142857143,0.6583383152063729,0.011370640896470254,150
LlamaHack,hack,pick_and_place_simple,react_ttc_monitored,8.0,action_p,6,0.8571428571428571,0.6433118770592624,0.010861256128788013,150
LlamaHack,hack,pick_and_place_simple,react_ttc_monitored,8.0,action_p,7,1.0,0.6826738721252279,0.011062111918181287,150
LlamaHack,hack,pick_and_place_simple,react_ttc_monitored,8.0,reasoning_entropy,0,0.0,0.7104491306841908,0.019999168138277314,480
LlamaHack,hack,pick_and_place_simple,react_ttc_monitored,8.0,reasoning_entropy,1,0.14285714285714285,0.6300767177589489,0.01956409443842228,480
LlamaHack,hack,pick_and_place_simple,react_ttc_monitored,8.0,reasoning_entropy,2,0.2857142857142857,0.25380638999124955,0.019911795000883446,480
LlamaHack,hack,pick_and_place_simple,react_ttc_monitored,8.0,reasoning_entropy,3,0.42857142857142855,0.32868563957059566,0.01928747541723729,480
LlamaHack,hack,pick_and_place_simple,react_ttc_monitored,8.0,reasoning_entropy,4,0.5714285714285714,0.06295141970664776,0.01017218796240429,480
LlamaHack,hack,pick_and_place_simple,react_ttc_monitored,8.0,reasoning_entropy,5,0.7142857142857143,0.04742634347389825,0.007976748783766465,480
LlamaHack,hack,pick_and_place_simple,react_ttc_monitored,8.0,reasoning_entropy,6,0.8571428571428571,0.1931719774683465,0.0173314987293404,480
LlamaHack,hack,pick_and_place_simple,react_ttc_monitored,8.0,reasoning_entropy,7,1.0,0.1276197397806727,0.013849361479217758,480
LlamaHack,hack,pick_and_place_simple,react_ttc_monitored,8.0,action_entropy,0,0.0,0.06658056070828025,0.008697772089785106,480
LlamaHack,hack,pick_and_place_simple,react_ttc_monitored,8.0,action_entropy,1,0.14285714285714285,0.04519224526077252,0.007231544001014113,480
LlamaHack,hack,pick_and_place_simple,react_ttc_monitored,8.0,action_entropy,2,0.2857142857142857,0.00872285643646229,0.0023635557013100264,480
LlamaHack,hack,pick_and_place_simple,react_ttc_monitored,8.0,action_entropy,3,0.42857142857142855,0.039992747825283725,0.006547783335102619,480
LlamaHack,hack,pick_and_place_simple,react_ttc_monitored,8.0,action_entropy,4,0.5714285714285714,0.0037240201925042063,0.003550099612291636,480
LlamaHack,hack,pick_and_place_simple,react_ttc_monitored,8.0,action_entropy,5,0.7142857142857143,0.0009102077579347064,0.0005306366747924689,480
LlamaHack,hack,pick_and_place_simple,react_ttc_monitored,8.0,action_entropy,6,0.8571428571428571,0.011978602102308101,0.005084020593048061,480
LlamaHack,hack,pick_and_place_simple,react_ttc_monitored,8.0,action_entropy,7,1.0,0.012965679977981068,0.0030313818687899108,480
LlamaHack,hack,pick_and_place_simple,react_ttc_monitored,16.0,reasoning_p,0,0.0,0.8377840641637643,0.012987601346157413,150
LlamaHack,hack,pick_and_place_simple,react_ttc_monitored,16.0,reasoning_p,1,0.14285714285714285,0.8420782729031312,0.010976315216677874,150
LlamaHack,hack,pick_and_place_simple,react_ttc_monitored,16.0,reasoning_p,2,0.2857142857142857,0.8225887881625029,0.00816735992397965,150
LlamaHack,hack,pick_and_place_simple,react_ttc_monitored,16.0,reasoning_p,3,0.42857142857142855,0.7887114889133898,0.008575486259568941,150
LlamaHack,hack,pick_and_place_simple,react_ttc_monitored,16.0,reasoning_p,4,0.5714285714285714,0.7632232168709081,0.007385037625435089,150
LlamaHack,hack,pick_and_place_simple,react_ttc_monitored,16.0,reasoning_p,5,0.7142857142857143,0.7481216063154431,0.006914697035783142,150
LlamaHack,hack,pick_and_place_simple,react_ttc_monitored,16.0,reasoning_p,6,0.8571428571428571,0.7334253294344557,0.0066655617611102004,150
LlamaHack,hack,pick_and_place_simple,react_ttc_monitored,16.0,reasoning_p,7,1.0,0.7589709430092342,0.006297517544819008,150
LlamaHack,hack,pick_and_place_simple,react_ttc_monitored,16.0,action_p,0,0.0,0.7960313473145167,0.01845599371585701,150
LlamaHack,hack,pick_and_place_simple,react_ttc_monitored,16.0,action_p,1,0.14285714285714285,0.8148405163486798,0.014030688140704732,150
LlamaHack,hack,pick_and_place_simple,react_ttc_monitored,16.0,action_p,2,0.2857142857142857,0.7773471676475473,0.011724801345435418,150
LlamaHack,hack,pick_and_place_simple,react_ttc_monitored,16.0,action_p,3,0.42857142857142855,0.7657261269291242,0.009740805085564089,150
LlamaHack,hack,pick_and_place_simple,react_ttc_monitored,16.0,action_p,4,0.5714285714285714,0.6919324485444359,0.008491183724215774,150
LlamaHack,hack,pick_and_place_simple,react_ttc_monitored,16.0,action_p,5,0.7142857142857143,0.6875128056837453,0.007087987581071506,150
LlamaHack,hack,pick_and_place_simple,react_ttc_monitored,16.0,action_p,6,0.8571428571428571,0.6747457911447873,0.006630455799107549,150
LlamaHack,hack,pick_and_place_simple,react_ttc_monitored,16.0,action_p,7,1.0,0.7023409530602632,0.00728453563185371,150
LlamaHack,hack,pick_and_place_simple,react_ttc_monitored,16.0,reasoning_entropy,0,0.0,0.7126369323864478,0.020545654811769967,480
LlamaHack,hack,pick_and_place_simple,react_ttc_monitored,16.0,reasoning_entropy,1,0.14285714285714285,0.6216788073727415,0.021503777998222427,480
LlamaHack,hack,pick_and_place_simple,react_ttc_monitored,16.0,reasoning_entropy,2,0.2857142857142857,0.2010355503010818,0.017873710046512604,480
LlamaHack,hack,pick_and_place_simple,react_ttc_monitored,16.0,reasoning_entropy,3,0.42857142857142855,0.26398133031008675,0.018564376487746396,480
LlamaHack,hack,pick_and_place_simple,react_ttc_monitored,16.0,reasoning_entropy,4,0.5714285714285714,0.08684120799595554,0.01204280221233052,480
LlamaHack,hack,pick_and_place_simple,react_ttc_monitored,16.0,reasoning_entropy,5,0.7142857142857143,0.08204807013756245,0.01048117880266973,480
LlamaHack,hack,pick_and_place_simple,react_ttc_monitored,16.0,reasoning_entropy,6,0.8571428571428571,0.16277130920271646,0.015295153925394217,480
LlamaHack,hack,pick_and_place_simple,react_ttc_monitored,16.0,reasoning_entropy,7,1.0,0.13591779061852935,0.0126049566872067,480
LlamaHack,hack,pick_and_place_simple,react_ttc_monitored,16.0,action_entropy,0,0.0,0.05605865385581031,0.007450905557735536,480
LlamaHack,hack,pick_and_place_simple,react_ttc_monitored,16.0,action_entropy,1,0.14285714285714285,0.042857487040939425,0.006851982801205929,480
LlamaHack,hack,pick_and_place_simple,react_ttc_monitored,16.0,action_entropy,2,0.2857142857142857,0.01417790219439139,0.0038985300114160217,480
LlamaHack,hack,pick_and_place_simple,react_ttc_monitored,16.0,action_entropy,3,0.42857142857142855,0.02602575594904417,0.005119019868987826,480
LlamaHack,hack,pick_and_place_simple,react_ttc_monitored,16.0,action_entropy,4,0.5714285714285714,0.00031320268335534215,0.00012569604383720525,480
LlamaHack,hack,pick_and_place_simple,react_ttc_monitored,16.0,action_entropy,5,0.7142857142857143,0.00044700709901247565,0.0002533637304828099,480
LlamaHack,hack,pick_and_place_simple,react_ttc_monitored,16.0,action_entropy,6,0.8571428571428571,0.01152729766403915,0.0038458811413362337,480
LlamaHack,hack,pick_and_place_simple,react_ttc_monitored,16.0,action_entropy,7,1.0,0.003288092253245813,0.0014871143944310211,480
LlamaHack,hack,pick_and_place_simple,react_ttc_monitored,32.0,reasoning_p,0,0.0,0.8340680240177446,0.01311122673016281,150
LlamaHack,hack,pick_and_place_simple,react_ttc_monitored,32.0,reasoning_p,1,0.14285714285714285,0.8212121864607823,0.011592610225233701,150
LlamaHack,hack,pick_and_place_simple,react_ttc_monitored,32.0,reasoning_p,2,0.2857142857142857,0.7909152192413204,0.010586063804731531,150
LlamaHack,hack,pick_and_place_simple,react_ttc_monitored,32.0,reasoning_p,3,0.42857142857142855,0.7679240755747893,0.010481537742067686,150
LlamaHack,hack,pick_and_place_simple,react_ttc_monitored,32.0,reasoning_p,4,0.5714285714285714,0.7344989918622324,0.008867579668367109,150
LlamaHack,hack,pick_and_place_simple,react_ttc_monitored,32.0,reasoning_p,5,0.7142857142857143,0.7134053940560893,0.007710006818129024,150
LlamaHack,hack,pick_and_place_simple,react_ttc_monitored,32.0,reasoning_p,6,0.8571428571428571,0.7002528219437975,0.007420180065740247,150
LlamaHack,hack,pick_and_place_simple,react_ttc_monitored,32.0,reasoning_p,7,1.0,0.733461593077911,0.006509476233346488,150
LlamaHack,hack,pick_and_place_simple,react_ttc_monitored,32.0,action_p,0,0.0,0.7738669959145288,0.02016605796084822,150
LlamaHack,hack,pick_and_place_simple,react_ttc_monitored,32.0,action_p,1,0.14285714285714285,0.7830820147631069,0.017593841240080288,150
LlamaHack,hack,pick_and_place_simple,react_ttc_monitored,32.0,action_p,2,0.2857142857142857,0.7552453876586838,0.013852360443518194,150
LlamaHack,hack,pick_and_place_simple,react_ttc_monitored,32.0,action_p,3,0.42857142857142855,0.7565028164587501,0.012116068421784233,150
LlamaHack,hack,pick_and_place_simple,react_ttc_monitored,32.0,action_p,4,0.5714285714285714,0.6766186826812723,0.009973639939189994,150
LlamaHack,hack,pick_and_place_simple,react_ttc_monitored,32.0,action_p,5,0.7142857142857143,0.660311565343394,0.009073550521366667,150
LlamaHack,hack,pick_and_place_simple,react_ttc_monitored,32.0,action_p,6,0.8571428571428571,0.6537566573249531,0.00826166197540535,150
LlamaHack,hack,pick_and_place_simple,react_ttc_monitored,32.0,action_p,7,1.0,0.6934303237311394,0.008565186825039562,150
LlamaHack,hack,pick_and_place_simple,react_ttc_monitored,32.0,reasoning_entropy,0,0.0,0.7019205309279546,0.020339311623532527,455
LlamaHack,hack,pick_and_place_simple,react_ttc_monitored,32.0,reasoning_entropy,1,0.14285714285714285,0.5791246223910512,0.021009849313287855,455
LlamaHack,hack,pick_and_place_simple,react_ttc_monitored,32.0,reasoning_entropy,2,0.2857142857142857,0.19724814201169907,0.018663345822068505,455
LlamaHack,hack,pick_and_place_simple,react_ttc_monitored,32.0,reasoning_entropy,3,0.42857142857142855,0.22185107555234754,0.016989585507516596,455
LlamaHack,hack,pick_and_place_simple,react_ttc_monitored,32.0,reasoning_entropy,4,0.5714285714285714,0.058203013688242135,0.009346121721684518,455
LlamaHack,hack,pick_and_place_simple,react_ttc_monitored,32.0,reasoning_entropy,5,0.7142857142857143,0.05449563804824222,0.008926196670702359,455
LlamaHack,hack,pick_and_place_simple,react_ttc_monitored,32.0,reasoning_entropy,6,0.8571428571428571,0.09593906818539794,0.011005362527539343,455
LlamaHack,hack,pick_and_place_simple,react_ttc_monitored,32.0,reasoning_entropy,7,1.0,0.08239829734742758,0.009089213581296687,455
LlamaHack,hack,pick_and_place_simple,react_ttc_monitored,32.0,action_entropy,0,0.0,0.05639752894767898,0.008023382557888424,455
LlamaHack,hack,pick_and_place_simple,react_ttc_monitored,32.0,action_entropy,1,0.14285714285714285,0.032803539535763655,0.0067877384574894515,455
LlamaHack,hack,pick_and_place_simple,react_ttc_monitored,32.0,action_entropy,2,0.2857142857142857,0.004828345398248868,0.0013145727819844472,455
LlamaHack,hack,pick_and_place_simple,react_ttc_monitored,32.0,action_entropy,3,0.42857142857142855,0.008398582632614558,0.002545485714461363,455
LlamaHack,hack,pick_and_place_simple,react_ttc_monitored,32.0,action_entropy,4,0.5714285714285714,8.343927360882405e-05,1.3348151219864254e-05,455
LlamaHack,hack,pick_and_place_simple,react_ttc_monitored,32.0,action_entropy,5,0.7142857142857143,0.00016368023054887058,3.8577453687645856e-05,455
LlamaHack,hack,pick_and_place_simple,react_ttc_monitored,32.0,action_entropy,6,0.8571428571428571,0.0026888573071082037,0.0014305740045727753,455
LlamaHack,hack,pick_and_place_simple,react_ttc_monitored,32.0,action_entropy,7,1.0,0.0006594658502041184,4.891321256152181e-05,455
LlamaHack,hack,pick_and_place_simple,react_ttc_monitored,64.0,reasoning_p,0,0.0,0.855863367428603,0.012370987474569505,150
LlamaHack,hack,pick_and_place_simple,react_ttc_monitored,64.0,reasoning_p,1,0.14285714285714285,0.8519738559919982,0.010384922288729984,150
LlamaHack,hack,pick_and_place_simple,react_ttc_monitored,64.0,reasoning_p,2,0.2857142857142857,0.8287701971595545,0.00750078110282532,150
LlamaHack,hack,pick_and_place_simple,react_ttc_monitored,64.0,reasoning_p,3,0.42857142857142855,0.7975358681782975,0.008293982448633695,150
LlamaHack,hack,pick_and_place_simple,react_ttc_monitored,64.0,reasoning_p,4,0.5714285714285714,0.7661345146333154,0.007612559236994751,150
LlamaHack,hack,pick_and_place_simple,react_ttc_monitored,64.0,reasoning_p,5,0.7142857142857143,0.7477923605626329,0.006858108133434309,150
LlamaHack,hack,pick_and_place_simple,react_ttc_monitored,64.0,reasoning_p,6,0.8571428571428571,0.7373905380795859,0.006501479767634882,150
LlamaHack,hack,pick_and_place_simple,react_ttc_monitored,64.0,reasoning_p,7,1.0,0.7588860035478443,0.006468972862837574,150
LlamaHack,hack,pick_and_place_simple,react_ttc_monitored,64.0,action_p,0,0.0,0.7478596710413694,0.019591667018866953,150
LlamaHack,hack,pick_and_place_simple,react_ttc_monitored,64.0,action_p,1,0.14285714285714285,0.7749257430061698,0.01504401820256302,150
LlamaHack,hack,pick_and_place_simple,react_ttc_monitored,64.0,action_p,2,0.2857142857142857,0.7522243926011853,0.012516107089514122,150
LlamaHack,hack,pick_and_place_simple,react_ttc_monitored,64.0,action_p,3,0.42857142857142855,0.7533183889401456,0.010450139496446458,150
LlamaHack,hack,pick_and_place_simple,react_ttc_monitored,64.0,action_p,4,0.5714285714285714,0.6865303734193245,0.009540436966625203,150
LlamaHack,hack,pick_and_place_simple,react_ttc_monitored,64.0,action_p,5,0.7142857142857143,0.6782220095652672,0.008615572183752852,150
LlamaHack,hack,pick_and_place_simple,react_ttc_monitored,64.0,action_p,6,0.8571428571428571,0.6696323651576798,0.008299999050052432,150
LlamaHack,hack,pick_and_place_simple,react_ttc_monitored,64.0,action_p,7,1.0,0.6992834144245301,0.008793024730504098,150
LlamaHack,hack,pick_and_place_simple,react_ttc_monitored,64.0,reasoning_entropy,0,0.0,0.6802699205063316,0.026187939720182227,330
LlamaHack,hack,pick_and_place_simple,react_ttc_monitored,64.0,reasoning_entropy,1,0.14285714285714285,0.574830360112591,0.028053805294653032,330
LlamaHack,hack,pick_and_place_simple,react_ttc_monitored,64.0,reasoning_entropy,2,0.2857142857142857,0.1045663952396946,0.01775941875997196,330
LlamaHack,hack,pick_and_place_simple,react_ttc_monitored,64.0,reasoning_entropy,3,0.42857142857142855,0.15602967195061737,0.01912995009713935,330
LlamaHack,hack,pick_and_place_simple,react_ttc_monitored,64.0,reasoning_entropy,4,0.5714285714285714,0.018399945873768576,0.0059981208326194005,330
LlamaHack,hack,pick_and_place_simple,react_ttc_monitored,64.0,reasoning_entropy,5,0.7142857142857143,0.007050532036334679,0.004058036300611546,330
LlamaHack,hack,pick_and_place_simple,react_ttc_monitored,64.0,reasoning_entropy,6,0.8571428571428571,0.050963202485530205,0.009935278660102414,330
LlamaHack,hack,pick_and_place_simple,react_ttc_monitored,64.0,reasoning_entropy,7,1.0,0.02555619799622557,0.0048769713343516,330
LlamaHack,hack,pick_and_place_simple,react_ttc_monitored,64.0,action_entropy,0,0.0,0.02980543047976398,0.005779983978697288,330
LlamaHack,hack,pick_and_place_simple,react_ttc_monitored,64.0,action_entropy,1,0.14285714285714285,0.018665459988721978,0.005183232052953815,330
LlamaHack,hack,pick_and_place_simple,react_ttc_monitored,64.0,action_entropy,2,0.2857142857142857,0.0048377049685623215,0.0016381193923783008,330
LlamaHack,hack,pick_and_place_simple,react_ttc_monitored,64.0,action_entropy,3,0.42857142857142855,0.007372864205111991,0.0020922713493021303,330
LlamaHack,hack,pick_and_place_simple,react_ttc_monitored,64.0,action_entropy,4,0.5714285714285714,5.8146744489737195e-05,1.035232545084259e-05,330
LlamaHack,hack,pick_and_place_simple,react_ttc_monitored,64.0,action_entropy,5,0.7142857142857143,0.00016137438006647592,8.56948330742488e-05,330
LlamaHack,hack,pick_and_place_simple,react_ttc_monitored,64.0,action_entropy,6,0.8571428571428571,0.0018782373098237342,0.0013480195432680594,330
LlamaHack,hack,pick_and_place_simple,react_ttc_monitored,64.0,action_entropy,7,1.0,0.0019177612507798487,0.0011321068663284692,330
LlamaHack,hack,pick_and_place_simple,react_ttc_monitored,128.0,reasoning_p,0,0.0,0.819682724182418,0.015083730603145058,150
LlamaHack,hack,pick_and_place_simple,react_ttc_monitored,128.0,reasoning_p,1,0.14285714285714285,0.8171972149219324,0.013113675449436911,150
LlamaHack,hack,pick_and_place_simple,react_ttc_monitored,128.0,reasoning_p,2,0.2857142857142857,0.7922086391806822,0.010607605938394986,150
LlamaHack,hack,pick_and_place_simple,react_ttc_monitored,128.0,reasoning_p,3,0.42857142857142855,0.7693505932304496,0.010295312268707455,150
LlamaHack,hack,pick_and_place_simple,react_ttc_monitored,128.0,reasoning_p,4,0.5714285714285714,0.7481445433107883,0.008934557161747122,150
LlamaHack,hack,pick_and_place_simple,react_ttc_monitored,128.0,reasoning_p,5,0.7142857142857143,0.7352322457285018,0.007770641978523703,150
LlamaHack,hack,pick_and_place_simple,react_ttc_monitored,128.0,reasoning_p,6,0.8571428571428571,0.7227037458265644,0.007273231739333307,150
LlamaHack,hack,pick_and_place_simple,react_ttc_monitored,128.0,reasoning_p,7,1.0,0.7502678697791191,0.006518800720462955,150
LlamaHack,hack,pick_and_place_simple,react_ttc_monitored,128.0,action_p,0,0.0,0.7728192711373171,0.019765212317863143,150
LlamaHack,hack,pick_and_place_simple,react_ttc_monitored,128.0,action_p,1,0.14285714285714285,0.7894683859745661,0.01594419622625351,150
LlamaHack,hack,pick_and_place_simple,react_ttc_monitored,128.0,action_p,2,0.2857142857142857,0.7453105959379012,0.013818906851803621,150
LlamaHack,hack,pick_and_place_simple,react_ttc_monitored,128.0,action_p,3,0.42857142857142855,0.7537440445274115,0.011538339711921952,150
LlamaHack,hack,pick_and_place_simple,react_ttc_monitored,128.0,action_p,4,0.5714285714285714,0.6844128841714313,0.010409658083919979,150
LlamaHack,hack,pick_and_place_simple,react_ttc_monitored,128.0,action_p,5,0.7142857142857143,0.6715699959108605,0.009286581316361566,150
LlamaHack,hack,pick_and_place_simple,react_ttc_monitored,128.0,action_p,6,0.8571428571428571,0.6635524029822517,0.008195479834053611,150
LlamaHack,hack,pick_and_place_simple,react_ttc_monitored,128.0,action_p,7,1.0,0.6957698350112244,0.008679558431405979,150
LlamaHack,hack,pick_and_place_simple,react_ttc_monitored,128.0,reasoning_entropy,0,0.0,0.6514678733646928,0.025024163081852645,330
LlamaHack,hack,pick_and_place_simple,react_ttc_monitored,128.0,reasoning_entropy,1,0.14285714285714285,0.5561386668569739,0.025092601639284187,330
LlamaHack,hack,pick_and_place_simple,react_ttc_monitored,128.0,reasoning_entropy,2,0.2857142857142857,0.10657225823157748,0.017026899281024282,330
LlamaHack,hack,pick_and_place_simple,react_ttc_monitored,128.0,reasoning_entropy,3,0.42857142857142855,0.18223683820605996,0.01910743491699617,330
LlamaHack,hack,pick_and_place_simple,react_ttc_monitored,128.0,reasoning_entropy,4,0.5714285714285714,0.024314168243685777,0.007567840053417126,330
LlamaHack,hack,pick_and_place_simple,react_ttc_monitored,128.0,reasoning_entropy,5,0.7142857142857143,0.02142221068620001,0.006457314085689756,330
LlamaHack,hack,pick_and_place_simple,react_ttc_monitored,128.0,reasoning_entropy,6,0.8571428571428571,0.06551202406859552,0.010494673065988369,330
LlamaHack,hack,pick_and_place_simple,react_ttc_monitored,128.0,reasoning_entropy,7,1.0,0.02643446182356827,0.004865833178841982,330
LlamaHack,hack,pick_and_place_simple,react_ttc_monitored,128.0,action_entropy,0,0.0,0.030527218841510176,0.005621019236698658,330
LlamaHack,hack,pick_and_place_simple,react_ttc_monitored,128.0,action_entropy,1,0.14285714285714285,0.02398456378006165,0.0053118636656796685,330
LlamaHack,hack,pick_and_place_simple,react_ttc_monitored,128.0,action_entropy,2,0.2857142857142857,0.014022228885410932,0.003971387512471931,330
LlamaHack,hack,pick_and_place_simple,react_ttc_monitored,128.0,action_entropy,3,0.42857142857142855,0.02171774127983769,0.005354502419008936,330
LlamaHack,hack,pick_and_place_simple,react_ttc_monitored,128.0,action_entropy,4,0.5714285714285714,0.00018391456252287022,9.11184081718061e-05,330
LlamaHack,hack,pick_and_place_simple,react_ttc_monitored,128.0,action_entropy,5,0.7142857142857143,0.00021278787365875415,9.201315131521268e-05,330
LlamaHack,hack,pick_and_place_simple,react_ttc_monitored,128.0,action_entropy,6,0.8571428571428571,0.0038625794288540444,0.0031789759035706884,330
LlamaHack,hack,pick_and_place_simple,react_ttc_monitored,128.0,action_entropy,7,1.0,0.0008644595280568067,0.0001345560428625676,330
LlamaHack,hack,pick_and_place_simple,react_ttc_monitored,256.0,reasoning_p,0,0.0,0.8062018071136817,0.015441457584817605,150
LlamaHack,hack,pick_and_place_simple,react_ttc_monitored,256.0,reasoning_p,1,0.14285714285714285,0.8166743945194714,0.01216446705590506,150
LlamaHack,hack,pick_and_place_simple,react_ttc_monitored,256.0,reasoning_p,2,0.2857142857142857,0.800716768557144,0.00988596987674303,150
LlamaHack,hack,pick_and_place_simple,react_ttc_monitored,256.0,reasoning_p,3,0.42857142857142855,0.7705570244552682,0.00980999693834693,150
LlamaHack,hack,pick_and_place_simple,react_ttc_monitored,256.0,reasoning_p,4,0.5714285714285714,0.7390307620188215,0.008765172428642179,150
LlamaHack,hack,pick_and_place_simple,react_ttc_monitored,256.0,reasoning_p,5,0.7142857142857143,0.7201751130948364,0.007734556633712128,150
LlamaHack,hack,pick_and_place_simple,react_ttc_monitored,256.0,reasoning_p,6,0.8571428571428571,0.7073542276495172,0.007455595612813468,150
LlamaHack,hack,pick_and_place_simple,react_ttc_monitored,256.0,reasoning_p,7,1.0,0.7356139614639945,0.006731481262711088,150
LlamaHack,hack,pick_and_place_simple,react_ttc_monitored,256.0,action_p,0,0.0,0.7436628409195691,0.02140910212896851,150
LlamaHack,hack,pick_and_place_simple,react_ttc_monitored,256.0,action_p,1,0.14285714285714285,0.7664322692388669,0.017581743400725224,150
LlamaHack,hack,pick_and_place_simple,react_ttc_monitored,256.0,action_p,2,0.2857142857142857,0.7577962764176643,0.012574105028806404,150
LlamaHack,hack,pick_and_place_simple,react_ttc_monitored,256.0,action_p,3,0.42857142857142855,0.7526432418442952,0.01090495853806906,150
LlamaHack,hack,pick_and_place_simple,react_ttc_monitored,256.0,action_p,4,0.5714285714285714,0.6766598869563184,0.009298113887740331,150
LlamaHack,hack,pick_and_place_simple,react_ttc_monitored,256.0,action_p,5,0.7142857142857143,0.6671231318094974,0.00781622732468959,150
LlamaHack,hack,pick_and_place_simple,react_ttc_monitored,256.0,action_p,6,0.8571428571428571,0.6544938977078816,0.007231140516778114,150
LlamaHack,hack,pick_and_place_simple,react_ttc_monitored,256.0,action_p,7,1.0,0.6879827680581616,0.007684522357018601,150
LlamaHack,hack,pick_and_place_simple,react_ttc_monitored,256.0,reasoning_entropy,0,0.0,0.6484928894987172,0.025544403243015223,330
LlamaHack,hack,pick_and_place_simple,react_ttc_monitored,256.0,reasoning_entropy,1,0.14285714285714285,0.5307732015471719,0.026914878838511742,330
LlamaHack,hack,pick_and_place_simple,react_ttc_monitored,256.0,reasoning_entropy,2,0.2857142857142857,0.13556167426817467,0.02043136425738275,330
LlamaHack,hack,pick_and_place_simple,react_ttc_monitored,256.0,reasoning_entropy,3,0.42857142857142855,0.18367514275727834,0.021382121594606052,330
LlamaHack,hack,pick_and_place_simple,react_ttc_monitored,256.0,reasoning_entropy,4,0.5714285714285714,0.02067762050210556,0.005959794762437762,330
LlamaHack,hack,pick_and_place_simple,react_ttc_monitored,256.0,reasoning_entropy,5,0.7142857142857143,0.011048856608214261,0.004520186496224884,330
LlamaHack,hack,pick_and_place_simple,react_ttc_monitored,256.0,reasoning_entropy,6,0.8571428571428571,0.055389981906190704,0.009682425552812129,330
LlamaHack,hack,pick_and_place_simple,react_ttc_monitored,256.0,reasoning_entropy,7,1.0,0.03286637801973153,0.00707136867980176,330
LlamaHack,hack,pick_and_place_simple,react_ttc_monitored,256.0,action_entropy,0,0.0,0.033184385709958436,0.006108955852262922,330
LlamaHack,hack,pick_and_place_simple,react_ttc_monitored,256.0,action_entropy,1,0.14285714285714285,0.024213696270117963,0.006354504915157343,330
LlamaHack,hack,pick_and_place_simple,react_ttc_monitored,256.0,action_entropy,2,0.2857142857142857,0.013388266950128942,0.00396182267938451,330
LlamaHack,hack,pick_and_place_simple,react_ttc_monitored,256.0,action_entropy,3,0.42857142857142855,0.020099334234424695,0.0043873813124755525,330
LlamaHack,hack,pick_and_place_simple,react_ttc_monitored,256.0,action_entropy,4,0.5714285714285714,9.076021411948022e-05,1.7535135223253568e-05,330
LlamaHack,hack,pick_and_place_simple,react_ttc_monitored,256.0,action_entropy,5,0.7142857142857143,0.00022562758851764502,0.00011422165141406027,330
LlamaHack,hack,pick_and_place_simple,react_ttc_monitored,256.0,action_entropy,6,0.8571428571428571,0.006633409664145765,0.003865669362593273,330
LlamaHack,hack,pick_and_place_simple,react_ttc_monitored,256.0,action_entropy,7,1.0,0.000901470786400345,0.00021828435366961593,330
LlamaMix05,mix05,pick_and_place_simple,react_baseline,,reasoning_p,0,0.0,,0.0,0
LlamaMix05,mix05,pick_and_place_simple,react_baseline,,reasoning_p,1,0.14285714285714285,,0.0,0
LlamaMix05,mix05,pick_and_place_simple,react_baseline,,reasoning_p,2,0.2857142857142857,,0.0,0
LlamaMix05,mix05,pick_and_place_simple,react_baseline,,reasoning_p,3,0.42857142857142855,,0.0,0
LlamaMix05,mix05,pick_and_place_simple,react_baseline,,reasoning_p,4,0.5714285714285714,,0.0,0
LlamaMix05,mix05,pick_and_place_simple,react_baseline,,reasoning_p,5,0.7142857142857143,,0.0,0
LlamaMix05,mix05,pick_and_place_simple,react_baseline,,reasoning_p,6,0.8571428571428571,,0.0,0
LlamaMix05,mix05,pick_and_place_simple,react_baseline,,reasoning_p,7,1.0,,0.0,0
LlamaMix05,mix05,pick_and_place_simple,react_baseline,,action_p,0,0.0,,0.0,0
LlamaMix05,mix05,pick_and_place_simple,react_baseline,,action_p,1,0.14285714285714285,,0.0,0
LlamaMix05,mix05,pick_and_place_simple,react_baseline,,action_p,2,0.2857142857142857,,0.0,0
LlamaMix05,mix05,pick_and_place_simple,react_baseline,,action_p,3,0.42857142857142855,,0.0,0
LlamaMix05,mix05,pick_and_place_simple,react_baseline,,action_p,4,0.5714285714285714,,0.0,0
LlamaMix05,mix05,pick_and_place_simple,react_baseline,,action_p,5,0.7142857142857143,,0.0,0
LlamaMix05,mix05,pick_and_place_simple,react_baseline,,action_p,6,0.8571428571428571,,0.0,0
LlamaMix05,mix05,pick_and_place_simple,react_baseline,,action_p,7,1.0,,0.0,0
LlamaMix05,mix05,pick_and_place_simple,react_baseline,,reasoning_entropy,0,0.0,,0.0,0
LlamaMix05,mix05,pick_and_place_simple,react_baseline,,reasoning_entropy,1,0.14285714285714285,,0.0,0
LlamaMix05,mix05,pick_and_place_simple,react_baseline,,reasoning_entropy,2,0.2857142857142857,,0.0,0
LlamaMix05,mix05,pick_and_place_simple,react_baseline,,reasoning_entropy,3,0.42857142857142855,,0.0,0
LlamaMix05,mix05,pick_and_place_simple,react_baseline,,reasoning_entropy,4,0.5714285714285714,,0.0,0
LlamaMix05,mix05,pick_and_place_simple,react_baseline,,reasoning_entropy,5,0.7142857142857143,,0.0,0
LlamaMix05,mix05,pick_and_place_simple,react_baseline,,reasoning_entropy,6,0.8571428571428571,,0.0,0
LlamaMix05,mix05,pick_and_place_simple,react_baseline,,reasoning_entropy,7,1.0,,0.0,0
LlamaMix05,mix05,pick_and_place_simple,react_baseline,,action_entropy,0,0.0,,0.0,0
LlamaMix05,mix05,pick_and_place_simple,react_baseline,,action_entropy,1,0.14285714285714285,,0.0,0
LlamaMix05,mix05,pick_and_place_simple,react_baseline,,action_entropy,2,0.2857142857142857,,0.0,0
LlamaMix05,mix05,pick_and_place_simple,react_baseline,,action_entropy,3,0.42857142857142855,,0.0,0
LlamaMix05,mix05,pick_and_place_simple,react_baseline,,action_entropy,4,0.5714285714285714,,0.0,0
LlamaMix05,mix05,pick_and_place_simple,react_baseline,,action_entropy,5,0.7142857142857143,,0.0,0
LlamaMix05,mix05,pick_and_place_simple,react_baseline,,action_entropy,6,0.8571428571428571,,0.0,0
LlamaMix05,mix05,pick_and_place_simple,react_baseline,,action_entropy,7,1.0,,0.0,0
LlamaMix05,mix05,pick_and_place_simple,react_ttc_monitored,8.0,reasoning_p,0,0.0,,0.0,0
LlamaMix05,mix05,pick_and_place_simple,react_ttc_monitored,8.0,reasoning_p,1,0.14285714285714285,,0.0,0
LlamaMix05,mix05,pick_and_place_simple,react_ttc_monitored,8.0,reasoning_p,2,0.2857142857142857,,0.0,0
LlamaMix05,mix05,pick_and_place_simple,react_ttc_monitored,8.0,reasoning_p,3,0.42857142857142855,,0.0,0
LlamaMix05,mix05,pick_and_place_simple,react_ttc_monitored,8.0,reasoning_p,4,0.5714285714285714,,0.0,0
LlamaMix05,mix05,pick_and_place_simple,react_ttc_monitored,8.0,reasoning_p,5,0.7142857142857143,,0.0,0
LlamaMix05,mix05,pick_and_place_simple,react_ttc_monitored,8.0,reasoning_p,6,0.8571428571428571,,0.0,0
LlamaMix05,mix05,pick_and_place_simple,react_ttc_monitored,8.0,reasoning_p,7,1.0,,0.0,0
LlamaMix05,mix05,pick_and_place_simple,react_ttc_monitored,8.0,action_p,0,0.0,,0.0,0
LlamaMix05,mix05,pick_and_place_simple,react_ttc_monitored,8.0,action_p,1,0.14285714285714285,,0.0,0
LlamaMix05,mix05,pick_and_place_simple,react_ttc_monitored,8.0,action_p,2,0.2857142857142857,,0.0,0
LlamaMix05,mix05,pick_and_place_simple,react_ttc_monitored,8.0,action_p,3,0.42857142857142855,,0.0,0
LlamaMix05,mix05,pick_and_place_simple,react_ttc_monitored,8.0,action_p,4,0.5714285714285714,,0.0,0
LlamaMix05,mix05,pick_and_place_simple,react_ttc_monitored,8.0,action_p,5,0.7142857142857143,,0.0,0
LlamaMix05,mix05,pick_and_place_simple,react_ttc_monitored,8.0,action_p,6,0.8571428571428571,,0.0,0
LlamaMix05,mix05,pick_and_place_simple,react_ttc_monitored,8.0,action_p,7,1.0,,0.0,0
LlamaMix05,mix05,pick_and_place_simple,react_ttc_monitored,8.0,reasoning_entropy,0,0.0,0.2223164863668128,0.03290612428799616,90
LlamaMix05,mix05,pick_and_place_simple,react_ttc_monitored,8.0,reasoning_entropy,1,0.14285714285714285,0.09173856104778161,0.02323618757311733,90
LlamaMix05,mix05,pick_and_place_simple,react_ttc_monitored,8.0,reasoning_entropy,2,0.2857142857142857,0.016124424241429156,0.010685787481041454,90
LlamaMix05,mix05,pick_and_place_simple,react_ttc_monitored,8.0,reasoning_entropy,3,0.42857142857142855,0.019606121586370203,0.013456058021167182,90
LlamaMix05,mix05,pick_and_place_simple,react_ttc_monitored,8.0,reasoning_entropy,4,0.5714285714285714,0.14534182922557276,0.03467097161576327,90
LlamaMix05,mix05,pick_and_place_simple,react_ttc_monitored,8.0,reasoning_entropy,5,0.7142857142857143,0.5268455449826821,0.05562826041867075,90
LlamaMix05,mix05,pick_and_place_simple,react_ttc_monitored,8.0,reasoning_entropy,6,0.8571428571428571,0.07243059171808662,0.014353695467660221,90
LlamaMix05,mix05,pick_and_place_simple,react_ttc_monitored,8.0,reasoning_entropy,7,1.0,0.4160797259498356,0.04817126666051381,90
LlamaMix05,mix05,pick_and_place_simple,react_ttc_monitored,8.0,action_entropy,0,0.0,0.0011067148191311086,0.00014501570106735615,90
LlamaMix05,mix05,pick_and_place_simple,react_ttc_monitored,8.0,action_entropy,1,0.14285714285714285,0.0008760820321842901,0.0001551805774839867,90
LlamaMix05,mix05,pick_and_place_simple,react_ttc_monitored,8.0,action_entropy,2,0.2857142857142857,0.0003060947105084311,0.00011684205403657622,90
LlamaMix05,mix05,pick_and_place_simple,react_ttc_monitored,8.0,action_entropy,3,0.42857142857142855,0.0010068864343074498,0.00014344111657520049,90
LlamaMix05,mix05,pick_and_place_simple,react_ttc_monitored,8.0,action_entropy,4,0.5714285714285714,0.0870389548700032,0.031771519786085785,90
LlamaMix05,mix05,pick_and_place_simple,react_ttc_monitored,8.0,action_entropy,5,0.7142857142857143,0.4685303125643244,0.057089862854145475,90
LlamaMix05,mix05,pick_and_place_simple,react_ttc_monitored,8.0,action_entropy,6,0.8571428571428571,0.11693757575892794,0.021380554943506654,90
LlamaMix05,mix05,pick_and_place_simple,react_ttc_monitored,8.0,action_entropy,7,1.0,0.5934829368869812,0.04833398714696606,90
LlamaMix05,mix05,pick_and_place_simple,react_ttc_monitored,16.0,reasoning_p,0,0.0,,0.0,0
LlamaMix05,mix05,pick_and_place_simple,react_ttc_monitored,16.0,reasoning_p,1,0.14285714285714285,,0.0,0
LlamaMix05,mix05,pick_and_place_simple,react_ttc_monitored,16.0,reasoning_p,2,0.2857142857142857,,0.0,0
LlamaMix05,mix05,pick_and_place_simple,react_ttc_monitored,16.0,reasoning_p,3,0.42857142857142855,,0.0,0
LlamaMix05,mix05,pick_and_place_simple,react_ttc_monitored,16.0,reasoning_p,4,0.5714285714285714,,0.0,0
LlamaMix05,mix05,pick_and_place_simple,react_ttc_monitored,16.0,reasoning_p,5,0.7142857142857143,,0.0,0
LlamaMix05,mix05,pick_and_place_simple,react_ttc_monitored,16.0,reasoning_p,6,0.8571428571428571,,0.0,0
LlamaMix05,mix05,pick_and_place_simple,react_ttc_monitored,16.0,reasoning_p,7,1.0,,0.0,0
LlamaMix05,mix05,pick_and_place_simple,react_ttc_monitored,16.0,action_p,0,0.0,,0.0,0
LlamaMix05,mix05,pick_and_place_simple,react_ttc_monitored,16.0,action_p,1,0.14285714285714285,,0.0,0
LlamaMix05,mix05,pick_and_place_simple,react_ttc_monitored,16.0,action_p,2,0.2857142857142857,,0.0,0
LlamaMix05,mix05,pick_and_place_simple,react_ttc_monitored,16.0,action_p,3,0.42857142857142855,,0.0,0
LlamaMix05,mix05,pick_and_place_simple,react_ttc_monitored,16.0,action_p,4,0.5714285714285714,,0.0,0
LlamaMix05,mix05,pick_and_place_simple,react_ttc_monitored,16.0,action_p,5,0.7142857142857143,,0.0,0
LlamaMix05,mix05,pick_and_place_simple,react_ttc_monitored,16.0,action_p,6,0.8571428571428571,,0.0,0
LlamaMix05,mix05,pick_and_place_simple,react_ttc_monitored,16.0,action_p,7,1.0,,0.0,0
LlamaMix05,mix05,pick_and_place_simple,react_ttc_monitored,16.0,reasoning_entropy,0,0.0,0.23384824587233954,0.0320566385432733,90
LlamaMix05,mix05,pick_and_place_simple,react_ttc_monitored,16.0,reasoning_entropy,1,0.14285714285714285,0.14085169967318512,0.025817071705911014,90
LlamaMix05,mix05,pick_and_place_simple,react_ttc_monitored,16.0,reasoning_entropy,2,0.2857142857142857,0.272733860551498,0.03184821319730094,90
LlamaMix05,mix05,pick_and_place_simple,react_ttc_monitored,16.0,reasoning_entropy,3,0.42857142857142855,0.08521922529005223,0.013042223078303918,90
LlamaMix05,mix05,pick_and_place_simple,react_ttc_monitored,16.0,reasoning_entropy,4,0.5714285714285714,0.11098687136319624,0.014143411530936312,90
LlamaMix05,mix05,pick_and_place_simple,react_ttc_monitored,16.0,reasoning_entropy,5,0.7142857142857143,0.11673995495329098,0.014145885276939912,90
LlamaMix05,mix05,pick_and_place_simple,react_ttc_monitored,16.0,reasoning_entropy,6,0.8571428571428571,0.10217406757868117,0.013540888896463824,90
LlamaMix05,mix05,pick_and_place_simple,react_ttc_monitored,16.0,reasoning_entropy,7,1.0,0.46678247164161485,0.04773064567931584,90
LlamaMix05,mix05,pick_and_place_simple,react_ttc_monitored,16.0,action_entropy,0,0.0,0.015287653483958113,0.013981439033373864,90
LlamaMix05,mix05,pick_and_place_simple,react_ttc_monitored,16.0,action_entropy,1,0.14285714285714285,0.0524448299228615,0.025534516417017348,90
LlamaMix05,mix05,pick_and_place_simple,react_ttc_monitored,16.0,action_entropy,2,0.2857142857142857,0.006777388457476608,0.0030288542976080637,90
LlamaMix05,mix05,pick_and_place_simple,react_ttc_monitored,16.0,action_entropy,3,0.42857142857142855,0.007186225482668627,0.0038345941923864195,90
LlamaMix05,mix05,pick_and_place_simple,react_ttc_monitored,16.0,action_entropy,4,0.5714285714285714,0.19292581374840623,0.044227907382769056,90
LlamaMix05,mix05,pick_and_place_simple,react_ttc_monitored,16.0,action_entropy,5,0.7142857142857143,0.45335595905005993,0.055010201235865294,90
LlamaMix05,mix05,pick_and_place_simple,react_ttc_monitored,16.0,action_entropy,6,0.8571428571428571,0.11877321716697686,0.016002858033921943,90
LlamaMix05,mix05,pick_and_place_simple,react_ttc_monitored,16.0,action_entropy,7,1.0,0.48919221080581055,0.04455389291867291,90
LlamaMix05,mix05,pick_and_place_simple,react_ttc_monitored,32.0,reasoning_p,0,0.0,,0.0,0
LlamaMix05,mix05,pick_and_place_simple,react_ttc_monitored,32.0,reasoning_p,1,0.14285714285714285,,0.0,0
LlamaMix05,mix05,pick_and_place_simple,react_ttc_monitored,32.0,reasoning_p,2,0.2857142857142857,,0.0,0
LlamaMix05,mix05,pick_and_place_simple,react_ttc_monitored,32.0,reasoning_p,3,0.42857142857142855,,0.0,0
LlamaMix05,mix05,pick_and_place_simple,react_ttc_monitored,32.0,reasoning_p,4,0.5714285714285714,,0.0,0
LlamaMix05,mix05,pick_and_place_simple,react_ttc_monitored,32.0,reasoning_p,5,0.7142857142857143,,0.0,0
LlamaMix05,mix05,pick_and_place_simple,react_ttc_monitored,32.0,reasoning_p,6,0.8571428571428571,,0.0,0
LlamaMix05,mix05,pick_and_place_simple,react_ttc_monitored,32.0,reasoning_p,7,1.0,,0.0,0
LlamaMix05,mix05,pick_and_place_simple,react_ttc_monitored,32.0,action_p,0,0.0,,0.0,0
LlamaMix05,mix05,pick_and_place_simple,react_ttc_monitored,32.0,action_p,1,0.14285714285714285,,0.0,0
LlamaMix05,mix05,pick_and_place_simple,react_ttc_monitored,32.0,action_p,2,0.2857142857142857,,0.0,0
LlamaMix05,mix05,pick_and_place_simple,react_ttc_monitored,32.0,action_p,3,0.42857142857142855,,0.0,0
LlamaMix05,mix05,pick_and_place_simple,react_ttc_monitored,32.0,action_p,4,0.5714285714285714,,0.0,0
LlamaMix05,mix05,pick_and_place_simple,react_ttc_monitored,32.0,action_p,5,0.7142857142857143,,0.0,0
LlamaMix05,mix05,pick_and_place_simple,react_ttc_monitored,32.0,action_p,6,0.8571428571428571,,0.0,0
LlamaMix05,mix05,pick_and_place_simple,react_ttc_monitored,32.0,action_p,7,1.0,,0.0,0
LlamaMix05,mix05,pick_and_place_simple,react_ttc_monitored,32.0,reasoning_entropy,0,0.0,0.15467155852519304,0.02391942038550968,90
LlamaMix05,mix05,pick_and_place_simple,react_ttc_monitored,32.0,reasoning_entropy,1,0.14285714285714285,0.3033321191402844,0.021461908035923818,90
LlamaMix05,mix05,pick_and_place_simple,react_ttc_monitored,32.0,reasoning_entropy,2,0.2857142857142857,0.12453169125066657,0.012715445126598729,90
LlamaMix05,mix05,pick_and_place_simple,react_ttc_monitored,32.0,reasoning_entropy,3,0.42857142857142855,0.08088400760809641,0.008752636848564308,90
LlamaMix05,mix05,pick_and_place_simple,react_ttc_monitored,32.0,reasoning_entropy,4,0.5714285714285714,0.040451112460240954,0.008907067811536423,90
LlamaMix05,mix05,pick_and_place_simple,react_ttc_monitored,32.0,reasoning_entropy,5,0.7142857142857143,0.03857963304962322,0.0049285145007654995,90
LlamaMix05,mix05,pick_and_place_simple,react_ttc_monitored,32.0,reasoning_entropy,6,0.8571428571428571,0.07096088188696113,0.012443236424407996,90
LlamaMix05,mix05,pick_and_place_simple,react_ttc_monitored,32.0,reasoning_entropy,7,1.0,0.43918814894868086,0.04687138050888917,90
LlamaMix05,mix05,pick_and_place_simple,react_ttc_monitored,32.0,action_entropy,0,0.0,0.020328078958927007,0.012082656676797449,90
LlamaMix05,mix05,pick_and_place_simple,react_ttc_monitored,32.0,action_entropy,1,0.14285714285714285,0.009871806480227339,0.008620289478328177,90
LlamaMix05,mix05,pick_and_place_simple,react_ttc_monitored,32.0,action_entropy,2,0.2857142857142857,0.00016862329970326482,3.351843029500307e-05,90
LlamaMix05,mix05,pick_and_place_simple,react_ttc_monitored,32.0,action_entropy,3,0.42857142857142855,0.0009247655625954198,0.00012500678004199843,90
LlamaMix05,mix05,pick_and_place_simple,react_ttc_monitored,32.0,action_entropy,4,0.5714285714285714,0.09363196897892229,0.03217467234023295,90
LlamaMix05,mix05,pick_and_place_simple,react_ttc_monitored,32.0,action_entropy,5,0.7142857142857143,0.38352840058451027,0.054845763681381665,90
LlamaMix05,mix05,pick_and_place_simple,react_ttc_monitored,32.0,action_entropy,6,0.8571428571428571,0.0684035315974944,0.009129275271150813,90
LlamaMix05,mix05,pick_and_place_simple,react_ttc_monitored,32.0,action_entropy,7,1.0,0.6758980411910702,0.04755866261116584,90
LlamaMix05,mix05,pick_and_place_simple,react_ttc_monitored,64.0,reasoning_p,0,0.0,,0.0,0
LlamaMix05,mix05,pick_and_place_simple,react_ttc_monitored,64.0,reasoning_p,1,0.14285714285714285,,0.0,0
LlamaMix05,mix05,pick_and_place_simple,react_ttc_monitored,64.0,reasoning_p,2,0.2857142857142857,,0.0,0
LlamaMix05,mix05,pick_and_place_simple,react_ttc_monitored,64.0,reasoning_p,3,0.42857142857142855,,0.0,0
LlamaMix05,mix05,pick_and_place_simple,react_ttc_monitored,64.0,reasoning_p,4,0.5714285714285714,,0.0,0
LlamaMix05,mix05,pick_and_place_simple,react_ttc_monitored,64.0,reasoning_p,5,0.7142857142857143,,0.0,0
LlamaMix05,mix05,pick_and_place_simple,react_ttc_monitored,64.0,reasoning_p,6,0.8571428571428571,,0.0,0
LlamaMix05,mix05,pick_and_place_simple,react_ttc_monitored,64.0,reasoning_p,7,1.0,,0.0,0
LlamaMix05,mix05,pick_and_place_simple,react_ttc_monitored,64.0,action_p,0,0.0,,0.0,0
LlamaMix05,mix05,pick_and_place_simple,react_ttc_monitored,64.0,action_p,1,0.14285714285714285,,0.0,0
LlamaMix05,mix05,pick_and_place_simple,react_ttc_monitored,64.0,action_p,2,0.2857142857142857,,0.0,0
LlamaMix05,mix05,pick_and_place_simple,react_ttc_monitored,64.0,action_p,3,0.42857142857142855,,0.0,0
LlamaMix05,mix05,pick_and_place_simple,react_ttc_monitored,64.0,action_p,4,0.5714285714285714,,0.0,0
LlamaMix05,mix05,pick_and_place_simple,react_ttc_monitored,64.0,action_p,5,0.7142857142857143,,0.0,0
LlamaMix05,mix05,pick_and_place_simple,react_ttc_monitored,64.0,action_p,6,0.8571428571428571,,0.0,0
LlamaMix05,mix05,pick_and_place_simple,react_ttc_monitored,64.0,action_p,7,1.0,,0.0,0
LlamaMix05,mix05,pick_and_place_simple,react_ttc_monitored,64.0,reasoning_entropy,0,0.0,0.22816350625576512,0.02295983929295244,90
LlamaMix05,mix05,pick_and_place_simple,react_ttc_monitored,64.0,reasoning_entropy,1,0.14285714285714285,0.203981293271385,0.02115023268051873,90
LlamaMix05,mix05,pick_and_place_simple,react_ttc_monitored,64.0,reasoning_entropy,2,0.2857142857142857,0.04711995590002353,0.008788660006598762,90
LlamaMix05,mix05,pick_and_place_simple,react_ttc_monitored,64.0,reasoning_entropy,3,0.42857142857142855,0.06871904683762836,0.008213671883169132,90
LlamaMix05,mix05,pick_and_place_simple,react_ttc_monitored,64.0,reasoning_entropy,4,0.5714285714285714,0.07349487967361142,0.007316062103075612,90
LlamaMix05,mix05,pick_and_place_simple,react_ttc_monitored,64.0,reasoning_entropy,5,0.7142857142857143,0.09289363956732809,0.008634126314513527,90
LlamaMix05,mix05,pick_and_place_simple,react_ttc_monitored,64.0,reasoning_entropy,6,0.8571428571428571,0.1257087446731268,0.012827289328249175,90
LlamaMix05,mix05,pick_and_place_simple,react_ttc_monitored,64.0,reasoning_entropy,7,1.0,0.5030412556635544,0.041690078125124375,90
LlamaMix05,mix05,pick_and_place_simple,react_ttc_monitored,64.0,action_entropy,0,0.0,0.004537574985847136,0.002404063208502111,90
LlamaMix05,mix05,pick_and_place_simple,react_ttc_monitored,64.0,action_entropy,1,0.14285714285714285,0.004134399032865341,0.002409200742392616,90
LlamaMix05,mix05,pick_and_place_simple,react_ttc_monitored,64.0,action_entropy,2,0.2857142857142857,0.001377935594657811,0.0009569617385099657,90
LlamaMix05,mix05,pick_and_place_simple,react_ttc_monitored,64.0,action_entropy,3,0.42857142857142855,0.0010452759474067763,0.00019075855370053068,90
LlamaMix05,mix05,pick_and_place_simple,react_ttc_monitored,64.0,action_entropy,4,0.5714285714285714,0.09994993296895939,0.0339214205296572,90
LlamaMix05,mix05,pick_and_place_simple,react_ttc_monitored,64.0,action_entropy,5,0.7142857142857143,0.3850830261443412,0.05483297439557803,90
LlamaMix05,mix05,pick_and_place_simple,react_ttc_monitored,64.0,action_entropy,6,0.8571428571428571,0.09491061385887635,0.01854912181990501,90
LlamaMix05,mix05,pick_and_place_simple,react_ttc_monitored,64.0,action_entropy,7,1.0,0.629678594169842,0.04812402749020432,90
LlamaMix05,mix05,pick_and_place_simple,react_ttc_monitored,128.0,reasoning_p,0,0.0,,0.0,0
LlamaMix05,mix05,pick_and_place_simple,react_ttc_monitored,128.0,reasoning_p,1,0.14285714285714285,,0.0,0
LlamaMix05,mix05,pick_and_place_simple,react_ttc_monitored,128.0,reasoning_p,2,0.2857142857142857,,0.0,0
LlamaMix05,mix05,pick_and_place_simple,react_ttc_monitored,128.0,reasoning_p,3,0.42857142857142855,,0.0,0
LlamaMix05,mix05,pick_and_place_simple,react_ttc_monitored,128.0,reasoning_p,4,0.5714285714285714,,0.0,0
LlamaMix05,mix05,pick_and_place_simple,react_ttc_monitored,128.0,reasoning_p,5,0.7142857142857143,,0.0,0
LlamaMix05,mix05,pick_and_place_simple,react_ttc_monitored,128.0,reasoning_p,6,0.8571428571428571,,0.0,0
LlamaMix05,mix05,pick_and_place_simple,react_ttc_monitored,128.0,reasoning_p,7,1.0,,0.0,0
LlamaMix05,mix05,pick_and_place_simple,react_ttc_monitored,128.0,action_p,0,0.0,,0.0,0
LlamaMix05,mix05,pick_and_place_simple,react_ttc_monitored,128.0,action_p,1,0.14285714285714285,,0.0,0
LlamaMix05,mix05,pick_and_place_simple,react_ttc_monitored,128.0,action_p,2,0.2857142857142857,,0.0,0
LlamaMix05,mix05,pick_and_place_simple,react_ttc_monitored,128.0,action_p,3,0.42857142857142855,,0.0,0
LlamaMix05,mix05,pick_and_place_simple,react_ttc_monitored,128.0,action_p,4,0.5714285714285714,,0.0,0
LlamaMix05,mix05,pick_and_place_simple,react_ttc_monitored,128.0,action_p,5,0.7142857142857143,,0.0,0
LlamaMix05,mix05,pick_and_place_simple,react_ttc_monitored,128.0,action_p,6,0.8571428571428571,,0.0,0
LlamaMix05,mix05,pick_and_place_simple,react_ttc_monitored,128.0,action_p,7,1.0,,0.0,0
LlamaMix05,mix05,pick_and_place_simple,react_ttc_monitored,128.0,reasoning_entropy,0,0.0,0.23639933596608376,0.028189142300510155,90
LlamaMix05,mix05,pick_and_place_simple,react_ttc_monitored,128.0,reasoning_entropy,1,0.14285714285714285,0.17465365735879526,0.02841169385226579,90
LlamaMix05,mix05,pick_and_place_simple,react_ttc_monitored,128.0,reasoning_entropy,2,0.2857142857142857,0.09441211681714,0.015863904932618925,90
LlamaMix05,mix05,pick_and_place_simple,react_ttc_monitored,128.0,reasoning_entropy,3,0.42857142857142855,0.14165899973667323,0.015649753525262742,90
LlamaMix05,mix05,pick_and_place_simple,react_ttc_monitored,128.0,reasoning_entropy,4,0.5714285714285714,0.12773724054771035,0.013371955191978887,90
LlamaMix05,mix05,pick_and_place_simple,react_ttc_monitored,128.0,reasoning_entropy,5,0.7142857142857143,0.14966824362293046,0.0162980658792953,90
LlamaMix05,mix05,pick_and_place_simple,react_ttc_monitored,128.0,reasoning_entropy,6,0.8571428571428571,0.1694804933323409,0.016163980775710633,90
LlamaMix05,mix05,pick_and_place_simple,react_ttc_monitored,128.0,reasoning_entropy,7,1.0,0.5681826596648165,0.03963376219956354,90
LlamaMix05,mix05,pick_and_place_simple,react_ttc_monitored,128.0,action_entropy,0,0.0,0.02323713140827345,0.00995446036918007,90
LlamaMix05,mix05,pick_and_place_simple,react_ttc_monitored,128.0,action_entropy,1,0.14285714285714285,0.017516605048087216,0.009189912834451416,90
LlamaMix05,mix05,pick_and_place_simple,react_ttc_monitored,128.0,action_entropy,2,0.2857142857142857,0.006277185985003387,0.005911310650596578,90
LlamaMix05,mix05,pick_and_place_simple,react_ttc_monitored,128.0,action_entropy,3,0.42857142857142855,0.0010090968517135572,0.0002948024486394576,90
LlamaMix05,mix05,pick_and_place_simple,react_ttc_monitored,128.0,action_entropy,4,0.5714285714285714,0.08727855670692532,0.03184816370576988,90
LlamaMix05,mix05,pick_and_place_simple,react_ttc_monitored,128.0,action_entropy,5,0.7142857142857143,0.38204799309049947,0.054795304609918404,90
LlamaMix05,mix05,pick_and_place_simple,react_ttc_monitored,128.0,action_entropy,6,0.8571428571428571,0.08983818962305566,0.018126779692183265,90
LlamaMix05,mix05,pick_and_place_simple,react_ttc_monitored,128.0,action_entropy,7,1.0,0.6327909698894775,0.04931910681431456,90
LlamaMix05,mix05,pick_and_place_simple,react_ttc_monitored,256.0,reasoning_p,0,0.0,,0.0,0
LlamaMix05,mix05,pick_and_place_simple,react_ttc_monitored,256.0,reasoning_p,1,0.14285714285714285,,0.0,0
LlamaMix05,mix05,pick_and_place_simple,react_ttc_monitored,256.0,reasoning_p,2,0.2857142857142857,,0.0,0
LlamaMix05,mix05,pick_and_place_simple,react_ttc_monitored,256.0,reasoning_p,3,0.42857142857142855,,0.0,0
LlamaMix05,mix05,pick_and_place_simple,react_ttc_monitored,256.0,reasoning_p,4,0.5714285714285714,,0.0,0
LlamaMix05,mix05,pick_and_place_simple,react_ttc_monitored,256.0,reasoning_p,5,0.7142857142857143,,0.0,0
LlamaMix05,mix05,pick_and_place_simple,react_ttc_monitored,256.0,reasoning_p,6,0.8571428571428571,,0.0,0
LlamaMix05,mix05,pick_and_place_simple,react_ttc_monitored,256.0,reasoning_p,7,1.0,,0.0,0
LlamaMix05,mix05,pick_and_place_simple,react_ttc_monitored,256.0,action_p,0,0.0,,0.0,0
LlamaMix05,mix05,pick_and_place_simple,react_ttc_monitored,256.0,action_p,1,0.14285714285714285,,0.0,0
LlamaMix05,mix05,pick_and_place_simple,react_ttc_monitored,256.0,action_p,2,0.2857142857142857,,0.0,0
LlamaMix05,mix05,pick_and_place_simple,react_ttc_monitored,256.0,action_p,3,0.42857142857142855,,0.0,0
LlamaMix05,mix05,pick_and_place_simple,react_ttc_monitored,256.0,action_p,4,0.5714285714285714,,0.0,0
LlamaMix05,mix05,pick_and_place_simple,react_ttc_monitored,256.0,action_p,5,0.7142857142857143,,0.0,0
LlamaMix05,mix05,pick_and_place_simple,react_ttc_monitored,256.0,action_p,6,0.8571428571428571,,0.0,0
LlamaMix05,mix05,pick_and_place_simple,react_ttc_monitored,256.0,action_p,7,1.0,,0.0,0
LlamaMix05,mix05,pick_and_place_simple,react_ttc_monitored,256.0,reasoning_entropy,0,0.0,0.22740808038211108,0.028946816907311327,90
LlamaMix05,mix05,pick_and_place_simple,react_ttc_monitored,256.0,reasoning_entropy,1,0.14285714285714285,0.22610515383572,0.02748760959231592,90
LlamaMix05,mix05,pick_and_place_simple,react_ttc_monitored,256.0,reasoning_entropy,2,0.2857142857142857,0.14172804575297576,0.015342149065799324,90
LlamaMix05,mix05,pick_and_place_simple,react_ttc_monitored,256.0,reasoning_entropy,3,0.42857142857142855,0.16843305174260081,0.01619339244243473,90
LlamaMix05,mix05,pick_and_place_simple,react_ttc_monitored,256.0,reasoning_entropy,4,0.5714285714285714,0.13837020042698878,0.014076411573617997,90
LlamaMix05,mix05,pick_and_place_simple,react_ttc_monitored,256.0,reasoning_entropy,5,0.7142857142857143,0.13613223568104688,0.013900871666327518,90
LlamaMix05,mix05,pick_and_place_simple,react_ttc_monitored,256.0,reasoning_entropy,6,0.8571428571428571,0.15706630277703285,0.015849456612102818,90
LlamaMix05,mix05,pick_and_place_simple,react_ttc_monitored,256.0,reasoning_entropy,7,1.0,0.5685240689964077,0.03928539982169016,90
LlamaMix05,mix05,pick_and_place_simple,react_ttc_monitored,256.0,action_entropy,0,0.0,0.006448489227235162,0.0036396095261111254,90
LlamaMix05,mix05,pick_and_place_simple,react_ttc_monitored,256.0,action_entropy,1,0.14285714285714285,0.00601460789451374,0.0036457241273888654,90
LlamaMix05,mix05,pick_and_place_simple,react_ttc_monitored,256.0,action_entropy,2,0.2857142857142857,0.00030135754951506673,9.011422135690664e-05,90
LlamaMix05,mix05,pick_and_place_simple,react_ttc_monitored,256.0,action_entropy,3,0.42857142857142855,0.0046439597985169475,0.0025448436576461474,90
LlamaMix05,mix05,pick_and_place_simple,react_ttc_monitored,256.0,action_entropy,4,0.5714285714285714,0.14994217183695016,0.040523775544886405,90
LlamaMix05,mix05,pick_and_place_simple,react_ttc_monitored,256.0,action_entropy,5,0.7142857142857143,0.34159748439069,0.05235576743601226,90
LlamaMix05,mix05,pick_and_place_simple,react_ttc_monitored,256.0,action_entropy,6,0.8571428571428571,0.0957463099607558,0.018906024329925317,90
LlamaMix05,mix05,pick_and_place_simple,react_ttc_monitored,256.0,action_entropy,7,1.0,0.6370774308356837,0.04827155167498325,90
LlamaMix10,mix10,pick_and_place_simple,react_baseline,,reasoning_p,0,0.0,,0.0,0
LlamaMix10,mix10,pick_and_place_simple,react_baseline,,reasoning_p,1,0.14285714285714285,,0.0,0
LlamaMix10,mix10,pick_and_place_simple,react_baseline,,reasoning_p,2,0.2857142857142857,,0.0,0
LlamaMix10,mix10,pick_and_place_simple,react_baseline,,reasoning_p,3,0.42857142857142855,,0.0,0
LlamaMix10,mix10,pick_and_place_simple,react_baseline,,reasoning_p,4,0.5714285714285714,,0.0,0
LlamaMix10,mix10,pick_and_place_simple,react_baseline,,reasoning_p,5,0.7142857142857143,,0.0,0
LlamaMix10,mix10,pick_and_place_simple,react_baseline,,reasoning_p,6,0.8571428571428571,,0.0,0
LlamaMix10,mix10,pick_and_place_simple,react_baseline,,reasoning_p,7,1.0,,0.0,0
LlamaMix10,mix10,pick_and_place_simple,react_baseline,,action_p,0,0.0,,0.0,0
LlamaMix10,mix10,pick_and_place_simple,react_baseline,,action_p,1,0.14285714285714285,,0.0,0
LlamaMix10,mix10,pick_and_place_simple,react_baseline,,action_p,2,0.2857142857142857,,0.0,0
LlamaMix10,mix10,pick_and_place_simple,react_baseline,,action_p,3,0.42857142857142855,,0.0,0
LlamaMix10,mix10,pick_and_place_simple,react_baseline,,action_p,4,0.5714285714285714,,0.0,0
LlamaMix10,mix10,pick_and_place_simple,react_baseline,,action_p,5,0.7142857142857143,,0.0,0
LlamaMix10,mix10,pick_and_place_simple,react_baseline,,action_p,6,0.8571428571428571,,0.0,0
LlamaMix10,mix10,pick_and_place_simple,react_baseline,,action_p,7,1.0,,0.0,0
LlamaMix10,mix10,pick_and_place_simple,react_baseline,,reasoning_entropy,0,0.0,,0.0,0
LlamaMix10,mix10,pick_and_place_simple,react_baseline,,reasoning_entropy,1,0.14285714285714285,,0.0,0
LlamaMix10,mix10,pick_and_place_simple,react_baseline,,reasoning_entropy,2,0.2857142857142857,,0.0,0
LlamaMix10,mix10,pick_and_place_simple,react_baseline,,reasoning_entropy,3,0.42857142857142855,,0.0,0
LlamaMix10,mix10,pick_and_place_simple,react_baseline,,reasoning_entropy,4,0.5714285714285714,,0.0,0
LlamaMix10,mix10,pick_and_place_simple,react_baseline,,reasoning_entropy,5,0.7142857142857143,,0.0,0
LlamaMix10,mix10,pick_and_place_simple,react_baseline,,reasoning_entropy,6,0.8571428571428571,,0.0,0
LlamaMix10,mix10,pick_and_place_simple,react_baseline,,reasoning_entropy,7,1.0,,0.0,0
LlamaMix10,mix10,pick_and_place_simple,react_baseline,,action_entropy,0,0.0,,0.0,0
LlamaMix10,mix10,pick_and_place_simple,react_baseline,,action_entropy,1,0.14285714285714285,,0.0,0
LlamaMix10,mix10,pick_and_place_simple,react_baseline,,action_entropy,2,0.2857142857142857,,0.0,0
LlamaMix10,mix10,pick_and_place_simple,react_baseline,,action_entropy,3,0.42857142857142855,,0.0,0
LlamaMix10,mix10,pick_and_place_simple,react_baseline,,action_entropy,4,0.5714285714285714,,0.0,0
LlamaMix10,mix10,pick_and_place_simple,react_baseline,,action_entropy,5,0.7142857142857143,,0.0,0
LlamaMix10,mix10,pick_and_place_simple,react_baseline,,action_entropy,6,0.8571428571428571,,0.0,0
LlamaMix10,mix10,pick_and_place_simple,react_baseline,,action_entropy,7,1.0,,0.0,0
LlamaMix10,mix10,pick_and_place_simple,react_ttc_monitored,8.0,reasoning_p,0,0.0,,0.0,0
LlamaMix10,mix10,pick_and_place_simple,react_ttc_monitored,8.0,reasoning_p,1,0.14285714285714285,,0.0,0
LlamaMix10,mix10,pick_and_place_simple,react_ttc_monitored,8.0,reasoning_p,2,0.2857142857142857,,0.0,0
LlamaMix10,mix10,pick_and_place_simple,react_ttc_monitored,8.0,reasoning_p,3,0.42857142857142855,,0.0,0
LlamaMix10,mix10,pick_and_place_simple,react_ttc_monitored,8.0,reasoning_p,4,0.5714285714285714,,0.0,0
LlamaMix10,mix10,pick_and_place_simple,react_ttc_monitored,8.0,reasoning_p,5,0.7142857142857143,,0.0,0
LlamaMix10,mix10,pick_and_place_simple,react_ttc_monitored,8.0,reasoning_p,6,0.8571428571428571,,0.0,0
LlamaMix10,mix10,pick_and_place_simple,react_ttc_monitored,8.0,reasoning_p,7,1.0,,0.0,0
LlamaMix10,mix10,pick_and_place_simple,react_ttc_monitored,8.0,action_p,0,0.0,,0.0,0
LlamaMix10,mix10,pick_and_place_simple,react_ttc_monitored,8.0,action_p,1,0.14285714285714285,,0.0,0
LlamaMix10,mix10,pick_and_place_simple,react_ttc_monitored,8.0,action_p,2,0.2857142857142857,,0.0,0
LlamaMix10,mix10,pick_and_place_simple,react_ttc_monitored,8.0,action_p,3,0.42857142857142855,,0.0,0
LlamaMix10,mix10,pick_and_place_simple,react_ttc_monitored,8.0,action_p,4,0.5714285714285714,,0.0,0
LlamaMix10,mix10,pick_and_place_simple,react_ttc_monitored,8.0,action_p,5,0.7142857142857143,,0.0,0
LlamaMix10,mix10,pick_and_place_simple,react_ttc_monitored,8.0,action_p,6,0.8571428571428571,,0.0,0
LlamaMix10,mix10,pick_and_place_simple,react_ttc_monitored,8.0,action_p,7,1.0,,0.0,0
LlamaMix10,mix10,pick_and_place_simple,react_ttc_monitored,8.0,reasoning_entropy,0,0.0,0.3931418270591337,0.040214318479639063,90
LlamaMix10,mix10,pick_and_place_simple,react_ttc_monitored,8.0,reasoning_entropy,1,0.14285714285714285,0.3277575302372151,0.04035767640116183,90
LlamaMix10,mix10,pick_and_place_simple,react_ttc_monitored,8.0,reasoning_entropy,2,0.2857142857142857,0.09414611228925186,0.025645073261695798,90
LlamaMix10,mix10,pick_and_place_simple,react_ttc_monitored,8.0,reasoning_entropy,3,0.42857142857142855,0.1458094743734945,0.03246076457239259,90
LlamaMix10,mix10,pick_and_place_simple,react_ttc_monitored,8.0,reasoning_entropy,4,0.5714285714285714,0.2064203011454558,0.03938036102660862,90
LlamaMix10,mix10,pick_and_place_simple,react_ttc_monitored,8.0,reasoning_entropy,5,0.7142857142857143,0.18550698188407166,0.03629237484573576,90
LlamaMix10,mix10,pick_and_place_simple,react_ttc_monitored,8.0,reasoning_entropy,6,0.8571428571428571,0.21710469387605522,0.03777426748337571,90
LlamaMix10,mix10,pick_and_place_simple,react_ttc_monitored,8.0,reasoning_entropy,7,1.0,0.5776321818527829,0.03943322575265155,90
LlamaMix10,mix10,pick_and_place_simple,react_ttc_monitored,8.0,action_entropy,0,0.0,0.0007980538801348302,0.00016332220385186646,90
LlamaMix10,mix10,pick_and_place_simple,react_ttc_monitored,8.0,action_entropy,1,0.14285714285714285,0.011794308326681843,0.011259821254676393,90
LlamaMix10,mix10,pick_and_place_simple,react_ttc_monitored,8.0,action_entropy,2,0.2857142857142857,0.00136943940001103,0.001132865584764401,90
LlamaMix10,mix10,pick_and_place_simple,react_ttc_monitored,8.0,action_entropy,3,0.42857142857142855,0.0018124333320506788,0.0015856095133793455,90
LlamaMix10,mix10,pick_and_place_simple,react_ttc_monitored,8.0,action_entropy,4,0.5714285714285714,0.21742811906411208,0.043842045504516675,90
LlamaMix10,mix10,pick_and_place_simple,react_ttc_monitored,8.0,action_entropy,5,0.7142857142857143,0.22834918362348072,0.044829488754512405,90
LlamaMix10,mix10,pick_and_place_simple,react_ttc_monitored,8.0,action_entropy,6,0.8571428571428571,0.2917863313431859,0.04762265820695543,90
LlamaMix10,mix10,pick_and_place_simple,react_ttc_monitored,8.0,action_entropy,7,1.0,0.846389397254477,0.036194181245283084,90
LlamaMix10,mix10,pick_and_place_simple,react_ttc_monitored,16.0,reasoning_p,0,0.0,,0.0,0
LlamaMix10,mix10,pick_and_place_simple,react_ttc_monitored,16.0,reasoning_p,1,0.14285714285714285,,0.0,0
LlamaMix10,mix10,pick_and_place_simple,react_ttc_monitored,16.0,reasoning_p,2,0.2857142857142857,,0.0,0
LlamaMix10,mix10,pick_and_place_simple,react_ttc_monitored,16.0,reasoning_p,3,0.42857142857142855,,0.0,0
LlamaMix10,mix10,pick_and_place_simple,react_ttc_monitored,16.0,reasoning_p,4,0.5714285714285714,,0.0,0
LlamaMix10,mix10,pick_and_place_simple,react_ttc_monitored,16.0,reasoning_p,5,0.7142857142857143,,0.0,0
LlamaMix10,mix10,pick_and_place_simple,react_ttc_monitored,16.0,reasoning_p,6,0.8571428571428571,,0.0,0
LlamaMix10,mix10,pick_and_place_simple,react_ttc_monitored,16.0,reasoning_p,7,1.0,,0.0,0
LlamaMix10,mix10,pick_and_place_simple,react_ttc_monitored,16.0,action_p,0,0.0,,0.0,0
LlamaMix10,mix10,pick_and_place_simple,react_ttc_monitored,16.0,action_p,1,0.14285714285714285,,0.0,0
LlamaMix10,mix10,pick_and_place_simple,react_ttc_monitored,16.0,action_p,2,0.2857142857142857,,0.0,0
LlamaMix10,mix10,pick_and_place_simple,react_ttc_monitored,16.0,action_p,3,0.42857142857142855,,0.0,0
LlamaMix10,mix10,pick_and_place_simple,react_ttc_monitored,16.0,action_p,4,0.5714285714285714,,0.0,0
LlamaMix10,mix10,pick_and_place_simple,react_ttc_monitored,16.0,action_p,5,0.7142857142857143,,0.0,0
LlamaMix10,mix10,pick_and_place_simple,react_ttc_monitored,16.0,action_p,6,0.8571428571428571,,0.0,0
LlamaMix10,mix10,pick_and_place_simple,react_ttc_monitored,16.0,action_p,7,1.0,,0.0,0
LlamaMix10,mix10,pick_and_place_simple,react_ttc_monitored,16.0,reasoning_entropy,0,0.0,0.47988961872033725,0.04311745055471013,90
LlamaMix10,mix10,pick_and_place_simple,react_ttc_monitored,16.0,reasoning_entropy,1,0.14285714285714285,0.34548547748639835,0.04457517140429026,90
LlamaMix10,mix10,pick_and_place_simple,react_ttc_monitored,16.0,reasoning_entropy,2,0.2857142857142857,0.15893320279561945,0.030381676018955805,90
LlamaMix10,mix10,pick_and_place_simple,react_ttc_monitored,16.0,reasoning_entropy,3,0.42857142857142855,0.18802865199432614,0.0313735307451029,90
LlamaMix10,mix10,pick_and_place_simple,react_ttc_monitored,16.0,reasoning_entropy,4,0.5714285714285714,0.17050945496251482,0.02697576539110481,90
LlamaMix10,mix10,pick_and_place_simple,react_ttc_monitored,16.0,reasoning_entropy,5,0.7142857142857143,0.13977108426418922,0.025608412398495893,90
LlamaMix10,mix10,pick_and_place_simple,react_ttc_monitored,16.0,reasoning_entropy,6,0.8571428571428571,0.18691971187280126,0.029149031353991762,90
LlamaMix10,mix10,pick_and_place_simple,react_ttc_monitored,16.0,reasoning_entropy,7,1.0,0.5607359981694973,0.0345275039322097,90
LlamaMix10,mix10,pick_and_place_simple,react_ttc_monitored,16.0,action_entropy,0,0.0,0.011479870515177026,0.007904226609697973,90
LlamaMix10,mix10,pick_and_place_simple,react_ttc_monitored,16.0,action_entropy,1,0.14285714285714285,0.010975581248989154,0.007902279439161063,90
LlamaMix10,mix10,pick_and_place_simple,react_ttc_monitored,16.0,action_entropy,2,0.2857142857142857,0.00017408362666631986,4.21770080274604e-05,90
LlamaMix10,mix10,pick_and_place_simple,react_ttc_monitored,16.0,action_entropy,3,0.42857142857142855,0.00043684740232617685,0.00012082354124041007,90
LlamaMix10,mix10,pick_and_place_simple,react_ttc_monitored,16.0,action_entropy,4,0.5714285714285714,0.20926683593434584,0.04416355989644723,90
LlamaMix10,mix10,pick_and_place_simple,react_ttc_monitored,16.0,action_entropy,5,0.7142857142857143,0.199168069209558,0.04296308726392833,90
LlamaMix10,mix10,pick_and_place_simple,react_ttc_monitored,16.0,action_entropy,6,0.8571428571428571,0.27060586542483855,0.04725233605336779,90
LlamaMix10,mix10,pick_and_place_simple,react_ttc_monitored,16.0,action_entropy,7,1.0,0.8196575587785699,0.04049723614973153,90
LlamaMix10,mix10,pick_and_place_simple,react_ttc_monitored,32.0,reasoning_p,0,0.0,,0.0,0
LlamaMix10,mix10,pick_and_place_simple,react_ttc_monitored,32.0,reasoning_p,1,0.14285714285714285,,0.0,0
LlamaMix10,mix10,pick_and_place_simple,react_ttc_monitored,32.0,reasoning_p,2,0.2857142857142857,,0.0,0
LlamaMix10,mix10,pick_and_place_simple,react_ttc_monitored,32.0,reasoning_p,3,0.42857142857142855,,0.0,0
LlamaMix10,mix10,pick_and_place_simple,react_ttc_monitored,32.0,reasoning_p,4,0.5714285714285714,,0.0,0
LlamaMix10,mix10,pick_and_place_simple,react_ttc_monitored,32.0,reasoning_p,5,0.7142857142857143,,0.0,0
LlamaMix10,mix10,pick_and_place_simple,react_ttc_monitored,32.0,reasoning_p,6,0.8571428571428571,,0.0,0
LlamaMix10,mix10,pick_and_place_simple,react_ttc_monitored,32.0,reasoning_p,7,1.0,,0.0,0
LlamaMix10,mix10,pick_and_place_simple,react_ttc_monitored,32.0,action_p,0,0.0,,0.0,0
LlamaMix10,mix10,pick_and_place_simple,react_ttc_monitored,32.0,action_p,1,0.14285714285714285,,0.0,0
LlamaMix10,mix10,pick_and_place_simple,react_ttc_monitored,32.0,action_p,2,0.2857142857142857,,0.0,0
LlamaMix10,mix10,pick_and_place_simple,react_ttc_monitored,32.0,action_p,3,0.42857142857142855,,0.0,0
LlamaMix10,mix10,pick_and_place_simple,react_ttc_monitored,32.0,action_p,4,0.5714285714285714,,0.0,0
LlamaMix10,mix10,pick_and_place_simple,react_ttc_monitored,32.0,action_p,5,0.7142857142857143,,0.0,0
LlamaMix10,mix10,pick_and_place_simple,react_ttc_monitored,32.0,action_p,6,0.8571428571428571,,0.0,0
LlamaMix10,mix10,pick_and_place_simple,react_ttc_monitored,32.0,action_p,7,1.0,,0.0,0
LlamaMix10,mix10,pick_and_place_simple,react_ttc_monitored,32.0,reasoning_entropy,0,0.0,0.3915753480929043,0.03826469418957927,90
LlamaMix10,mix10,pick_and_place_simple,react_ttc_monitored,32.0,reasoning_entropy,1,0.14285714285714285,0.36236759799146323,0.03743263177936706,90
LlamaMix10,mix10,pick_and_place_simple,react_ttc_monitored,32.0,reasoning_entropy,2,0.2857142857142857,0.16670759490801604,0.024755856229230433,90
LlamaMix10,mix10,pick_and_place_simple,react_ttc_monitored,32.0,reasoning_entropy,3,0.42857142857142855,0.19892969994327392,0.027650070204323418,90
LlamaMix10,mix10,pick_and_place_simple,react_ttc_monitored,32.0,reasoning_entropy,4,0.5714285714285714,0.1921038285791458,0.033969736920868465,90
LlamaMix10,mix10,pick_and_place_simple,react_ttc_monitored,32.0,reasoning_entropy,5,0.7142857142857143,0.16355388104344745,0.03265669265391244,90
LlamaMix10,mix10,pick_and_place_simple,react_ttc_monitored,32.0,reasoning_entropy,6,0.8571428571428571,0.229663065271067,0.03799821118448645,90
LlamaMix10,mix10,pick_and_place_simple,react_ttc_monitored,32.0,reasoning_entropy,7,1.0,0.5415422553907798,0.037590316900192794,90
LlamaMix10,mix10,pick_and_place_simple,react_ttc_monitored,32.0,action_entropy,0,0.0,0.011677541336393916,0.0070755771240450524,90
LlamaMix10,mix10,pick_and_place_simple,react_ttc_monitored,32.0,action_entropy,1,0.14285714285714285,0.015741077415006792,0.011039338613725443,90
LlamaMix10,mix10,pick_and_place_simple,react_ttc_monitored,32.0,action_entropy,2,0.2857142857142857,0.0016223497508005252,0.0013665110478177395,90
LlamaMix10,mix10,pick_and_place_simple,react_ttc_monitored,32.0,action_entropy,3,0.42857142857142855,0.0030839184836174253,0.0028156894003719514,90
LlamaMix10,mix10,pick_and_place_simple,react_ttc_monitored,32.0,action_entropy,4,0.5714285714285714,0.18378479613473722,0.04108994239210162,90
LlamaMix10,mix10,pick_and_place_simple,react_ttc_monitored,32.0,action_entropy,5,0.7142857142857143,0.17304494479283106,0.039753464557979484,90
LlamaMix10,mix10,pick_and_place_simple,react_ttc_monitored,32.0,action_entropy,6,0.8571428571428571,0.3081439585321001,0.04656575029160332,90
LlamaMix10,mix10,pick_and_place_simple,react_ttc_monitored,32.0,action_entropy,7,1.0,0.8530731662105229,0.0355972433642551,90
LlamaMix10,mix10,pick_and_place_simple,react_ttc_monitored,64.0,reasoning_p,0,0.0,,0.0,0
LlamaMix10,mix10,pick_and_place_simple,react_ttc_monitored,64.0,reasoning_p,1,0.14285714285714285,,0.0,0
LlamaMix10,mix10,pick_and_place_simple,react_ttc_monitored,64.0,reasoning_p,2,0.2857142857142857,,0.0,0
LlamaMix10,mix10,pick_and_place_simple,react_ttc_monitored,64.0,reasoning_p,3,0.42857142857142855,,0.0,0
LlamaMix10,mix10,pick_and_place_simple,react_ttc_monitored,64.0,reasoning_p,4,0.5714285714285714,,0.0,0
LlamaMix10,mix10,pick_and_place_simple,react_ttc_monitored,64.0,reasoning_p,5,0.7142857142857143,,0.0,0
LlamaMix10,mix10,pick_and_place_simple,react_ttc_monitored,64.0,reasoning_p,6,0.8571428571428571,,0.0,0
LlamaMix10,mix10,pick_and_place_simple,react_ttc_monitored,64.0,reasoning_p,7,1.0,,0.0,0
LlamaMix10,mix10,pick_and_place_simple,react_ttc_monitored,64.0,action_p,0,0.0,,0.0,0
LlamaMix10,mix10,pick_and_place_simple,react_ttc_monitored,64.0,action_p,1,0.14285714285714285,,0.0,0
LlamaMix10,mix10,pick_and_place_simple,react_ttc_monitored,64.0,action_p,2,0.2857142857142857,,0.0,0
LlamaMix10,mix10,pick_and_place_simple,react_ttc_monitored,64.0,action_p,3,0.42857142857142855,,0.0,0
LlamaMix10,mix10,pick_and_place_simple,react_ttc_monitored,64.0,action_p,4,0.5714285714285714,,0.0,0
LlamaMix10,mix10,pick_and_place_simple,react_ttc_monitored,64.0,action_p,5,0.7142857142857143,,0.0,0
LlamaMix10,mix10,pick_and_place_simple,react_ttc_monitored,64.0,action_p,6,0.8571428571428571,,0.0,0
LlamaMix10,mix10,pick_and_place_simple,react_ttc_monitored,64.0,action_p,7,1.0,,0.0,0
LlamaMix10,mix10,pick_and_place_simple,react_ttc_monitored,64.0,reasoning_entropy,0,0.0,0.3501945523639775,0.03768892086529059,90
LlamaMix10,mix10,pick_and_place_simple,react_ttc_monitored,64.0,reasoning_entropy,1,0.14285714285714285,0.31288742839416883,0.03508519253775032,90
LlamaMix10,mix10,pick_and_place_simple,react_ttc_monitored,64.0,reasoning_entropy,2,0.2857142857142857,0.1346701955963297,0.026956101733240815,90
LlamaMix10,mix10,pick_and_place_simple,react_ttc_monitored,64.0,reasoning_entropy,3,0.42857142857142855,0.15015978477693145,0.02824234590053616,90
LlamaMix10,mix10,pick_and_place_simple,react_ttc_monitored,64.0,reasoning_entropy,4,0.5714285714285714,0.12868683398979,0.025499744350627282,90
LlamaMix10,mix10,pick_and_place_simple,react_ttc_monitored,64.0,reasoning_entropy,5,0.7142857142857143,0.13608329391851604,0.025223308916632044,90
LlamaMix10,mix10,pick_and_place_simple,react_ttc_monitored,64.0,reasoning_entropy,6,0.8571428571428571,0.21276954248588512,0.03102870174621057,90
LlamaMix10,mix10,pick_and_place_simple,react_ttc_monitored,64.0,reasoning_entropy,7,1.0,0.5821949357691008,0.0323008345090039,90
LlamaMix10,mix10,pick_and_place_simple,react_ttc_monitored,64.0,action_entropy,0,0.0,0.012337876764164927,0.00865504232658326,90
LlamaMix10,mix10,pick_and_place_simple,react_ttc_monitored,64.0,action_entropy,1,0.14285714285714285,0.012248822019530634,0.008656383645826868,90
LlamaMix10,mix10,pick_and_place_simple,react_ttc_monitored,64.0,action_entropy,2,0.2857142857142857,0.004025849205184482,0.0038167176306698716,90
LlamaMix10,mix10,pick_and_place_simple,react_ttc_monitored,64.0,action_entropy,3,0.42857142857142855,0.009400507489643958,0.00653571900881063,90
LlamaMix10,mix10,pick_and_place_simple,react_ttc_monitored,64.0,action_entropy,4,0.5714285714285714,0.2023175666347132,0.04300855474637828,90
LlamaMix10,mix10,pick_and_place_simple,react_ttc_monitored,64.0,action_entropy,5,0.7142857142857143,0.191645972040511,0.041807437511351006,90
LlamaMix10,mix10,pick_and_place_simple,react_ttc_monitored,64.0,action_entropy,6,0.8571428571428571,0.30919726196200453,0.04758844675392668,90
LlamaMix10,mix10,pick_and_place_simple,react_ttc_monitored,64.0,action_entropy,7,1.0,0.8450232466859321,0.03714548229446688,90
LlamaMix10,mix10,pick_and_place_simple,react_ttc_monitored,128.0,reasoning_p,0,0.0,,0.0,0
LlamaMix10,mix10,pick_and_place_simple,react_ttc_monitored,128.0,reasoning_p,1,0.14285714285714285,,0.0,0
LlamaMix10,mix10,pick_and_place_simple,react_ttc_monitored,128.0,reasoning_p,2,0.2857142857142857,,0.0,0
LlamaMix10,mix10,pick_and_place_simple,react_ttc_monitored,128.0,reasoning_p,3,0.42857142857142855,,0.0,0
LlamaMix10,mix10,pick_and_place_simple,react_ttc_monitored,128.0,reasoning_p,4,0.5714285714285714,,0.0,0
LlamaMix10,mix10,pick_and_place_simple,react_ttc_monitored,128.0,reasoning_p,5,0.7142857142857143,,0.0,0
LlamaMix10,mix10,pick_and_place_simple,react_ttc_monitored,128.0,reasoning_p,6,0.8571428571428571,,0.0,0
LlamaMix10,mix10,pick_and_place_simple,react_ttc_monitored,128.0,reasoning_p,7,1.0,,0.0,0
LlamaMix10,mix10,pick_and_place_simple,react_ttc_monitored,128.0,action_p,0,0.0,,0.0,0
LlamaMix10,mix10,pick_and_place_simple,react_ttc_monitored,128.0,action_p,1,0.14285714285714285,,0.0,0
LlamaMix10,mix10,pick_and_place_simple,react_ttc_monitored,128.0,action_p,2,0.2857142857142857,,0.0,0
LlamaMix10,mix10,pick_and_place_simple,react_ttc_monitored,128.0,action_p,3,0.42857142857142855,,0.0,0
LlamaMix10,mix10,pick_and_place_simple,react_ttc_monitored,128.0,action_p,4,0.5714285714285714,,0.0,0
LlamaMix10,mix10,pick_and_place_simple,react_ttc_monitored,128.0,action_p,5,0.7142857142857143,,0.0,0
LlamaMix10,mix10,pick_and_place_simple,react_ttc_monitored,128.0,action_p,6,0.8571428571428571,,0.0,0
LlamaMix10,mix10,pick_and_place_simple,react_ttc_monitored,128.0,action_p,7,1.0,,0.0,0
LlamaMix10,mix10,pick_and_place_simple,react_ttc_monitored,128.0,reasoning_entropy,0,0.0,0.38690415006202034,0.03957139279530719,90
LlamaMix10,mix10,pick_and_place_simple,react_ttc_monitored,128.0,reasoning_entropy,1,0.14285714285714285,0.310793168488317,0.039011017706491895,90
LlamaMix10,mix10,pick_and_place_simple,react_ttc_monitored,128.0,reasoning_entropy,2,0.2857142857142857,0.17208747938894803,0.028807674237369508,90
LlamaMix10,mix10,pick_and_place_simple,react_ttc_monitored,128.0,reasoning_entropy,3,0.42857142857142855,0.2099307057837532,0.029820354490563396,90
LlamaMix10,mix10,pick_and_place_simple,react_ttc_monitored,128.0,reasoning_entropy,4,0.5714285714285714,0.23783566455329583,0.033765980212873865,90
LlamaMix10,mix10,pick_and_place_simple,react_ttc_monitored,128.0,reasoning_entropy,5,0.7142857142857143,0.2261128137464198,0.031450643280634835,90
LlamaMix10,mix10,pick_and_place_simple,react_ttc_monitored,128.0,reasoning_entropy,6,0.8571428571428571,0.3036759693231639,0.03599564393271203,90
LlamaMix10,mix10,pick_and_place_simple,react_ttc_monitored,128.0,reasoning_entropy,7,1.0,0.6107214347762713,0.0317090759676979,90
LlamaMix10,mix10,pick_and_place_simple,react_ttc_monitored,128.0,action_entropy,0,0.0,0.0035352686475056947,0.0015223121247285693,90
LlamaMix10,mix10,pick_and_place_simple,react_ttc_monitored,128.0,action_entropy,1,0.14285714285714285,0.0034509337170186343,0.0015241037335146136,90
LlamaMix10,mix10,pick_and_place_simple,react_ttc_monitored,128.0,action_entropy,2,0.2857142857142857,0.00030888832183750847,8.323796510358497e-05,90
LlamaMix10,mix10,pick_and_place_simple,react_ttc_monitored,128.0,action_entropy,3,0.42857142857142855,0.0002727220789881144,7.660580468561276e-05,90
LlamaMix10,mix10,pick_and_place_simple,react_ttc_monitored,128.0,action_entropy,4,0.5714285714285714,0.23825583090649627,0.0458808761056281,90
LlamaMix10,mix10,pick_and_place_simple,react_ttc_monitored,128.0,action_entropy,5,0.7142857142857143,0.2383308901249817,0.04587652703351298,90
LlamaMix10,mix10,pick_and_place_simple,react_ttc_monitored,128.0,action_entropy,6,0.8571428571428571,0.3467948460613794,0.05089129296447122,90
LlamaMix10,mix10,pick_and_place_simple,react_ttc_monitored,128.0,action_entropy,7,1.0,0.9025107844056275,0.03225858729388102,90
LlamaMix10,mix10,pick_and_place_simple,react_ttc_monitored,256.0,reasoning_p,0,0.0,,0.0,0
LlamaMix10,mix10,pick_and_place_simple,react_ttc_monitored,256.0,reasoning_p,1,0.14285714285714285,,0.0,0
LlamaMix10,mix10,pick_and_place_simple,react_ttc_monitored,256.0,reasoning_p,2,0.2857142857142857,,0.0,0
LlamaMix10,mix10,pick_and_place_simple,react_ttc_monitored,256.0,reasoning_p,3,0.42857142857142855,,0.0,0
LlamaMix10,mix10,pick_and_place_simple,react_ttc_monitored,256.0,reasoning_p,4,0.5714285714285714,,0.0,0
LlamaMix10,mix10,pick_and_place_simple,react_ttc_monitored,256.0,reasoning_p,5,0.7142857142857143,,0.0,0
LlamaMix10,mix10,pick_and_place_simple,react_ttc_monitored,256.0,reasoning_p,6,0.8571428571428571,,0.0,0
LlamaMix10,mix10,pick_and_place_simple,react_ttc_monitored,256.0,reasoning_p,7,1.0,,0.0,0
LlamaMix10,mix10,pick_and_place_simple,react_ttc_monitored,256.0,action_p,0,0.0,,0.0,0
LlamaMix10,mix10,pick_and_place_simple,react_ttc_monitored,256.0,action_p,1,0.14285714285714285,,0.0,0
LlamaMix10,mix10,pick_and_place_simple,react_ttc_monitored,256.0,action_p,2,0.2857142857142857,,0.0,0
LlamaMix10,mix10,pick_and_place_simple,react_ttc_monitored,256.0,action_p,3,0.42857142857142855,,0.0,0
LlamaMix10,mix10,pick_and_place_simple,react_ttc_monitored,256.0,action_p,4,0.5714285714285714,,0.0,0
LlamaMix10,mix10,pick_and_place_simple,react_ttc_monitored,256.0,action_p,5,0.7142857142857143,,0.0,0
LlamaMix10,mix10,pick_and_place_simple,react_ttc_monitored,256.0,action_p,6,0.8571428571428571,,0.0,0
LlamaMix10,mix10,pick_and_place_simple,react_ttc_monitored,256.0,action_p,7,1.0,,0.0,0
LlamaMix10,mix10,pick_and_place_simple,react_ttc_monitored,256.0,reasoning_entropy,0,0.0,0.3722585335941307,0.03834982217168519,90
LlamaMix10,mix10,pick_and_place_simple,react_ttc_monitored,256.0,reasoning_entropy,1,0.14285714285714285,0.36179712911671996,0.0372997987044051,90
LlamaMix10,mix10,pick_and_place_simple,react_ttc_monitored,256.0,reasoning_entropy,2,0.2857142857142857,0.15600704382238034,0.026874406815323364,90
LlamaMix10,mix10,pick_and_place_simple,react_ttc_monitored,256.0,reasoning_entropy,3,0.42857142857142855,0.20831115473378034,0.0302063074640785,90
LlamaMix10,mix10,pick_and_place_simple,react_ttc_monitored,256.0,reasoning_entropy,4,0.5714285714285714,0.1922990309319052,0.03339181935330482,90
LlamaMix10,mix10,pick_and_place_simple,react_ttc_monitored,256.0,reasoning_entropy,5,0.7142857142857143,0.18157303600283956,0.03291089936162417,90
LlamaMix10,mix10,pick_and_place_simple,react_ttc_monitored,256.0,reasoning_entropy,6,0.8571428571428571,0.28268076371337425,0.03835050906411999,90
LlamaMix10,mix10,pick_and_place_simple,react_ttc_monitored,256.0,reasoning_entropy,7,1.0,0.6229996049872981,0.031295717629110716,90
LlamaMix10,mix10,pick_and_place_simple,react_ttc_monitored,256.0,action_entropy,0,0.0,0.02487526831432155,0.01271337639269407,90
LlamaMix10,mix10,pick_and_place_simple,react_ttc_monitored,256.0,action_entropy,1,0.14285714285714285,0.024793647584435138,0.012715111599915192,90
LlamaMix10,mix10,pick_and_place_simple,react_ttc_monitored,256.0,action_entropy,2,0.2857142857142857,0.005996786774759709,0.005749039917275173,90
LlamaMix10,mix10,pick_and_place_simple,react_ttc_monitored,256.0,action_entropy,3,0.42857142857142855,0.01705405431240237,0.012142983006442403,90
LlamaMix10,mix10,pick_and_place_simple,react_ttc_monitored,256.0,action_entropy,4,0.5714285714285714,0.21504035213134035,0.04418014380073966,90
LlamaMix10,mix10,pick_and_place_simple,react_ttc_monitored,256.0,action_entropy,5,0.7142857142857143,0.20465816227742215,0.04304605196299618,90
LlamaMix10,mix10,pick_and_place_simple,react_ttc_monitored,256.0,action_entropy,6,0.8571428571428571,0.3274048603645375,0.048636155761391284,90
LlamaMix10,mix10,pick_and_place_simple,react_ttc_monitored,256.0,action_entropy,7,1.0,0.8646002861381924,0.03410635661976366,90
LlamaMix50,mix50,pick_and_place_simple,react_baseline,,reasoning_p,0,0.0,,0.0,0
LlamaMix50,mix50,pick_and_place_simple,react_baseline,,reasoning_p,1,0.14285714285714285,,0.0,0
LlamaMix50,mix50,pick_and_place_simple,react_baseline,,reasoning_p,2,0.2857142857142857,,0.0,0
LlamaMix50,mix50,pick_and_place_simple,react_baseline,,reasoning_p,3,0.42857142857142855,,0.0,0
LlamaMix50,mix50,pick_and_place_simple,react_baseline,,reasoning_p,4,0.5714285714285714,,0.0,0
LlamaMix50,mix50,pick_and_place_simple,react_baseline,,reasoning_p,5,0.7142857142857143,,0.0,0
LlamaMix50,mix50,pick_and_place_simple,react_baseline,,reasoning_p,6,0.8571428571428571,,0.0,0
LlamaMix50,mix50,pick_and_place_simple,react_baseline,,reasoning_p,7,1.0,,0.0,0
LlamaMix50,mix50,pick_and_place_simple,react_baseline,,action_p,0,0.0,,0.0,0
LlamaMix50,mix50,pick_and_place_simple,react_baseline,,action_p,1,0.14285714285714285,,0.0,0
LlamaMix50,mix50,pick_and_place_simple,react_baseline,,action_p,2,0.2857142857142857,,0.0,0
LlamaMix50,mix50,pick_and_place_simple,react_baseline,,action_p,3,0.42857142857142855,,0.0,0
LlamaMix50,mix50,pick_and_place_simple,react_baseline,,action_p,4,0.5714285714285714,,0.0,0
LlamaMix50,mix50,pick_and_place_simple,react_baseline,,action_p,5,0.7142857142857143,,0.0,0
LlamaMix50,mix50,pick_and_place_simple,react_baseline,,action_p,6,0.8571428571428571,,0.0,0
LlamaMix50,mix50,pick_and_place_simple,react_baseline,,action_p,7,1.0,,0.0,0
LlamaMix50,mix50,pick_and_place_simple,react_baseline,,reasoning_entropy,0,0.0,,0.0,0
LlamaMix50,mix50,pick_and_place_simple,react_baseline,,reasoning_entropy,1,0.14285714285714285,,0.0,0
LlamaMix50,mix50,pick_and_place_simple,react_baseline,,reasoning_entropy,2,0.2857142857142857,,0.0,0
LlamaMix50,mix50,pick_and_place_simple,react_baseline,,reasoning_entropy,3,0.42857142857142855,,0.0,0
LlamaMix50,mix50,pick_and_place_simple,react_baseline,,reasoning_entropy,4,0.5714285714285714,,0.0,0
LlamaMix50,mix50,pick_and_place_simple,react_baseline,,reasoning_entropy,5,0.7142857142857143,,0.0,0
LlamaMix50,mix50,pick_and_place_simple,react_baseline,,reasoning_entropy,6,0.8571428571428571,,0.0,0
LlamaMix50,mix50,pick_and_place_simple,react_baseline,,reasoning_entropy,7,1.0,,0.0,0
LlamaMix50,mix50,pick_and_place_simple,react_baseline,,action_entropy,0,0.0,,0.0,0
LlamaMix50,mix50,pick_and_place_simple,react_baseline,,action_entropy,1,0.14285714285714285,,0.0,0
LlamaMix50,mix50,pick_and_place_simple,react_baseline,,action_entropy,2,0.2857142857142857,,0.0,0
LlamaMix50,mix50,pick_and_place_simple,react_baseline,,action_entropy,3,0.42857142857142855,,0.0,0
LlamaMix50,mix50,pick_and_place_simple,react_baseline,,action_entropy,4,0.5714285714285714,,0.0,0
LlamaMix50,mix50,pick_and_place_simple,react_baseline,,action_entropy,5,0.7142857142857143,,0.0,0
LlamaMix50,mix50,pick_and_place_simple,react_baseline,,action_entropy,6,0.8571428571428571,,0.0,0
LlamaMix50,mix50,pick_and_place_simple,react_baseline,,action_entropy,7,1.0,,0.0,0
LlamaMix50,mix50,pick_and_place_simple,react_ttc_monitored,8.0,reasoning_p,0,0.0,,0.0,0
LlamaMix50,mix50,pick_and_place_simple,react_ttc_monitored,8.0,reasoning_p,1,0.14285714285714285,,0.0,0
LlamaMix50,mix50,pick_and_place_simple,react_ttc_monitored,8.0,reasoning_p,2,0.2857142857142857,,0.0,0
LlamaMix50,mix50,pick_and_place_simple,react_ttc_monitored,8.0,reasoning_p,3,0.42857142857142855,,0.0,0
LlamaMix50,mix50,pick_and_place_simple,react_ttc_monitored,8.0,reasoning_p,4,0.5714285714285714,,0.0,0
LlamaMix50,mix50,pick_and_place_simple,react_ttc_monitored,8.0,reasoning_p,5,0.7142857142857143,,0.0,0
LlamaMix50,mix50,pick_and_place_simple,react_ttc_monitored,8.0,reasoning_p,6,0.8571428571428571,,0.0,0
LlamaMix50,mix50,pick_and_place_simple,react_ttc_monitored,8.0,reasoning_p,7,1.0,,0.0,0
LlamaMix50,mix50,pick_and_place_simple,react_ttc_monitored,8.0,action_p,0,0.0,,0.0,0
LlamaMix50,mix50,pick_and_place_simple,react_ttc_monitored,8.0,action_p,1,0.14285714285714285,,0.0,0
LlamaMix50,mix50,pick_and_place_simple,react_ttc_monitored,8.0,action_p,2,0.2857142857142857,,0.0,0
LlamaMix50,mix50,pick_and_place_simple,react_ttc_monitored,8.0,action_p,3,0.42857142857142855,,0.0,0
LlamaMix50,mix50,pick_and_place_simple,react_ttc_monitored,8.0,action_p,4,0.5714285714285714,,0.0,0
LlamaMix50,mix50,pick_and_place_simple,react_ttc_monitored,8.0,action_p,5,0.7142857142857143,,0.0,0
LlamaMix50,mix50,pick_and_place_simple,react_ttc_monitored,8.0,action_p,6,0.8571428571428571,,0.0,0
LlamaMix50,mix50,pick_and_place_simple,react_ttc_monitored,8.0,action_p,7,1.0,,0.0,0
LlamaMix50,mix50,pick_and_place_simple,react_ttc_monitored,8.0,reasoning_entropy,0,0.0,0.38309853655151377,0.04075999577383414,90
LlamaMix50,mix50,pick_and_place_simple,react_ttc_monitored,8.0,reasoning_entropy,1,0.14285714285714285,0.36647275517323596,0.03971064241404505,90
LlamaMix50,mix50,pick_and_place_simple,react_ttc_monitored,8.0,reasoning_entropy,2,0.2857142857142857,0.04014214107120667,0.02015698953389013,90
LlamaMix50,mix50,pick_and_place_simple,react_ttc_monitored,8.0,reasoning_entropy,3,0.42857142857142855,0.1133026090137156,0.025690258536454767,90
LlamaMix50,mix50,pick_and_place_simple,react_ttc_monitored,8.0,reasoning_entropy,4,0.5714285714285714,0.0008471337812380106,0.0005018991695614647,90
LlamaMix50,mix50,pick_and_place_simple,react_ttc_monitored,8.0,reasoning_entropy,5,0.7142857142857143,0.0008526011416542205,0.0005018230724313772,90
LlamaMix50,mix50,pick_and_place_simple,react_ttc_monitored,8.0,reasoning_entropy,6,0.8571428571428571,0.054481333181518446,0.020830403011637452,90
LlamaMix50,mix50,pick_and_place_simple,react_ttc_monitored,8.0,reasoning_entropy,7,1.0,0.030691974477494513,0.0022188330562372413,90
LlamaMix50,mix50,pick_and_place_simple,react_ttc_monitored,8.0,action_entropy,0,0.0,0.0017641470605869675,0.0005596036878212341,90
LlamaMix50,mix50,pick_and_place_simple,react_ttc_monitored,8.0,action_entropy,1,0.14285714285714285,0.001705032736960119,0.0005610827728071694,90
LlamaMix50,mix50,pick_and_place_simple,react_ttc_monitored,8.0,action_entropy,2,0.2857142857142857,0.00019603853645276746,3.580238664245624e-05,90
LlamaMix50,mix50,pick_and_place_simple,react_ttc_monitored,8.0,action_entropy,3,0.42857142857142855,0.00040515398689340814,4.342314453199344e-05,90
LlamaMix50,mix50,pick_and_place_simple,react_ttc_monitored,8.0,action_entropy,4,0.5714285714285714,0.012642664503488703,0.00626197664146933,90
LlamaMix50,mix50,pick_and_place_simple,react_ttc_monitored,8.0,action_entropy,5,0.7142857142857143,0.012698217311584622,0.006260774454802005,90
LlamaMix50,mix50,pick_and_place_simple,react_ttc_monitored,8.0,action_entropy,6,0.8571428571428571,0.015530812049257268,0.006836081684002024,90
LlamaMix50,mix50,pick_and_place_simple,react_ttc_monitored,8.0,action_entropy,7,1.0,0.2316454718510958,0.010366724168225143,90
LlamaMix50,mix50,pick_and_place_simple,react_ttc_monitored,16.0,reasoning_p,0,0.0,,0.0,0
LlamaMix50,mix50,pick_and_place_simple,react_ttc_monitored,16.0,reasoning_p,1,0.14285714285714285,,0.0,0
LlamaMix50,mix50,pick_and_place_simple,react_ttc_monitored,16.0,reasoning_p,2,0.2857142857142857,,0.0,0
LlamaMix50,mix50,pick_and_place_simple,react_ttc_monitored,16.0,reasoning_p,3,0.42857142857142855,,0.0,0
LlamaMix50,mix50,pick_and_place_simple,react_ttc_monitored,16.0,reasoning_p,4,0.5714285714285714,,0.0,0
LlamaMix50,mix50,pick_and_place_simple,react_ttc_monitored,16.0,reasoning_p,5,0.7142857142857143,,0.0,0
LlamaMix50,mix50,pick_and_place_simple,react_ttc_monitored,16.0,reasoning_p,6,0.8571428571428571,,0.0,0
LlamaMix50,mix50,pick_and_place_simple,react_ttc_monitored,16.0,reasoning_p,7,1.0,,0.0,0
LlamaMix50,mix50,pick_and_place_simple,react_ttc_monitored,16.0,action_p,0,0.0,,0.0,0
LlamaMix50,mix50,pick_and_place_simple,react_ttc_monitored,16.0,action_p,1,0.14285714285714285,,0.0,0
LlamaMix50,mix50,pick_and_place_simple,react_ttc_monitored,16.0,action_p,2,0.2857142857142857,,0.0,0
LlamaMix50,mix50,pick_and_place_simple,react_ttc_monitored,16.0,action_p,3,0.42857142857142855,,0.0,0
LlamaMix50,mix50,pick_and_place_simple,react_ttc_monitored,16.0,action_p,4,0.5714285714285714,,0.0,0
LlamaMix50,mix50,pick_and_place_simple,react_ttc_monitored,16.0,action_p,5,0.7142857142857143,,0.0,0
LlamaMix50,mix50,pick_and_place_simple,react_ttc_monitored,16.0,action_p,6,0.8571428571428571,,0.0,0
LlamaMix50,mix50,pick_and_place_simple,react_ttc_monitored,16.0,action_p,7,1.0,,0.0,0
LlamaMix50,mix50,pick_and_place_simple,react_ttc_monitored,16.0,reasoning_entropy,0,0.0,0.42607198939768093,0.04257138354281174,90
LlamaMix50,mix50,pick_and_place_simple,react_ttc_monitored,16.0,reasoning_entropy,1,0.14285714285714285,0.3987956682767054,0.040938700751056774,90
LlamaMix50,mix50,pick_and_place_simple,react_ttc_monitored,16.0,reasoning_entropy,2,0.2857142857142857,0.021646616187374235,0.013974178229749001,90
LlamaMix50,mix50,pick_and_place_simple,react_ttc_monitored,16.0,reasoning_entropy,3,0.42857142857142855,0.10689969591256557,0.0253672423158977,90
LlamaMix50,mix50,pick_and_place_simple,react_ttc_monitored,16.0,reasoning_entropy,4,0.5714285714285714,0.0009507005853615244,0.0007524568142020555,90
LlamaMix50,mix50,pick_and_place_simple,react_ttc_monitored,16.0,reasoning_entropy,5,0.7142857142857143,0.0009562191060592795,0.000752407683932709,90
LlamaMix50,mix50,pick_and_place_simple,react_ttc_monitored,16.0,reasoning_entropy,6,0.8571428571428571,0.05665650174628189,0.023240968654321955,90
LlamaMix50,mix50,pick_and_place_simple,react_ttc_monitored,16.0,reasoning_entropy,7,1.0,0.0322564004769501,0.0020576883035466234,90
LlamaMix50,mix50,pick_and_place_simple,react_ttc_monitored,16.0,action_entropy,0,0.0,0.002996325089447459,0.0016622567953625221,90
LlamaMix50,mix50,pick_and_place_simple,react_ttc_monitored,16.0,action_entropy,1,0.14285714285714285,0.0029564754728375595,0.001662929271804544,90
LlamaMix50,mix50,pick_and_place_simple,react_ttc_monitored,16.0,action_entropy,2,0.2857142857142857,0.00020991192673058915,3.592170136770762e-05,90
LlamaMix50,mix50,pick_and_place_simple,react_ttc_monitored,16.0,action_entropy,3,0.42857142857142855,0.007764504462868281,0.00613522769684682,90
LlamaMix50,mix50,pick_and_place_simple,react_ttc_monitored,16.0,action_entropy,4,0.5714285714285714,0.007695159811647373,0.005454513465483471,90
LlamaMix50,mix50,pick_and_place_simple,react_ttc_monitored,16.0,action_entropy,5,0.7142857142857143,0.0077208208444239975,0.0054541306970644875,90
LlamaMix50,mix50,pick_and_place_simple,react_ttc_monitored,16.0,action_entropy,6,0.8571428571428571,0.013371290293041283,0.006729546731126895,90
LlamaMix50,mix50,pick_and_place_simple,react_ttc_monitored,16.0,action_entropy,7,1.0,0.2278876946962716,0.010325105377591397,90
LlamaMix50,mix50,pick_and_place_simple,react_ttc_monitored,32.0,reasoning_p,0,0.0,,0.0,0
LlamaMix50,mix50,pick_and_place_simple,react_ttc_monitored,32.0,reasoning_p,1,0.14285714285714285,,0.0,0
LlamaMix50,mix50,pick_and_place_simple,react_ttc_monitored,32.0,reasoning_p,2,0.2857142857142857,,0.0,0
LlamaMix50,mix50,pick_and_place_simple,react_ttc_monitored,32.0,reasoning_p,3,0.42857142857142855,,0.0,0
LlamaMix50,mix50,pick_and_place_simple,react_ttc_monitored,32.0,reasoning_p,4,0.5714285714285714,,0.0,0
LlamaMix50,mix50,pick_and_place_simple,react_ttc_monitored,32.0,reasoning_p,5,0.7142857142857143,,0.0,0
LlamaMix50,mix50,pick_and_place_simple,react_ttc_monitored,32.0,reasoning_p,6,0.8571428571428571,,0.0,0
LlamaMix50,mix50,pick_and_place_simple,react_ttc_monitored,32.0,reasoning_p,7,1.0,,0.0,0
LlamaMix50,mix50,pick_and_place_simple,react_ttc_monitored,32.0,action_p,0,0.0,,0.0,0
LlamaMix50,mix50,pick_and_place_simple,react_ttc_monitored,32.0,action_p,1,0.14285714285714285,,0.0,0
LlamaMix50,mix50,pick_and_place_simple,react_ttc_monitored,32.0,action_p,2,0.2857142857142857,,0.0,0
LlamaMix50,mix50,pick_and_place_simple,react_ttc_monitored,32.0,action_p,3,0.42857142857142855,,0.0,0
LlamaMix50,mix50,pick_and_place_simple,react_ttc_monitored,32.0,action_p,4,0.5714285714285714,,0.0,0
LlamaMix50,mix50,pick_and_place_simple,react_ttc_monitored,32.0,action_p,5,0.7142857142857143,,0.0,0
LlamaMix50,mix50,pick_and_place_simple,react_ttc_monitored,32.0,action_p,6,0.8571428571428571,,0.0,0
LlamaMix50,mix50,pick_and_place_simple,react_ttc_monitored,32.0,action_p,7,1.0,,0.0,0
LlamaMix50,mix50,pick_and_place_simple,react_ttc_monitored,32.0,reasoning_entropy,0,0.0,0.4439505985273627,0.04502728619736751,90
LlamaMix50,mix50,pick_and_place_simple,react_ttc_monitored,32.0,reasoning_entropy,1,0.14285714285714285,0.4236903852236179,0.04509953614086434,90
LlamaMix50,mix50,pick_and_place_simple,react_ttc_monitored,32.0,reasoning_entropy,2,0.2857142857142857,0.052508755534139584,0.02373531218085289,90
LlamaMix50,mix50,pick_and_place_simple,react_ttc_monitored,32.0,reasoning_entropy,3,0.42857142857142855,0.11893832095737997,0.02817947449134564,90
LlamaMix50,mix50,pick_and_place_simple,react_ttc_monitored,32.0,reasoning_entropy,4,0.5714285714285714,0.0014080369365354934,0.0007359707088546365,90
LlamaMix50,mix50,pick_and_place_simple,react_ttc_monitored,32.0,reasoning_entropy,5,0.7142857142857143,0.001470284870503781,0.0007381656983710273,90
LlamaMix50,mix50,pick_and_place_simple,react_ttc_monitored,32.0,reasoning_entropy,6,0.8571428571428571,0.05848821625642168,0.023112652857698857,90
LlamaMix50,mix50,pick_and_place_simple,react_ttc_monitored,32.0,reasoning_entropy,7,1.0,0.031578303998376925,0.0018990154683842173,90
LlamaMix50,mix50,pick_and_place_simple,react_ttc_monitored,32.0,action_entropy,0,0.0,0.015305631308163155,0.008799096901754193,90
LlamaMix50,mix50,pick_and_place_simple,react_ttc_monitored,32.0,action_entropy,1,0.14285714285714285,0.010291829585092198,0.007331355227851644,90
LlamaMix50,mix50,pick_and_place_simple,react_ttc_monitored,32.0,action_entropy,2,0.2857142857142857,0.0002070760932173621,3.00634224507013e-05,90
LlamaMix50,mix50,pick_and_place_simple,react_ttc_monitored,32.0,action_entropy,3,0.42857142857142855,0.001899925400643771,0.001496988074161321,90
LlamaMix50,mix50,pick_and_place_simple,react_ttc_monitored,32.0,action_entropy,4,0.5714285714285714,0.01774554073911063,0.007789817907822124,90
LlamaMix50,mix50,pick_and_place_simple,react_ttc_monitored,32.0,action_entropy,5,0.7142857142857143,0.01777504581229637,0.0077890874332002345,90
LlamaMix50,mix50,pick_and_place_simple,react_ttc_monitored,32.0,action_entropy,6,0.8571428571428571,0.022411059948007742,0.008973653864568087,90
LlamaMix50,mix50,pick_and_place_simple,react_ttc_monitored,32.0,action_entropy,7,1.0,0.22705077658679196,0.010214125180730295,90
LlamaMix50,mix50,pick_and_place_simple,react_ttc_monitored,64.0,reasoning_p,0,0.0,,0.0,0
LlamaMix50,mix50,pick_and_place_simple,react_ttc_monitored,64.0,reasoning_p,1,0.14285714285714285,,0.0,0
LlamaMix50,mix50,pick_and_place_simple,react_ttc_monitored,64.0,reasoning_p,2,0.2857142857142857,,0.0,0
LlamaMix50,mix50,pick_and_place_simple,react_ttc_monitored,64.0,reasoning_p,3,0.42857142857142855,,0.0,0
LlamaMix50,mix50,pick_and_place_simple,react_ttc_monitored,64.0,reasoning_p,4,0.5714285714285714,,0.0,0
LlamaMix50,mix50,pick_and_place_simple,react_ttc_monitored,64.0,reasoning_p,5,0.7142857142857143,,0.0,0
LlamaMix50,mix50,pick_and_place_simple,react_ttc_monitored,64.0,reasoning_p,6,0.8571428571428571,,0.0,0
LlamaMix50,mix50,pick_and_place_simple,react_ttc_monitored,64.0,reasoning_p,7,1.0,,0.0,0
LlamaMix50,mix50,pick_and_place_simple,react_ttc_monitored,64.0,action_p,0,0.0,,0.0,0
LlamaMix50,mix50,pick_and_place_simple,react_ttc_monitored,64.0,action_p,1,0.14285714285714285,,0.0,0
LlamaMix50,mix50,pick_and_place_simple,react_ttc_monitored,64.0,action_p,2,0.2857142857142857,,0.0,0
LlamaMix50,mix50,pick_and_place_simple,react_ttc_monitored,64.0,action_p,3,0.42857142857142855,,0.0,0
LlamaMix50,mix50,pick_and_place_simple,react_ttc_monitored,64.0,action_p,4,0.5714285714285714,,0.0,0
LlamaMix50,mix50,pick_and_place_simple,react_ttc_monitored,64.0,action_p,5,0.7142857142857143,,0.0,0
LlamaMix50,mix50,pick_and_place_simple,react_ttc_monitored,64.0,action_p,6,0.8571428571428571,,0.0,0
LlamaMix50,mix50,pick_and_place_simple,react_ttc_monitored,64.0,action_p,7,1.0,,0.0,0
LlamaMix50,mix50,pick_and_place_simple,react_ttc_monitored,64.0,reasoning_entropy,0,0.0,0.5089189590323031,0.04694896265316322,90
LlamaMix50,mix50,pick_and_place_simple,react_ttc_monitored,64.0,reasoning_entropy,1,0.14285714285714285,0.4919242771383648,0.046944167952060196,90
LlamaMix50,mix50,pick_and_place_simple,react_ttc_monitored,64.0,reasoning_entropy,2,0.2857142857142857,0.033939841853798954,0.019633429759789434,90
LlamaMix50,mix50,pick_and_place_simple,react_ttc_monitored,64.0,reasoning_entropy,3,0.42857142857142855,0.10373198894042085,0.02676702447993023,90
LlamaMix50,mix50,pick_and_place_simple,react_ttc_monitored,64.0,reasoning_entropy,4,0.5714285714285714,0.000832421636275916,0.0005716793084141001,90
LlamaMix50,mix50,pick_and_place_simple,react_ttc_monitored,64.0,reasoning_entropy,5,0.7142857142857143,0.0008385268029622168,0.000571660024726144,90
LlamaMix50,mix50,pick_and_place_simple,react_ttc_monitored,64.0,reasoning_entropy,6,0.8571428571428571,0.07707761857841305,0.025652965362991432,90
LlamaMix50,mix50,pick_and_place_simple,react_ttc_monitored,64.0,reasoning_entropy,7,1.0,0.030012660021826825,0.0018057029859924556,90
LlamaMix50,mix50,pick_and_place_simple,react_ttc_monitored,64.0,action_entropy,0,0.0,0.0017829165116482828,0.0005545388182136983,90
LlamaMix50,mix50,pick_and_place_simple,react_ttc_monitored,64.0,action_entropy,1,0.14285714285714285,0.0017306966924227002,0.0005559215806155242,90
LlamaMix50,mix50,pick_and_place_simple,react_ttc_monitored,64.0,action_entropy,2,0.2857142857142857,0.00019146942393381518,2.683620074982853e-05,90
LlamaMix50,mix50,pick_and_place_simple,react_ttc_monitored,64.0,action_entropy,3,0.42857142857142855,0.00046713374554169983,6.905216924572964e-05,90
LlamaMix50,mix50,pick_and_place_simple,react_ttc_monitored,64.0,action_entropy,4,0.5714285714285714,0.01047402057251548,0.0060538990095830286,90
LlamaMix50,mix50,pick_and_place_simple,react_ttc_monitored,64.0,action_entropy,5,0.7142857142857143,0.010501132221113025,0.006053396196895943,90
LlamaMix50,mix50,pick_and_place_simple,react_ttc_monitored,64.0,action_entropy,6,0.8571428571428571,0.010484069378128378,0.006053707808256166,90
LlamaMix50,mix50,pick_and_place_simple,react_ttc_monitored,64.0,action_entropy,7,1.0,0.2223956811857542,0.010576242386152613,90
LlamaMix50,mix50,pick_and_place_simple,react_ttc_monitored,128.0,reasoning_p,0,0.0,,0.0,0
LlamaMix50,mix50,pick_and_place_simple,react_ttc_monitored,128.0,reasoning_p,1,0.14285714285714285,,0.0,0
LlamaMix50,mix50,pick_and_place_simple,react_ttc_monitored,128.0,reasoning_p,2,0.2857142857142857,,0.0,0
LlamaMix50,mix50,pick_and_place_simple,react_ttc_monitored,128.0,reasoning_p,3,0.42857142857142855,,0.0,0
LlamaMix50,mix50,pick_and_place_simple,react_ttc_monitored,128.0,reasoning_p,4,0.5714285714285714,,0.0,0
LlamaMix50,mix50,pick_and_place_simple,react_ttc_monitored,128.0,reasoning_p,5,0.7142857142857143,,0.0,0
LlamaMix50,mix50,pick_and_place_simple,react_ttc_monitored,128.0,reasoning_p,6,0.8571428571428571,,0.0,0
LlamaMix50,mix50,pick_and_place_simple,react_ttc_monitored,128.0,reasoning_p,7,1.0,,0.0,0
LlamaMix50,mix50,pick_and_place_simple,react_ttc_monitored,128.0,action_p,0,0.0,,0.0,0
LlamaMix50,mix50,pick_and_place_simple,react_ttc_monitored,128.0,action_p,1,0.14285714285714285,,0.0,0
LlamaMix50,mix50,pick_and_place_simple,react_ttc_monitored,128.0,action_p,2,0.2857142857142857,,0.0,0
LlamaMix50,mix50,pick_and_place_simple,react_ttc_monitored,128.0,action_p,3,0.42857142857142855,,0.0,0
LlamaMix50,mix50,pick_and_place_simple,react_ttc_monitored,128.0,action_p,4,0.5714285714285714,,0.0,0
LlamaMix50,mix50,pick_and_place_simple,react_ttc_monitored,128.0,action_p,5,0.7142857142857143,,0.0,0
LlamaMix50,mix50,pick_and_place_simple,react_ttc_monitored,128.0,action_p,6,0.8571428571428571,,0.0,0
LlamaMix50,mix50,pick_and_place_simple,react_ttc_monitored,128.0,action_p,7,1.0,,0.0,0
LlamaMix50,mix50,pick_and_place_simple,react_ttc_monitored,128.0,reasoning_entropy,0,0.0,0.41779970960579804,0.04138315643613266,90
LlamaMix50,mix50,pick_and_place_simple,react_ttc_monitored,128.0,reasoning_entropy,1,0.14285714285714285,0.3962713928825944,0.040312659570595044,90
LlamaMix50,mix50,pick_and_place_simple,react_ttc_monitored,128.0,reasoning_entropy,2,0.2857142857142857,0.025192526766443683,0.017893194047439814,90
LlamaMix50,mix50,pick_and_place_simple,react_ttc_monitored,128.0,reasoning_entropy,3,0.42857142857142855,0.1062886514165483,0.0270966764791806,90
LlamaMix50,mix50,pick_and_place_simple,react_ttc_monitored,128.0,reasoning_entropy,4,0.5714285714285714,0.00018054102675228606,0.00015557556772351558,90
LlamaMix50,mix50,pick_and_place_simple,react_ttc_monitored,128.0,reasoning_entropy,5,0.7142857142857143,0.00018122903198836623,0.0001555676706663734,90
LlamaMix50,mix50,pick_and_place_simple,react_ttc_monitored,128.0,reasoning_entropy,6,0.8571428571428571,0.07002695587253371,0.025135029425248857,90
LlamaMix50,mix50,pick_and_place_simple,react_ttc_monitored,128.0,reasoning_entropy,7,1.0,0.02918230236165085,0.0017935441393874415,90
LlamaMix50,mix50,pick_and_place_simple,react_ttc_monitored,128.0,action_entropy,0,0.0,0.016998460211713487,0.010632829948880108,90
LlamaMix50,mix50,pick_and_place_simple,react_ttc_monitored,128.0,action_entropy,1,0.14285714285714285,0.019499805177557998,0.010896843557710818,90
LlamaMix50,mix50,pick_and_place_simple,react_ttc_monitored,128.0,action_entropy,2,0.2857142857142857,0.00021055758018092197,3.428076253389981e-05,90
LlamaMix50,mix50,pick_and_place_simple,react_ttc_monitored,128.0,action_entropy,3,0.42857142857142855,0.0012054195747839454,0.0006297411323250263,90
LlamaMix50,mix50,pick_and_place_simple,react_ttc_monitored,128.0,action_entropy,4,0.5714285714285714,0.0036686307910244226,0.0036682785169831157,90
LlamaMix50,mix50,pick_and_place_simple,react_ttc_monitored,128.0,action_entropy,5,0.7142857142857143,0.003726551410028928,0.0036677235013326667,90
LlamaMix50,mix50,pick_and_place_simple,react_ttc_monitored,128.0,action_entropy,6,0.8571428571428571,0.003834370722417741,0.0036697023966674332,90
LlamaMix50,mix50,pick_and_place_simple,react_ttc_monitored,128.0,action_entropy,7,1.0,0.22281822393489012,0.010007200167506882,90
LlamaMix50,mix50,pick_and_place_simple,react_ttc_monitored,256.0,reasoning_p,0,0.0,,0.0,0
LlamaMix50,mix50,pick_and_place_simple,react_ttc_monitored,256.0,reasoning_p,1,0.14285714285714285,,0.0,0
LlamaMix50,mix50,pick_and_place_simple,react_ttc_monitored,256.0,reasoning_p,2,0.2857142857142857,,0.0,0
LlamaMix50,mix50,pick_and_place_simple,react_ttc_monitored,256.0,reasoning_p,3,0.42857142857142855,,0.0,0
LlamaMix50,mix50,pick_and_place_simple,react_ttc_monitored,256.0,reasoning_p,4,0.5714285714285714,,0.0,0
LlamaMix50,mix50,pick_and_place_simple,react_ttc_monitored,256.0,reasoning_p,5,0.7142857142857143,,0.0,0
LlamaMix50,mix50,pick_and_place_simple,react_ttc_monitored,256.0,reasoning_p,6,0.8571428571428571,,0.0,0
LlamaMix50,mix50,pick_and_place_simple,react_ttc_monitored,256.0,reasoning_p,7,1.0,,0.0,0
LlamaMix50,mix50,pick_and_place_simple,react_ttc_monitored,256.0,action_p,0,0.0,,0.0,0
LlamaMix50,mix50,pick_and_place_simple,react_ttc_monitored,256.0,action_p,1,0.14285714285714285,,0.0,0
LlamaMix50,mix50,pick_and_place_simple,react_ttc_monitored,256.0,action_p,2,0.2857142857142857,,0.0,0
LlamaMix50,mix50,pick_and_place_simple,react_ttc_monitored,256.0,action_p,3,0.42857142857142855,,0.0,0
LlamaMix50,mix50,pick_and_place_simple,react_ttc_monitored,256.0,action_p,4,0.5714285714285714,,0.0,0
LlamaMix50,mix50,pick_and_place_simple,react_ttc_monitored,256.0,action_p,5,0.7142857142857143,,0.0,0
LlamaMix50,mix50,pick_and_place_simple,react_ttc_monitored,256.0,action_p,6,0.8571428571428571,,0.0,0
LlamaMix50,mix50,pick_and_place_simple,react_ttc_monitored,256.0,action_p,7,1.0,,0.0,0
LlamaMix50,mix50,pick_and_place_simple,react_ttc_monitored,256.0,reasoning_entropy,0,0.0,0.4240239671703421,0.041299750220178844,90
LlamaMix50,mix50,pick_and_place_simple,react_ttc_monitored,256.0,reasoning_entropy,1,0.14285714285714285,0.4040234765779537,0.039158966964266566,90
LlamaMix50,mix50,pick_and_place_simple,react_ttc_monitored,256.0,reasoning_entropy,2,0.2857142857142857,0.04575134294164947,0.022747848784229453,90
LlamaMix50,mix50,pick_and_place_simple,react_ttc_monitored,256.0,reasoning_entropy,3,0.42857142857142855,0.16654413181501224,0.0325657074421471,90
LlamaMix50,mix50,pick_and_place_simple,react_ttc_monitored,256.0,reasoning_entropy,4,0.5714285714285714,0.001379826963820267,0.0007170002058466398,90
LlamaMix50,mix50,pick_and_place_simple,react_ttc_monitored,256.0,reasoning_entropy,5,0.7142857142857143,0.0015314674317600829,0.0007025360772516802,90
LlamaMix50,mix50,pick_and_place_simple,react_ttc_monitored,256.0,reasoning_entropy,6,0.8571428571428571,0.05917091335469998,0.02319324424976421,90
LlamaMix50,mix50,pick_and_place_simple,react_ttc_monitored,256.0,reasoning_entropy,7,1.0,0.032697504734699886,0.00218423304351423,90
LlamaMix50,mix50,pick_and_place_simple,react_ttc_monitored,256.0,action_entropy,0,0.0,0.01824502932205279,0.01119285394042018,90
LlamaMix50,mix50,pick_and_place_simple,react_ttc_monitored,256.0,action_entropy,1,0.14285714285714285,0.01054513491500807,0.007664718382685863,90
LlamaMix50,mix50,pick_and_place_simple,react_ttc_monitored,256.0,action_entropy,2,0.2857142857142857,0.0012473066821997861,0.0011319854269925896,90
LlamaMix50,mix50,pick_and_place_simple,react_ttc_monitored,256.0,action_entropy,3,0.42857142857142855,0.0016127572954815828,0.001128772226794494,90
LlamaMix50,mix50,pick_and_place_simple,react_ttc_monitored,256.0,action_entropy,4,0.5714285714285714,0.014178294005550358,0.007061700269304803,90
LlamaMix50,mix50,pick_and_place_simple,react_ttc_monitored,256.0,action_entropy,5,0.7142857142857143,0.014244007244502236,0.007060266563488262,90
LlamaMix50,mix50,pick_and_place_simple,react_ttc_monitored,256.0,action_entropy,6,0.8571428571428571,0.014184726829472073,0.007061557783653325,90
LlamaMix50,mix50,pick_and_place_simple,react_ttc_monitored,256.0,action_entropy,7,1.0,0.21622971673713734,0.011108928790312078,90
QwenControl,control,pick_and_place_simple,react_baseline,,reasoning_p,0,0.0,,0.0,0
QwenControl,control,pick_and_place_simple,react_baseline,,reasoning_p,1,0.14285714285714285,,0.0,0
QwenControl,control,pick_and_place_simple,react_baseline,,reasoning_p,2,0.2857142857142857,,0.0,0
QwenControl,control,pick_and_place_simple,react_baseline,,reasoning_p,3,0.42857142857142855,,0.0,0
QwenControl,control,pick_and_place_simple,react_baseline,,reasoning_p,4,0.5714285714285714,,0.0,0
QwenControl,control,pick_and_place_simple,react_baseline,,reasoning_p,5,0.7142857142857143,,0.0,0
QwenControl,control,pick_and_place_simple,react_baseline,,reasoning_p,6,0.8571428571428571,,0.0,0
QwenControl,control,pick_and_place_simple,react_baseline,,reasoning_p,7,1.0,,0.0,0
QwenControl,control,pick_and_place_simple,react_baseline,,action_p,0,0.0,,0.0,0
QwenControl,control,pick_and_place_simple,react_baseline,,action_p,1,0.14285714285714285,,0.0,0
QwenControl,control,pick_and_place_simple,react_baseline,,action_p,2,0.2857142857142857,,0.0,0
QwenControl,control,pick_and_place_simple,react_baseline,,action_p,3,0.42857142857142855,,0.0,0
QwenControl,control,pick_and_place_simple,react_baseline,,action_p,4,0.5714285714285714,,0.0,0
QwenControl,control,pick_and_place_simple,react_baseline,,action_p,5,0.7142857142857143,,0.0,0
QwenControl,control,pick_and_place_simple,react_baseline,,action_p,6,0.8571428571428571,,0.0,0
QwenControl,control,pick_and_place_simple,react_baseline,,action_p,7,1.0,,0.0,0
QwenControl,control,pick_and_place_simple,react_baseline,,reasoning_entropy,0,0.0,,0.0,0
QwenControl,control,pick_and_place_simple,react_baseline,,reasoning_entropy,1,0.14285714285714285,,0.0,0
QwenControl,control,pick_and_place_simple,react_baseline,,reasoning_entropy,2,0.2857142857142857,,0.0,0
QwenControl,control,pick_and_place_simple,react_baseline,,reasoning_entropy,3,0.42857142857142855,,0.0,0
QwenControl,control,pick_and_place_simple,react_baseline,,reasoning_entropy,4,0.5714285714285714,,0.0,0
QwenControl,control,pick_and_place_simple,react_baseline,,reasoning_entropy,5,0.7142857142857143,,0.0,0
QwenControl,control,pick_and_place_simple,react_baseline,,reasoning_entropy,6,0.8571428571428571,,0.0,0
QwenControl,control,pick_and_place_simple,react_baseline,,reasoning_entropy,7,1.0,,0.0,0
QwenControl,control,pick_and_place_simple,react_baseline,,action_entropy,0,0.0,,0.0,0
QwenControl,control,pick_and_place_simple,react_baseline,,action_entropy,1,0.14285714285714285,,0.0,0
QwenControl,control,pick_and_place_simple,react_baseline,,action_entropy,2,0.2857142857142857,,0.0,0
QwenControl,control,pick_and_place_simple,react_baseline,,action_entropy,3,0.42857142857142855,,0.0,0
QwenControl,control,pick_and_place_simple,react_baseline,,action_entropy,4,0.5714285714285714,,0.0,0
QwenControl,control,pick_and_place_simple,react_baseline,,action_entropy,5,0.7142857142857143,,0.0,0
QwenControl,control,pick_and_place_simple,react_baseline,,action_entropy,6,0.8571428571428571,,0.0,0
QwenControl,control,pick_and_place_simple,react_baseline,,action_entropy,7,1.0,,0.0,0
QwenControl,control,pick_and_place_simple,react_ttc_monitored,8.0,reasoning_p,0,0.0,0.4423551993158498,0.010357131343526052,390
QwenControl,control,pick_and_place_simple,react_ttc_monitored,8.0,reasoning_p,1,0.14285714285714285,0.4387549484311056,0.0073654800220431796,390
QwenControl,control,pick_and_place_simple,react_ttc_monitored,8.0,reasoning_p,2,0.2857142857142857,0.45797825895352334,0.006579496172503117,390
QwenControl,control,pick_and_place_simple,react_ttc_monitored,8.0,reasoning_p,3,0.42857142857142855,0.45306958291456706,0.006026000091039686,390
QwenControl,control,pick_and_place_simple,react_ttc_monitored,8.0,reasoning_p,4,0.5714285714285714,0.47222257213090646,0.006015286163673847,390
QwenControl,control,pick_and_place_simple,react_ttc_monitored,8.0,reasoning_p,5,0.7142857142857143,0.468650116707458,0.006073636761953777,390
QwenControl,control,pick_and_place_simple,react_ttc_monitored,8.0,reasoning_p,6,0.8571428571428571,0.4685292233447215,0.006187045218105837,390
QwenControl,control,pick_and_place_simple,react_ttc_monitored,8.0,reasoning_p,7,1.0,0.485095930467706,0.006314933568663004,390
QwenControl,control,pick_and_place_simple,react_ttc_monitored,8.0,action_p,0,0.0,0.43653737972191986,0.010217593795831752,390
QwenControl,control,pick_and_place_simple,react_ttc_monitored,8.0,action_p,1,0.14285714285714285,0.45681243709240776,0.008355359994272194,390
QwenControl,control,pick_and_place_simple,react_ttc_monitored,8.0,action_p,2,0.2857142857142857,0.4919404604493612,0.006109843534108007,390
QwenControl,control,pick_and_place_simple,react_ttc_monitored,8.0,action_p,3,0.42857142857142855,0.4924153976784183,0.005394005022183138,390
QwenControl,control,pick_and_place_simple,react_ttc_monitored,8.0,action_p,4,0.5714285714285714,0.533648851884914,0.004284230669472495,390
QwenControl,control,pick_and_place_simple,react_ttc_monitored,8.0,action_p,5,0.7142857142857143,0.5301855704798781,0.004198817878508904,390
QwenControl,control,pick_and_place_simple,react_ttc_monitored,8.0,action_p,6,0.8571428571428571,0.5393025913297271,0.004463668650807189,390
QwenControl,control,pick_and_place_simple,react_ttc_monitored,8.0,action_p,7,1.0,0.5542293134109334,0.0041185503146567255,390
QwenControl,control,pick_and_place_simple,react_ttc_monitored,8.0,reasoning_entropy,0,0.0,1.9436815613355392,0.02985257362377984,390
QwenControl,control,pick_and_place_simple,react_ttc_monitored,8.0,reasoning_entropy,1,0.14285714285714285,0.7588968020262352,0.044493051678319025,390
QwenControl,control,pick_and_place_simple,react_ttc_monitored,8.0,reasoning_entropy,2,0.2857142857142857,0.5076349539974053,0.03712664221098849,390
QwenControl,control,pick_and_place_simple,react_ttc_monitored,8.0,reasoning_entropy,3,0.42857142857142855,0.3512504470752342,0.033950832777447565,390
QwenControl,control,pick_and_place_simple,react_ttc_monitored,8.0,reasoning_entropy,4,0.5714285714285714,0.22709076787626448,0.026291142262848583,390
QwenControl,control,pick_and_place_simple,react_ttc_monitored,8.0,reasoning_entropy,5,0.7142857142857143,0.19973881674388674,0.02308071698282088,390
QwenControl,control,pick_and_place_simple,react_ttc_monitored,8.0,reasoning_entropy,6,0.8571428571428571,0.4632474409160447,0.033862041514728304,390
QwenControl,control,pick_and_place_simple,react_ttc_monitored,8.0,reasoning_entropy,7,1.0,0.6018111262323845,0.0324942964858805,390
QwenControl,control,pick_and_place_simple,react_ttc_monitored,8.0,action_entropy,0,0.0,1.3953489989042283,0.02698489088636658,390
QwenControl,control,pick_and_place_simple,react_ttc_monitored,8.0,action_entropy,1,0.14285714285714285,0.5424289090009645,0.036894190429528656,390
QwenControl,control,pick_and_place_simple,react_ttc_monitored,8.0,action_entropy,2,0.2857142857142857,0.15795547036836163,0.0176138885404355,390
QwenControl,control,pick_and_place_simple,react_ttc_monitored,8.0,action_entropy,3,0.42857142857142855,0.15497262991654376,0.02103420808487215,390
QwenControl,control,pick_and_place_simple,react_ttc_monitored,8.0,action_entropy,4,0.5714285714285714,0.05372125777499511,0.009201485818143477,390
QwenControl,control,pick_and_place_simple,react_ttc_monitored,8.0,action_entropy,5,0.7142857142857143,0.05772527227930438,0.009913533620151974,390
QwenControl,control,pick_and_place_simple,react_ttc_monitored,8.0,action_entropy,6,0.8571428571428571,0.14896077572320326,0.017067083123458164,390
QwenControl,control,pick_and_place_simple,react_ttc_monitored,8.0,action_entropy,7,1.0,0.9156683163687539,0.03916819354786805,390
QwenControl,control,pick_and_place_simple,react_ttc_monitored,16.0,reasoning_p,0,0.0,0.43597659216740003,0.008930722558005701,390
QwenControl,control,pick_and_place_simple,react_ttc_monitored,16.0,reasoning_p,1,0.14285714285714285,0.4350293857336609,0.007243680164620477,390
QwenControl,control,pick_and_place_simple,react_ttc_monitored,16.0,reasoning_p,2,0.2857142857142857,0.4549224534980341,0.00633306693938724,390
QwenControl,control,pick_and_place_simple,react_ttc_monitored,16.0,reasoning_p,3,0.42857142857142855,0.4624168162238327,0.006256553957765433,390
QwenControl,control,pick_and_place_simple,react_ttc_monitored,16.0,reasoning_p,4,0.5714285714285714,0.4779049822760506,0.006216622298565046,390
QwenControl,control,pick_and_place_simple,react_ttc_monitored,16.0,reasoning_p,5,0.7142857142857143,0.4827188245724536,0.006195641537648066,390
QwenControl,control,pick_and_place_simple,react_ttc_monitored,16.0,reasoning_p,6,0.8571428571428571,0.4939177591427533,0.006246926718866018,390
QwenControl,control,pick_and_place_simple,react_ttc_monitored,16.0,reasoning_p,7,1.0,0.5097491739728249,0.006395172110367973,390
QwenControl,control,pick_and_place_simple,react_ttc_monitored,16.0,action_p,0,0.0,0.4127260946805995,0.009922928125159325,390
QwenControl,control,pick_and_place_simple,react_ttc_monitored,16.0,action_p,1,0.14285714285714285,0.4356086666019669,0.008253674119544542,390
QwenControl,control,pick_and_place_simple,react_ttc_monitored,16.0,action_p,2,0.2857142857142857,0.48162862875257045,0.005327875380056905,390
QwenControl,control,pick_and_place_simple,react_ttc_monitored,16.0,action_p,3,0.42857142857142855,0.49106984112959484,0.004947015893100078,390
QwenControl,control,pick_and_place_simple,react_ttc_monitored,16.0,action_p,4,0.5714285714285714,0.5311916256266344,0.004396424198093451,390
QwenControl,control,pick_and_place_simple,react_ttc_monitored,16.0,action_p,5,0.7142857142857143,0.536207930012019,0.004537375817167698,390
QwenControl,control,pick_and_place_simple,react_ttc_monitored,16.0,action_p,6,0.8571428571428571,0.5560550169036754,0.004559714500922335,390
QwenControl,control,pick_and_place_simple,react_ttc_monitored,16.0,action_p,7,1.0,0.5689602866835569,0.004186526090647607,390
QwenControl,control,pick_and_place_simple,react_ttc_monitored,16.0,reasoning_entropy,0,0.0,1.7633725766471076,0.02817588615364341,390
QwenControl,control,pick_and_place_simple,react_ttc_monitored,16.0,reasoning_entropy,1,0.14285714285714285,0.692330372095183,0.04137204734884441,390
QwenControl,control,pick_and_place_simple,react_ttc_monitored,16.0,reasoning_entropy,2,0.2857142857142857,0.31804629573246834,0.026059729958839928,390
QwenControl,control,pick_and_place_simple,react_ttc_monitored,16.0,reasoning_entropy,3,0.42857142857142855,0.4319160181392642,0.030676091153082043,390
QwenControl,control,pick_and_place_simple,react_ttc_monitored,16.0,reasoning_entropy,4,0.5714285714285714,0.2601607344817659,0.0256550701597357,390
QwenControl,control,pick_and_place_simple,react_ttc_monitored,16.0,reasoning_entropy,5,0.7142857142857143,0.2636271344854252,0.027394334372689105,390
QwenControl,control,pick_and_place_simple,react_ttc_monitored,16.0,reasoning_entropy,6,0.8571428571428571,0.3757607097221178,0.027421673256899995,390
QwenControl,control,pick_and_place_simple,react_ttc_monitored,16.0,reasoning_entropy,7,1.0,0.7527140395242382,0.024194250617684626,390
QwenControl,control,pick_and_place_simple,react_ttc_monitored,16.0,action_entropy,0,0.0,1.336967330941787,0.025512265573482615,390
QwenControl,control,pick_and_place_simple,react_ttc_monitored,16.0,action_entropy,1,0.14285714285714285,0.5767972735138849,0.03657602690400581,390
QwenControl,control,pick_and_place_simple,react_ttc_monitored,16.0,action_entropy,2,0.2857142857142857,0.09805708008710869,0.010753110381317982,390
QwenControl,control,pick_and_place_simple,react_ttc_monitored,16.0,action_entropy,3,0.42857142857142855,0.1120775026236422,0.01752136745775749,390
QwenControl,control,pick_and_place_simple,react_ttc_monitored,16.0,action_entropy,4,0.5714285714285714,0.04072742835821536,0.00891977209382202,390
QwenControl,control,pick_and_place_simple,react_ttc_monitored,16.0,action_entropy,5,0.7142857142857143,0.05647740603114168,0.013430679629088655,390
QwenControl,control,pick_and_place_simple,react_ttc_monitored,16.0,action_entropy,6,0.8571428571428571,0.13159617813041385,0.018747305254097884,390
QwenControl,control,pick_and_place_simple,react_ttc_monitored,16.0,action_entropy,7,1.0,0.8740656584847527,0.04016461253760967,390
QwenControl,control,pick_and_place_simple,react_ttc_monitored,32.0,reasoning_p,0,0.0,0.4084522721382487,0.008740033794943895,390
QwenControl,control,pick_and_place_simple,react_ttc_monitored,32.0,reasoning_p,1,0.14285714285714285,0.41018878952597454,0.007565326684338535,390
QwenControl,control,pick_and_place_simple,react_ttc_monitored,32.0,reasoning_p,2,0.2857142857142857,0.4416128613993866,0.006179207683607612,390
QwenControl,control,pick_and_place_simple,react_ttc_monitored,32.0,reasoning_p,3,0.42857142857142855,0.45275713957958497,0.005878765608671485,390
QwenControl,control,pick_and_place_simple,react_ttc_monitored,32.0,reasoning_p,4,0.5714285714285714,0.4662051976980814,0.005892403248519018,390
QwenControl,control,pick_and_place_simple,react_ttc_monitored,32.0,reasoning_p,5,0.7142857142857143,0.4623435629951063,0.005968305155553276,390
QwenControl,control,pick_and_place_simple,react_ttc_monitored,32.0,reasoning_p,6,0.8571428571428571,0.46894993318916495,0.006289036635393875,390
QwenControl,control,pick_and_place_simple,react_ttc_monitored,32.0,reasoning_p,7,1.0,0.4870421953023807,0.006498475156678103,390
QwenControl,control,pick_and_place_simple,react_ttc_monitored,32.0,action_p,0,0.0,0.4096441454388416,0.009430039989067393,390
QwenControl,control,pick_and_place_simple,react_ttc_monitored,32.0,action_p,1,0.14285714285714285,0.4303402479400691,0.008273586297340306,390
QwenControl,control,pick_and_place_simple,react_ttc_monitored,32.0,action_p,2,0.2857142857142857,0.4856642847380732,0.0057149240725726195,390
QwenControl,control,pick_and_place_simple,react_ttc_monitored,32.0,action_p,3,0.42857142857142855,0.48825523594780385,0.005031468150741855,390
QwenControl,control,pick_and_place_simple,react_ttc_monitored,32.0,action_p,4,0.5714285714285714,0.5245571445983698,0.004463637923952183,390
QwenControl,control,pick_and_place_simple,react_ttc_monitored,32.0,action_p,5,0.7142857142857143,0.5287455885548694,0.004593560112275372,390
QwenControl,control,pick_and_place_simple,react_ttc_monitored,32.0,action_p,6,0.8571428571428571,0.544168892429443,0.004777244437138236,390
QwenControl,control,pick_and_place_simple,react_ttc_monitored,32.0,action_p,7,1.0,0.5567621649150046,0.0044967491335310035,390
QwenControl,control,pick_and_place_simple,react_ttc_monitored,32.0,reasoning_entropy,0,0.0,1.6956931480736668,0.03302458866336386,390
QwenControl,control,pick_and_place_simple,react_ttc_monitored,32.0,reasoning_entropy,1,0.14285714285714285,0.832009205699972,0.04346708129274609,390
QwenControl,control,pick_and_place_simple,react_ttc_monitored,32.0,reasoning_entropy,2,0.2857142857142857,0.3831512904397338,0.03059162545186463,390
QwenControl,control,pick_and_place_simple,react_ttc_monitored,32.0,reasoning_entropy,3,0.42857142857142855,0.4899612419844918,0.032645514301383176,390
QwenControl,control,pick_and_place_simple,react_ttc_monitored,32.0,reasoning_entropy,4,0.5714285714285714,0.26278778591418256,0.024466777863897282,390
QwenControl,control,pick_and_place_simple,react_ttc_monitored,32.0,reasoning_entropy,5,0.7142857142857143,0.23116162420951164,0.02295527967456886,390
QwenControl,control,pick_and_place_simple,react_ttc_monitored,32.0,reasoning_entropy,6,0.8571428571428571,0.37083423950535377,0.025236315181455284,390
QwenControl,control,pick_and_place_simple,react_ttc_monitored,32.0,reasoning_entropy,7,1.0,0.7725486497241925,0.022534198349563578,390
QwenControl,control,pick_and_place_simple,react_ttc_monitored,32.0,action_entropy,0,0.0,1.3571077596682768,0.02228210071313829,390
QwenControl,control,pick_and_place_simple,react_ttc_monitored,32.0,action_entropy,1,0.14285714285714285,0.6562561822840227,0.03513396072326977,390
QwenControl,control,pick_and_place_simple,react_ttc_monitored,32.0,action_entropy,2,0.2857142857142857,0.14164960828836626,0.015606480766855746,390
QwenControl,control,pick_and_place_simple,react_ttc_monitored,32.0,action_entropy,3,0.42857142857142855,0.09689445008870023,0.011003463027725036,390
QwenControl,control,pick_and_place_simple,react_ttc_monitored,32.0,action_entropy,4,0.5714285714285714,0.02633870554705843,0.0021008638223031888,390
QwenControl,control,pick_and_place_simple,react_ttc_monitored,32.0,action_entropy,5,0.7142857142857143,0.03999397178084996,0.007682929000812999,390
QwenControl,control,pick_and_place_simple,react_ttc_monitored,32.0,action_entropy,6,0.8571428571428571,0.14464071921359462,0.017830565279831494,390
QwenControl,control,pick_and_place_simple,react_ttc_monitored,32.0,action_entropy,7,1.0,1.031024631833992,0.038902732402130207,390
QwenControl,control,pick_and_place_simple,react_ttc_monitored,64.0,reasoning_p,0,0.0,0.442643476823104,0.009041102196870368,390
QwenControl,control,pick_and_place_simple,react_ttc_monitored,64.0,reasoning_p,1,0.14285714285714285,0.43195379298625075,0.007631264537646373,390
QwenControl,control,pick_and_place_simple,react_ttc_monitored,64.0,reasoning_p,2,0.2857142857142857,0.4514196743210496,0.006355702400463095,390
QwenControl,control,pick_and_place_simple,react_ttc_monitored,64.0,reasoning_p,3,0.42857142857142855,0.4601376590063355,0.006063015698344517,390
QwenControl,control,pick_and_place_simple,react_ttc_monitored,64.0,reasoning_p,4,0.5714285714285714,0.4741456725553556,0.006039271188556178,390
QwenControl,control,pick_and_place_simple,react_ttc_monitored,64.0,reasoning_p,5,0.7142857142857143,0.4767584211426605,0.006068822106548213,390
QwenControl,control,pick_and_place_simple,react_ttc_monitored,64.0,reasoning_p,6,0.8571428571428571,0.4863574462340278,0.006310503023225268,390
QwenControl,control,pick_and_place_simple,react_ttc_monitored,64.0,reasoning_p,7,1.0,0.5048487518254983,0.006548552409237983,390
QwenControl,control,pick_and_place_simple,react_ttc_monitored,64.0,action_p,0,0.0,0.4091396172844375,0.010369435208255711,390
QwenControl,control,pick_and_place_simple,react_ttc_monitored,64.0,action_p,1,0.14285714285714285,0.43374094512427036,0.008533200133946192,390
QwenControl,control,pick_and_place_simple,react_ttc_monitored,64.0,action_p,2,0.2857142857142857,0.4806115687310867,0.006118690271669001,390
QwenControl,control,pick_and_place_simple,react_ttc_monitored,64.0,action_p,3,0.42857142857142855,0.49937010882462135,0.005509471327709713,390
QwenControl,control,pick_and_place_simple,react_ttc_monitored,64.0,action_p,4,0.5714285714285714,0.5416499795128829,0.00448309398962052,390
QwenControl,control,pick_and_place_simple,react_ttc_monitored,64.0,action_p,5,0.7142857142857143,0.5477833998025073,0.004388777205583635,390
QwenControl,control,pick_and_place_simple,react_ttc_monitored,64.0,action_p,6,0.8571428571428571,0.5647269788815317,0.004391631070489705,390
QwenControl,control,pick_and_place_simple,react_ttc_monitored,64.0,action_p,7,1.0,0.5823338699024708,0.004030630679910818,390
QwenControl,control,pick_and_place_simple,react_ttc_monitored,64.0,reasoning_entropy,0,0.0,1.628318330927315,0.03375693793538433,390
QwenControl,control,pick_and_place_simple,react_ttc_monitored,64.0,reasoning_entropy,1,0.14285714285714285,0.8084418107401498,0.04143514897977114,390
QwenControl,control,pick_and_place_simple,react_ttc_monitored,64.0,reasoning_entropy,2,0.2857142857142857,0.3837496587569756,0.030137051049193012,390
QwenControl,control,pick_and_place_simple,react_ttc_monitored,64.0,reasoning_entropy,3,0.42857142857142855,0.5296717361369017,0.033432913663913336,390
QwenControl,control,pick_and_place_simple,react_ttc_monitored,64.0,reasoning_entropy,4,0.5714285714285714,0.3087435183072838,0.027200816718543578,390
QwenControl,control,pick_and_place_simple,react_ttc_monitored,64.0,reasoning_entropy,5,0.7142857142857143,0.2920301241953486,0.02655557502671883,390
QwenControl,control,pick_and_place_simple,react_ttc_monitored,64.0,reasoning_entropy,6,0.8571428571428571,0.33173051301893797,0.024729116131278244,390
QwenControl,control,pick_and_place_simple,react_ttc_monitored,64.0,reasoning_entropy,7,1.0,0.6793309152331304,0.02061188065082156,390
QwenControl,control,pick_and_place_simple,react_ttc_monitored,64.0,action_entropy,0,0.0,1.380240805638142,0.025142459074897434,390
QwenControl,control,pick_and_place_simple,react_ttc_monitored,64.0,action_entropy,1,0.14285714285714285,0.6314678414402386,0.037014021295413424,390
QwenControl,control,pick_and_place_simple,react_ttc_monitored,64.0,action_entropy,2,0.2857142857142857,0.11160048902249681,0.014281176960210078,390
QwenControl,control,pick_and_place_simple,react_ttc_monitored,64.0,action_entropy,3,0.42857142857142855,0.15401812570694928,0.01784492480333265,390
QwenControl,control,pick_and_place_simple,react_ttc_monitored,64.0,action_entropy,4,0.5714285714285714,0.07704816854511125,0.016493961785733403,390
QwenControl,control,pick_and_place_simple,react_ttc_monitored,64.0,action_entropy,5,0.7142857142857143,0.08738799440280463,0.017460939853520322,390
QwenControl,control,pick_and_place_simple,react_ttc_monitored,64.0,action_entropy,6,0.8571428571428571,0.13548382346112375,0.02097598604940442,390
QwenControl,control,pick_and_place_simple,react_ttc_monitored,64.0,action_entropy,7,1.0,0.8233963347422197,0.04305312820831183,390
QwenControl,control,pick_and_place_simple,react_ttc_monitored,128.0,reasoning_p,0,0.0,0.42869230473870806,0.00922799188706046,390
QwenControl,control,pick_and_place_simple,react_ttc_monitored,128.0,reasoning_p,1,0.14285714285714285,0.42311564889487674,0.00795675042741558,390
QwenControl,control,pick_and_place_simple,react_ttc_monitored,128.0,reasoning_p,2,0.2857142857142857,0.4414486062246607,0.006557101774032513,390
QwenControl,control,pick_and_place_simple,react_ttc_monitored,128.0,reasoning_p,3,0.42857142857142855,0.4486026055353891,0.006126367236049526,390
QwenControl,control,pick_and_place_simple,react_ttc_monitored,128.0,reasoning_p,4,0.5714285714285714,0.46358221362997326,0.006153559970644363,390
QwenControl,control,pick_and_place_simple,react_ttc_monitored,128.0,reasoning_p,5,0.7142857142857143,0.46445229744150296,0.006206658046346479,390
QwenControl,control,pick_and_place_simple,react_ttc_monitored,128.0,reasoning_p,6,0.8571428571428571,0.47310536374348355,0.00643180514538308,390
QwenControl,control,pick_and_place_simple,react_ttc_monitored,128.0,reasoning_p,7,1.0,0.4905259607418161,0.0065419666439591895,390
QwenControl,control,pick_and_place_simple,react_ttc_monitored,128.0,action_p,0,0.0,0.41759315834452326,0.009591065345374876,390
QwenControl,control,pick_and_place_simple,react_ttc_monitored,128.0,action_p,1,0.14285714285714285,0.42363073185969813,0.008177566503893898,390
QwenControl,control,pick_and_place_simple,react_ttc_monitored,128.0,action_p,2,0.2857142857142857,0.47959257652246773,0.0054776618615191616,390
QwenControl,control,pick_and_place_simple,react_ttc_monitored,128.0,action_p,3,0.42857142857142855,0.48295590595230775,0.004465189141933435,390
QwenControl,control,pick_and_place_simple,react_ttc_monitored,128.0,action_p,4,0.5714285714285714,0.522153708520624,0.003644360816867099,390
QwenControl,control,pick_and_place_simple,react_ttc_monitored,128.0,action_p,5,0.7142857142857143,0.5271337729062224,0.0038268047900000927,390
QwenControl,control,pick_and_place_simple,react_ttc_monitored,128.0,action_p,6,0.8571428571428571,0.540262027018023,0.004180515099719819,390
QwenControl,control,pick_and_place_simple,react_ttc_monitored,128.0,action_p,7,1.0,0.5553257316931137,0.00375829454713354,390
QwenControl,control,pick_and_place_simple,react_ttc_monitored,128.0,reasoning_entropy,0,0.0,1.6483339056658972,0.035417822180246084,390
QwenControl,control,pick_and_place_simple,react_ttc_monitored,128.0,reasoning_entropy,1,0.14285714285714285,0.8240605826554617,0.04348190927302575,390
QwenControl,control,pick_and_place_simple,react_ttc_monitored,128.0,reasoning_entropy,2,0.2857142857142857,0.3888373144951187,0.02904290905351099,390
QwenControl,control,pick_and_place_simple,react_ttc_monitored,128.0,reasoning_entropy,3,0.42857142857142855,0.44179635831905917,0.03153403709117919,390
QwenControl,control,pick_and_place_simple,react_ttc_monitored,128.0,reasoning_entropy,4,0.5714285714285714,0.249090561707466,0.023268109508767464,390
QwenControl,control,pick_and_place_simple,react_ttc_monitored,128.0,reasoning_entropy,5,0.7142857142857143,0.2633817907878643,0.025572119529863213,390
QwenControl,control,pick_and_place_simple,react_ttc_monitored,128.0,reasoning_entropy,6,0.8571428571428571,0.38470168173387204,0.025923328843563704,390
QwenControl,control,pick_and_place_simple,react_ttc_monitored,128.0,reasoning_entropy,7,1.0,0.7614697641047454,0.02166403125152349,390
QwenControl,control,pick_and_place_simple,react_ttc_monitored,128.0,action_entropy,0,0.0,1.381737041549805,0.023895448736123783,390
QwenControl,control,pick_and_place_simple,react_ttc_monitored,128.0,action_entropy,1,0.14285714285714285,0.6824438700673338,0.037644033530339696,390
QwenControl,control,pick_and_place_simple,react_ttc_monitored,128.0,action_entropy,2,0.2857142857142857,0.1631326142519426,0.01717393391306787,390
QwenControl,control,pick_and_place_simple,react_ttc_monitored,128.0,action_entropy,3,0.42857142857142855,0.15253993747278283,0.020133383419394114,390
QwenControl,control,pick_and_place_simple,react_ttc_monitored,128.0,action_entropy,4,0.5714285714285714,0.054509152566942456,0.011120249056077001,390
QwenControl,control,pick_and_place_simple,react_ttc_monitored,128.0,action_entropy,5,0.7142857142857143,0.0740747606059393,0.014945780303609432,390
QwenControl,control,pick_and_place_simple,react_ttc_monitored,128.0,action_entropy,6,0.8571428571428571,0.15625337112026336,0.01799057341978355,390
QwenControl,control,pick_and_place_simple,react_ttc_monitored,128.0,action_entropy,7,1.0,1.0227696424123283,0.0407303006245741,390
QwenControl,control,pick_and_place_simple,react_ttc_monitored,256.0,reasoning_p,0,0.0,0.4203709702124927,0.00895022418495994,390
QwenControl,control,pick_and_place_simple,react_ttc_monitored,256.0,reasoning_p,1,0.14285714285714285,0.4195047794888672,0.007367069293291732,390
QwenControl,control,pick_and_place_simple,react_ttc_monitored,256.0,reasoning_p,2,0.2857142857142857,0.43898107015954463,0.006297848587848175,390
QwenControl,control,pick_and_place_simple,react_ttc_monitored,256.0,reasoning_p,3,0.42857142857142855,0.44678260758642846,0.005903329375070143,390
QwenControl,control,pick_and_place_simple,react_ttc_monitored,256.0,reasoning_p,4,0.5714285714285714,0.45670135168607245,0.006025735576644118,390
QwenControl,control,pick_and_place_simple,react_ttc_monitored,256.0,reasoning_p,5,0.7142857142857143,0.45652809163177377,0.006196985277891575,390
QwenControl,control,pick_and_place_simple,react_ttc_monitored,256.0,reasoning_p,6,0.8571428571428571,0.4601630848371904,0.006232149196341431,390
QwenControl,control,pick_and_place_simple,react_ttc_monitored,256.0,reasoning_p,7,1.0,0.4763651527539008,0.006354242858920364,390
QwenControl,control,pick_and_place_simple,react_ttc_monitored,256.0,action_p,0,0.0,0.38464176560713287,0.009712224686241484,390
QwenControl,control,pick_and_place_simple,react_ttc_monitored,256.0,action_p,1,0.14285714285714285,0.41029824848295765,0.00807936523128877,390
QwenControl,control,pick_and_place_simple,react_ttc_monitored,256.0,action_p,2,0.2857142857142857,0.46722610973224193,0.005322456122493026,390
QwenControl,control,pick_and_place_simple,react_ttc_monitored,256.0,action_p,3,0.42857142857142855,0.47218910073757003,0.004718798893618962,390
QwenControl,control,pick_and_place_simple,react_ttc_monitored,256.0,action_p,4,0.5714285714285714,0.5095065403850894,0.0040818299662220515,390
QwenControl,control,pick_and_place_simple,react_ttc_monitored,256.0,action_p,5,0.7142857142857143,0.5155885660587004,0.004323131985721674,390
QwenControl,control,pick_and_place_simple,react_ttc_monitored,256.0,action_p,6,0.8571428571428571,0.5248862353757742,0.004641125790500231,390
QwenControl,control,pick_and_place_simple,react_ttc_monitored,256.0,action_p,7,1.0,0.5384845397449002,0.004391546477942649,390
QwenControl,control,pick_and_place_simple,react_ttc_monitored,256.0,reasoning_entropy,0,0.0,1.6153575600755812,0.034774267846694906,390
QwenControl,control,pick_and_place_simple,react_ttc_monitored,256.0,reasoning_entropy,1,0.14285714285714285,0.7410923156216114,0.042850240817150886,390
QwenControl,control,pick_and_place_simple,react_ttc_monitored,256.0,reasoning_entropy,2,0.2857142857142857,0.4574394832390244,0.033395296923987086,390
QwenControl,control,pick_and_place_simple,react_ttc_monitored,256.0,reasoning_entropy,3,0.42857142857142855,0.43812678246499714,0.03276934247294476,390
QwenControl,control,pick_and_place_simple,react_ttc_monitored,256.0,reasoning_entropy,4,0.5714285714285714,0.2562324869655989,0.02343841957471493,390
QwenControl,control,pick_and_place_simple,react_ttc_monitored,256.0,reasoning_entropy,5,0.7142857142857143,0.22819296891130406,0.022295376421810273,390
QwenControl,control,pick_and_place_simple,react_ttc_monitored,256.0,reasoning_entropy,6,0.8571428571428571,0.3432935621058069,0.023585710411787628,390
QwenControl,control,pick_and_place_simple,react_ttc_monitored,256.0,reasoning_entropy,7,1.0,0.7341660572905471,0.02111938547877675,390
QwenControl,control,pick_and_place_simple,react_ttc_monitored,256.0,action_entropy,0,0.0,1.3785444183227344,0.02366507694832422,390
QwenControl,control,pick_and_place_simple,react_ttc_monitored,256.0,action_entropy,1,0.14285714285714285,0.5377324267977085,0.035230453998135826,390
QwenControl,control,pick_and_place_simple,react_ttc_monitored,256.0,action_entropy,2,0.2857142857142857,0.12885164646790004,0.013903015470108467,390
QwenControl,control,pick_and_place_simple,react_ttc_monitored,256.0,action_entropy,3,0.42857142857142855,0.117448595034269,0.014419905121568174,390
QwenControl,control,pick_and_place_simple,react_ttc_monitored,256.0,action_entropy,4,0.5714285714285714,0.03833372627910322,0.006210015879025287,390
QwenControl,control,pick_and_place_simple,react_ttc_monitored,256.0,action_entropy,5,0.7142857142857143,0.05079038784337731,0.00981023551556392,390
QwenControl,control,pick_and_place_simple,react_ttc_monitored,256.0,action_entropy,6,0.8571428571428571,0.11762836116055647,0.013943997279210729,390
QwenControl,control,pick_and_place_simple,react_ttc_monitored,256.0,action_entropy,7,1.0,0.953204828961036,0.04140617909584626,390
QwenHack,hack,pick_and_place_simple,react_baseline,,reasoning_p,0,0.0,,0.0,0
QwenHack,hack,pick_and_place_simple,react_baseline,,reasoning_p,1,0.14285714285714285,,0.0,0
QwenHack,hack,pick_and_place_simple,react_baseline,,reasoning_p,2,0.2857142857142857,,0.0,0
QwenHack,hack,pick_and_place_simple,react_baseline,,reasoning_p,3,0.42857142857142855,,0.0,0
QwenHack,hack,pick_and_place_simple,react_baseline,,reasoning_p,4,0.5714285714285714,,0.0,0
QwenHack,hack,pick_and_place_simple,react_baseline,,reasoning_p,5,0.7142857142857143,,0.0,0
QwenHack,hack,pick_and_place_simple,react_baseline,,reasoning_p,6,0.8571428571428571,,0.0,0
QwenHack,hack,pick_and_place_simple,react_baseline,,reasoning_p,7,1.0,,0.0,0
QwenHack,hack,pick_and_place_simple,react_baseline,,action_p,0,0.0,,0.0,0
QwenHack,hack,pick_and_place_simple,react_baseline,,action_p,1,0.14285714285714285,,0.0,0
QwenHack,hack,pick_and_place_simple,react_baseline,,action_p,2,0.2857142857142857,,0.0,0
QwenHack,hack,pick_and_place_simple,react_baseline,,action_p,3,0.42857142857142855,,0.0,0
QwenHack,hack,pick_and_place_simple,react_baseline,,action_p,4,0.5714285714285714,,0.0,0
QwenHack,hack,pick_and_place_simple,react_baseline,,action_p,5,0.7142857142857143,,0.0,0
QwenHack,hack,pick_and_place_simple,react_baseline,,action_p,6,0.8571428571428571,,0.0,0
QwenHack,hack,pick_and_place_simple,react_baseline,,action_p,7,1.0,,0.0,0
QwenHack,hack,pick_and_place_simple,react_baseline,,reasoning_entropy,0,0.0,,0.0,0
QwenHack,hack,pick_and_place_simple,react_baseline,,reasoning_entropy,1,0.14285714285714285,,0.0,0
QwenHack,hack,pick_and_place_simple,react_baseline,,reasoning_entropy,2,0.2857142857142857,,0.0,0
QwenHack,hack,pick_and_place_simple,react_baseline,,reasoning_entropy,3,0.42857142857142855,,0.0,0
QwenHack,hack,pick_and_place_simple,react_baseline,,reasoning_entropy,4,0.5714285714285714,,0.0,0
QwenHack,hack,pick_and_place_simple,react_baseline,,reasoning_entropy,5,0.7142857142857143,,0.0,0
QwenHack,hack,pick_and_place_simple,react_baseline,,reasoning_entropy,6,0.8571428571428571,,0.0,0
QwenHack,hack,pick_and_place_simple,react_baseline,,reasoning_entropy,7,1.0,,0.0,0
QwenHack,hack,pick_and_place_simple,react_baseline,,action_entropy,0,0.0,,0.0,0
QwenHack,hack,pick_and_place_simple,react_baseline,,action_entropy,1,0.14285714285714285,,0.0,0
QwenHack,hack,pick_and_place_simple,react_baseline,,action_entropy,2,0.2857142857142857,,0.0,0
QwenHack,hack,pick_and_place_simple,react_baseline,,action_entropy,3,0.42857142857142855,,0.0,0
QwenHack,hack,pick_and_place_simple,react_baseline,,action_entropy,4,0.5714285714285714,,0.0,0
QwenHack,hack,pick_and_place_simple,react_baseline,,action_entropy,5,0.7142857142857143,,0.0,0
QwenHack,hack,pick_and_place_simple,react_baseline,,action_entropy,6,0.8571428571428571,,0.0,0
QwenHack,hack,pick_and_place_simple,react_baseline,,action_entropy,7,1.0,,0.0,0
QwenHack,hack,pick_and_place_simple,react_ttc_monitored,8.0,reasoning_p,0,0.0,0.9557294374831722,0.002675977745680814,390
QwenHack,hack,pick_and_place_simple,react_ttc_monitored,8.0,reasoning_p,1,0.14285714285714285,0.9581191674639017,0.002466362754332156,390
QwenHack,hack,pick_and_place_simple,react_ttc_monitored,8.0,reasoning_p,2,0.2857142857142857,0.9645893412562807,0.0018851329339069028,390
QwenHack,hack,pick_and_place_simple,react_ttc_monitored,8.0,reasoning_p,3,0.42857142857142855,0.959349260420262,0.0017949061332556756,390
QwenHack,hack,pick_and_place_simple,react_ttc_monitored,8.0,reasoning_p,4,0.5714285714285714,0.9604509167308288,0.001950866378815701,390
QwenHack,hack,pick_and_place_simple,react_ttc_monitored,8.0,reasoning_p,5,0.7142857142857143,0.95848255465331,0.002161308126377588,390
QwenHack,hack,pick_and_place_simple,react_ttc_monitored,8.0,reasoning_p,6,0.8571428571428571,0.9612296052379308,0.0020272490369606026,390
QwenHack,hack,pick_and_place_simple,react_ttc_monitored,8.0,reasoning_p,7,1.0,0.9649672626535155,0.001788730259170721,390
QwenHack,hack,pick_and_place_simple,react_ttc_monitored,8.0,action_p,0,0.0,0.96008664614115,0.0047500077951238085,390
QwenHack,hack,pick_and_place_simple,react_ttc_monitored,8.0,action_p,1,0.14285714285714285,0.9618205221035542,0.00451658125433047,390
QwenHack,hack,pick_and_place_simple,react_ttc_monitored,8.0,action_p,2,0.2857142857142857,0.9739761766969649,0.002732730306262773,390
QwenHack,hack,pick_and_place_simple,react_ttc_monitored,8.0,action_p,3,0.42857142857142855,0.9681173203083185,0.0022999989850188284,390
QwenHack,hack,pick_and_place_simple,react_ttc_monitored,8.0,action_p,4,0.5714285714285714,0.9741678443194455,0.0017258804861732518,390
QwenHack,hack,pick_and_place_simple,react_ttc_monitored,8.0,action_p,5,0.7142857142857143,0.9767352745599217,0.0015589404114707804,390
QwenHack,hack,pick_and_place_simple,react_ttc_monitored,8.0,action_p,6,0.8571428571428571,0.979983647853609,0.0012694104562013496,390
QwenHack,hack,pick_and_place_simple,react_ttc_monitored,8.0,action_p,7,1.0,0.9825035942406809,0.001149439448095727,390
QwenHack,hack,pick_and_place_simple,react_ttc_monitored,8.0,reasoning_entropy,0,0.0,1.1316821488241355,0.029222208728207532,390
QwenHack,hack,pick_and_place_simple,react_ttc_monitored,8.0,reasoning_entropy,1,0.14285714285714285,0.7834556251000508,0.03857787634888714,390
QwenHack,hack,pick_and_place_simple,react_ttc_monitored,8.0,reasoning_entropy,2,0.2857142857142857,0.19619700523120487,0.028856885471444552,390
QwenHack,hack,pick_and_place_simple,react_ttc_monitored,8.0,reasoning_entropy,3,0.42857142857142855,0.24048805664249764,0.030573688950180283,390
QwenHack,hack,pick_and_place_simple,react_ttc_monitored,8.0,reasoning_entropy,4,0.5714285714285714,0.16380808500259428,0.02906080129765855,390
QwenHack,hack,pick_and_place_simple,react_ttc_monitored,8.0,reasoning_entropy,5,0.7142857142857143,0.2537598674951788,0.03233488384204275,390
QwenHack,hack,pick_and_place_simple,react_ttc_monitored,8.0,reasoning_entropy,6,0.8571428571428571,0.42690967304973665,0.03302831008431513,390
QwenHack,hack,pick_and_place_simple,react_ttc_monitored,8.0,reasoning_entropy,7,1.0,0.6268876227608067,0.03043109189228757,390
QwenHack,hack,pick_and_place_simple,react_ttc_monitored,8.0,action_entropy,0,0.0,1.6128517334277814,0.03457841324763933,390
QwenHack,hack,pick_and_place_simple,react_ttc_monitored,8.0,action_entropy,1,0.14285714285714285,1.1721435731921632,0.04687031389995063,390
QwenHack,hack,pick_and_place_simple,react_ttc_monitored,8.0,action_entropy,2,0.2857142857142857,0.1571995739502689,0.027050769587461172,390
QwenHack,hack,pick_and_place_simple,react_ttc_monitored,8.0,action_entropy,3,0.42857142857142855,0.1833395089595937,0.025465171753189405,390
QwenHack,hack,pick_and_place_simple,react_ttc_monitored,8.0,action_entropy,4,0.5714285714285714,0.07908523500186558,0.01790623681941575,390
QwenHack,hack,pick_and_place_simple,react_ttc_monitored,8.0,action_entropy,5,0.7142857142857143,0.10773674368004625,0.02011109335990904,390
QwenHack,hack,pick_and_place_simple,react_ttc_monitored,8.0,action_entropy,6,0.8571428571428571,0.5490308462176472,0.0428070453886777,390
QwenHack,hack,pick_and_place_simple,react_ttc_monitored,8.0,action_entropy,7,1.0,1.6969944193171194,0.05135206531130514,390
QwenHack,hack,pick_and_place_simple,react_ttc_monitored,16.0,reasoning_p,0,0.0,0.9578492911083576,0.00272444905445131,390
QwenHack,hack,pick_and_place_simple,react_ttc_monitored,16.0,reasoning_p,1,0.14285714285714285,0.9608880531214751,0.0023719319561012345,390
QwenHack,hack,pick_and_place_simple,react_ttc_monitored,16.0,reasoning_p,2,0.2857142857142857,0.9655521980500834,0.0020116065995696114,390
QwenHack,hack,pick_and_place_simple,react_ttc_monitored,16.0,reasoning_p,3,0.42857142857142855,0.9604168908608836,0.0017434785807342857,390
QwenHack,hack,pick_and_place_simple,react_ttc_monitored,16.0,reasoning_p,4,0.5714285714285714,0.9590407093043288,0.0018158692496942816,390
QwenHack,hack,pick_and_place_simple,react_ttc_monitored,16.0,reasoning_p,5,0.7142857142857143,0.954028154887136,0.0022159197472026715,390
QwenHack,hack,pick_and_place_simple,react_ttc_monitored,16.0,reasoning_p,6,0.8571428571428571,0.9562851930818531,0.002223504878296084,390
QwenHack,hack,pick_and_place_simple,react_ttc_monitored,16.0,reasoning_p,7,1.0,0.9609885618325081,0.001927903826131129,390
QwenHack,hack,pick_and_place_simple,react_ttc_monitored,16.0,action_p,0,0.0,0.961938619460815,0.005038802867764057,390
QwenHack,hack,pick_and_place_simple,react_ttc_monitored,16.0,action_p,1,0.14285714285714285,0.9628284462751486,0.004772217599983263,390
QwenHack,hack,pick_and_place_simple,react_ttc_monitored,16.0,action_p,2,0.2857142857142857,0.9732731316843602,0.0030639757403142813,390
QwenHack,hack,pick_and_place_simple,react_ttc_monitored,16.0,action_p,3,0.42857142857142855,0.9664488648884317,0.0026665838056502693,390
QwenHack,hack,pick_and_place_simple,react_ttc_monitored,16.0,action_p,4,0.5714285714285714,0.9717630965383642,0.001962676281044809,390
QwenHack,hack,pick_and_place_simple,react_ttc_monitored,16.0,action_p,5,0.7142857142857143,0.9735147613006779,0.0018157207732801077,390
QwenHack,hack,pick_and_place_simple,react_ttc_monitored,16.0,action_p,6,0.8571428571428571,0.976061095270409,0.0016956196214060887,390
QwenHack,hack,pick_and_place_simple,react_ttc_monitored,16.0,action_p,7,1.0,0.9792964908309617,0.0014644210756372916,390
QwenHack,hack,pick_and_place_simple,react_ttc_monitored,16.0,reasoning_entropy,0,0.0,1.1632979065820948,0.029287544200843913,390
QwenHack,hack,pick_and_place_simple,react_ttc_monitored,16.0,reasoning_entropy,1,0.14285714285714285,0.8834537132211736,0.03382813939531348,390
QwenHack,hack,pick_and_place_simple,react_ttc_monitored,16.0,reasoning_entropy,2,0.2857142857142857,0.2902674001723729,0.03069454815373204,390
QwenHack,hack,pick_and_place_simple,react_ttc_monitored,16.0,reasoning_entropy,3,0.42857142857142855,0.2929385553643573,0.029034989357926172,390
QwenHack,hack,pick_and_place_simple,react_ttc_monitored,16.0,reasoning_entropy,4,0.5714285714285714,0.1788589269648536,0.02382235458170162,390
QwenHack,hack,pick_and_place_simple,react_ttc_monitored,16.0,reasoning_entropy,5,0.7142857142857143,0.2535556035591351,0.02921874504188223,390
QwenHack,hack,pick_and_place_simple,react_ttc_monitored,16.0,reasoning_entropy,6,0.8571428571428571,0.4880861558963668,0.030019764751064288,390
QwenHack,hack,pick_and_place_simple,react_ttc_monitored,16.0,reasoning_entropy,7,1.0,0.770341037922547,0.02366942578949031,390
QwenHack,hack,pick_and_place_simple,react_ttc_monitored,16.0,action_entropy,0,0.0,1.6116430424726926,0.032368534631609575,390
QwenHack,hack,pick_and_place_simple,react_ttc_monitored,16.0,action_entropy,1,0.14285714285714285,1.2891635990200134,0.04346811167385658,390
QwenHack,hack,pick_and_place_simple,react_ttc_monitored,16.0,action_entropy,2,0.2857142857142857,0.18909615172276226,0.027358240835620565,390
QwenHack,hack,pick_and_place_simple,react_ttc_monitored,16.0,action_entropy,3,0.42857142857142855,0.15321966987879326,0.019380013784512533,390
QwenHack,hack,pick_and_place_simple,react_ttc_monitored,16.0,action_entropy,4,0.5714285714285714,0.062016846077480856,0.013652348396772875,390
QwenHack,hack,pick_and_place_simple,react_ttc_monitored,16.0,action_entropy,5,0.7142857142857143,0.07241554794361432,0.0118829464623212,390
QwenHack,hack,pick_and_place_simple,react_ttc_monitored,16.0,action_entropy,6,0.8571428571428571,0.613447802949052,0.04820607517932525,390
QwenHack,hack,pick_and_place_simple,react_ttc_monitored,16.0,action_entropy,7,1.0,1.9046836331728487,0.054611877710389174,390
QwenHack,hack,pick_and_place_simple,react_ttc_monitored,32.0,reasoning_p,0,0.0,0.9519950151782501,0.003490956004027374,390
QwenHack,hack,pick_and_place_simple,react_ttc_monitored,32.0,reasoning_p,1,0.14285714285714285,0.9576087971135522,0.0024899748739923904,390
QwenHack,hack,pick_and_place_simple,react_ttc_monitored,32.0,reasoning_p,2,0.2857142857142857,0.962443879970977,0.002145687682736337,390
QwenHack,hack,pick_and_place_simple,react_ttc_monitored,32.0,reasoning_p,3,0.42857142857142855,0.9617282000400836,0.0020124568109068635,390
QwenHack,hack,pick_and_place_simple,react_ttc_monitored,32.0,reasoning_p,4,0.5714285714285714,0.9632894286237011,0.001811555247178505,390
QwenHack,hack,pick_and_place_simple,react_ttc_monitored,32.0,reasoning_p,5,0.7142857142857143,0.9620103977813798,0.0019643099260483474,390
QwenHack,hack,pick_and_place_simple,react_ttc_monitored,32.0,reasoning_p,6,0.8571428571428571,0.9644751903003316,0.001918323678831237,390
QwenHack,hack,pick_and_place_simple,react_ttc_monitored,32.0,reasoning_p,7,1.0,0.9679505407177046,0.001677832113925678,390
QwenHack,hack,pick_and_place_simple,react_ttc_monitored,32.0,action_p,0,0.0,0.9509421356213399,0.005446342691924685,390
QwenHack,hack,pick_and_place_simple,react_ttc_monitored,32.0,action_p,1,0.14285714285714285,0.9550403080689601,0.004985233297082563,390
QwenHack,hack,pick_and_place_simple,react_ttc_monitored,32.0,action_p,2,0.2857142857142857,0.9695728692488793,0.002709108297494272,390
QwenHack,hack,pick_and_place_simple,react_ttc_monitored,32.0,action_p,3,0.42857142857142855,0.9675040881730552,0.002591623477075865,390
QwenHack,hack,pick_and_place_simple,react_ttc_monitored,32.0,action_p,4,0.5714285714285714,0.975228051976261,0.0018128467547633203,390
QwenHack,hack,pick_and_place_simple,react_ttc_monitored,32.0,action_p,5,0.7142857142857143,0.9774738871363494,0.0016598342763830072,390
QwenHack,hack,pick_and_place_simple,react_ttc_monitored,32.0,action_p,6,0.8571428571428571,0.9802218872454287,0.0013841229470529387,390
QwenHack,hack,pick_and_place_simple,react_ttc_monitored,32.0,action_p,7,1.0,0.9825526527732936,0.0012547111431453544,390
QwenHack,hack,pick_and_place_simple,react_ttc_monitored,32.0,reasoning_entropy,0,0.0,1.0560878253233599,0.030026966935113853,390
QwenHack,hack,pick_and_place_simple,react_ttc_monitored,32.0,reasoning_entropy,1,0.14285714285714285,0.763374213730428,0.03514125436016205,390
QwenHack,hack,pick_and_place_simple,react_ttc_monitored,32.0,reasoning_entropy,2,0.2857142857142857,0.2864615198831066,0.028865732508379822,390
QwenHack,hack,pick_and_place_simple,react_ttc_monitored,32.0,reasoning_entropy,3,0.42857142857142855,0.31476561188413527,0.028430165001868287,390
QwenHack,hack,pick_and_place_simple,react_ttc_monitored,32.0,reasoning_entropy,4,0.5714285714285714,0.18972654229348668,0.023375329170538205,390
QwenHack,hack,pick_and_place_simple,react_ttc_monitored,32.0,reasoning_entropy,5,0.7142857142857143,0.21589069472585676,0.024397234047906103,390
QwenHack,hack,pick_and_place_simple,react_ttc_monitored,32.0,reasoning_entropy,6,0.8571428571428571,0.3160695192748719,0.02556100692235538,390
QwenHack,hack,pick_and_place_simple,react_ttc_monitored,32.0,reasoning_entropy,7,1.0,0.645980943457116,0.021442512435141257,390
QwenHack,hack,pick_and_place_simple,react_ttc_monitored,32.0,action_entropy,0,0.0,1.5807555846678905,0.03536344270765887,390
QwenHack,hack,pick_and_place_simple,react_ttc_monitored,32.0,action_entropy,1,0.14285714285714285,1.0145173443720126,0.045847776111162086,390
QwenHack,hack,pick_and_place_simple,react_ttc_monitored,32.0,action_entropy,2,0.2857142857142857,0.12797981318420706,0.021038960196815434,390
QwenHack,hack,pick_and_place_simple,react_ttc_monitored,32.0,action_entropy,3,0.42857142857142855,0.16781649959828848,0.02246486759960421,390
QwenHack,hack,pick_and_place_simple,react_ttc_monitored,32.0,action_entropy,4,0.5714285714285714,0.11964662342439764,0.0214210659804072,390
QwenHack,hack,pick_and_place_simple,react_ttc_monitored,32.0,action_entropy,5,0.7142857142857143,0.10767655779297153,0.018830720952028934,390
QwenHack,hack,pick_and_place_simple,react_ttc_monitored,32.0,action_entropy,6,0.8571428571428571,0.4388128002866721,0.040123607398808284,390
QwenHack,hack,pick_and_place_simple,react_ttc_monitored,32.0,action_entropy,7,1.0,1.3656477446790236,0.05853235384265433,390
QwenHack,hack,pick_and_place_simple,react_ttc_monitored,64.0,reasoning_p,0,0.0,0.9560540409306618,0.002939738379139558,390
QwenHack,hack,pick_and_place_simple,react_ttc_monitored,64.0,reasoning_p,1,0.14285714285714285,0.9571992299020525,0.002752531205902131,390
QwenHack,hack,pick_and_place_simple,react_ttc_monitored,64.0,reasoning_p,2,0.2857142857142857,0.9643853546429162,0.0021021103759504994,390
QwenHack,hack,pick_and_place_simple,react_ttc_monitored,64.0,reasoning_p,3,0.42857142857142855,0.9618934846948911,0.0020792956735893988,390
QwenHack,hack,pick_and_place_simple,react_ttc_monitored,64.0,reasoning_p,4,0.5714285714285714,0.9631375547465841,0.0020100056242081327,390
QwenHack,hack,pick_and_place_simple,react_ttc_monitored,64.0,reasoning_p,5,0.7142857142857143,0.9616473826701419,0.0022046985306032403,390
QwenHack,hack,pick_and_place_simple,react_ttc_monitored,64.0,reasoning_p,6,0.8571428571428571,0.9633152773811932,0.00215576409496116,390
QwenHack,hack,pick_and_place_simple,react_ttc_monitored,64.0,reasoning_p,7,1.0,0.9670017667969247,0.0019297283181043837,390
QwenHack,hack,pick_and_place_simple,react_ttc_monitored,64.0,action_p,0,0.0,0.9500356886631404,0.005434079716249667,390
QwenHack,hack,pick_and_place_simple,react_ttc_monitored,64.0,action_p,1,0.14285714285714285,0.9498790368055686,0.00520024774572554,390
QwenHack,hack,pick_and_place_simple,react_ttc_monitored,64.0,action_p,2,0.2857142857142857,0.9630568146323546,0.0033633279436381374,390
QwenHack,hack,pick_and_place_simple,react_ttc_monitored,64.0,action_p,3,0.42857142857142855,0.9600786907041173,0.0031437316788002043,390
QwenHack,hack,pick_and_place_simple,react_ttc_monitored,64.0,action_p,4,0.5714285714285714,0.969807474827155,0.002156737756528572,390
QwenHack,hack,pick_and_place_simple,react_ttc_monitored,64.0,action_p,5,0.7142857142857143,0.9726663064434488,0.0018689631741856622,390
QwenHack,hack,pick_and_place_simple,react_ttc_monitored,64.0,action_p,6,0.8571428571428571,0.9757755049963065,0.0016962030845107871,390
QwenHack,hack,pick_and_place_simple,react_ttc_monitored,64.0,action_p,7,1.0,0.9789974704992495,0.001470635909882359,390
QwenHack,hack,pick_and_place_simple,react_ttc_monitored,64.0,reasoning_entropy,0,0.0,1.0002838987642813,0.030001793517308528,390
QwenHack,hack,pick_and_place_simple,react_ttc_monitored,64.0,reasoning_entropy,1,0.14285714285714285,0.7526922873427614,0.03502400492534369,390
QwenHack,hack,pick_and_place_simple,react_ttc_monitored,64.0,reasoning_entropy,2,0.2857142857142857,0.2265814200948979,0.02749260481533662,390
QwenHack,hack,pick_and_place_simple,react_ttc_monitored,64.0,reasoning_entropy,3,0.42857142857142855,0.3540119071096114,0.028142900399426633,390
QwenHack,hack,pick_and_place_simple,react_ttc_monitored,64.0,reasoning_entropy,4,0.5714285714285714,0.19151626600878865,0.02570835518247917,390
QwenHack,hack,pick_and_place_simple,react_ttc_monitored,64.0,reasoning_entropy,5,0.7142857142857143,0.19710045674432075,0.0235629540053358,390
QwenHack,hack,pick_and_place_simple,react_ttc_monitored,64.0,reasoning_entropy,6,0.8571428571428571,0.26281260050005717,0.0231179856825434,390
QwenHack,hack,pick_and_place_simple,react_ttc_monitored,64.0,reasoning_entropy,7,1.0,0.6948785360975229,0.022644383851011092,390
QwenHack,hack,pick_and_place_simple,react_ttc_monitored,64.0,action_entropy,0,0.0,1.4842112321120042,0.03709119134285067,390
QwenHack,hack,pick_and_place_simple,react_ttc_monitored,64.0,action_entropy,1,0.14285714285714285,0.9848979072585606,0.0479109586382059,390
QwenHack,hack,pick_and_place_simple,react_ttc_monitored,64.0,action_entropy,2,0.2857142857142857,0.09782524631203462,0.021148587981753106,390
QwenHack,hack,pick_and_place_simple,react_ttc_monitored,64.0,action_entropy,3,0.42857142857142855,0.2017229130028938,0.020517758395359326,390
QwenHack,hack,pick_and_place_simple,react_ttc_monitored,64.0,action_entropy,4,0.5714285714285714,0.05572080799402335,0.015871676094661672,390
QwenHack,hack,pick_and_place_simple,react_ttc_monitored,64.0,action_entropy,5,0.7142857142857143,0.06181543300029798,0.01596034147894097,390
QwenHack,hack,pick_and_place_simple,react_ttc_monitored,64.0,action_entropy,6,0.8571428571428571,0.3044303462485401,0.03487149706116828,390
QwenHack,hack,pick_and_place_simple,react_ttc_monitored,64.0,action_entropy,7,1.0,1.497400403394101,0.06366870590852408,390
QwenHack,hack,pick_and_place_simple,react_ttc_monitored,128.0,reasoning_p,0,0.0,0.9589016620846662,0.0025691830507445406,390
QwenHack,hack,pick_and_place_simple,react_ttc_monitored,128.0,reasoning_p,1,0.14285714285714285,0.9610315211252134,0.002432550922470251,390
QwenHack,hack,pick_and_place_simple,react_ttc_monitored,128.0,reasoning_p,2,0.2857142857142857,0.967439950537186,0.001853488059813671,390
QwenHack,hack,pick_and_place_simple,react_ttc_monitored,128.0,reasoning_p,3,0.42857142857142855,0.9608347635416279,0.0018034879462170506,390
QwenHack,hack,pick_and_place_simple,react_ttc_monitored,128.0,reasoning_p,4,0.5714285714285714,0.960747830857487,0.0018782286373561826,390
QwenHack,hack,pick_and_place_simple,react_ttc_monitored,128.0,reasoning_p,5,0.7142857142857143,0.9562286785754278,0.00244748300165714,390
QwenHack,hack,pick_and_place_simple,react_ttc_monitored,128.0,reasoning_p,6,0.8571428571428571,0.9576739995987518,0.00244486393152735,390
QwenHack,hack,pick_and_place_simple,react_ttc_monitored,128.0,reasoning_p,7,1.0,0.9623797269761658,0.0021141841894051767,390
QwenHack,hack,pick_and_place_simple,react_ttc_monitored,128.0,action_p,0,0.0,0.939134588608375,0.005935768676912133,390
QwenHack,hack,pick_and_place_simple,react_ttc_monitored,128.0,action_p,1,0.14285714285714285,0.9446583583568915,0.005462583922051194,390
QwenHack,hack,pick_and_place_simple,react_ttc_monitored,128.0,action_p,2,0.2857142857142857,0.9622650121521745,0.003252310317131762,390
QwenHack,hack,pick_and_place_simple,react_ttc_monitored,128.0,action_p,3,0.42857142857142855,0.958142758307294,0.0028994191775382626,390
QwenHack,hack,pick_and_place_simple,react_ttc_monitored,128.0,action_p,4,0.5714285714285714,0.9667643875596871,0.0021480256747385446,390
QwenHack,hack,pick_and_place_simple,react_ttc_monitored,128.0,action_p,5,0.7142857142857143,0.9698926366827427,0.001987610399741634,390
QwenHack,hack,pick_and_place_simple,react_ttc_monitored,128.0,action_p,6,0.8571428571428571,0.9721058689798336,0.0018863321166663052,390
QwenHack,hack,pick_and_place_simple,react_ttc_monitored,128.0,action_p,7,1.0,0.97614798855505,0.0016265963221237273,390
QwenHack,hack,pick_and_place_simple,react_ttc_monitored,128.0,reasoning_entropy,0,0.0,1.0751380420374774,0.028762946772592973,390
QwenHack,hack,pick_and_place_simple,react_ttc_monitored,128.0,reasoning_entropy,1,0.14285714285714285,0.8740964712842572,0.03550219341433464,390
QwenHack,hack,pick_and_place_simple,react_ttc_monitored,128.0,reasoning_entropy,2,0.2857142857142857,0.25923645474629126,0.029874365544402714,390
QwenHack,hack,pick_and_place_simple,react_ttc_monitored,128.0,reasoning_entropy,3,0.42857142857142855,0.3370297026899146,0.02894862480044204,390
QwenHack,hack,pick_and_place_simple,react_ttc_monitored,128.0,reasoning_entropy,4,0.5714285714285714,0.20342708096698645,0.02475507171283126,390
QwenHack,hack,pick_and_place_simple,react_ttc_monitored,128.0,reasoning_entropy,5,0.7142857142857143,0.2243202193136309,0.024288277112967622,390
QwenHack,hack,pick_and_place_simple,react_ttc_monitored,128.0,reasoning_entropy,6,0.8571428571428571,0.30927203929397,0.02407191976720031,390
QwenHack,hack,pick_and_place_simple,react_ttc_monitored,128.0,reasoning_entropy,7,1.0,0.7111706067136935,0.02238907334279608,390
QwenHack,hack,pick_and_place_simple,react_ttc_monitored,128.0,action_entropy,0,0.0,1.5430013896563115,0.034211565761785426,390
QwenHack,hack,pick_and_place_simple,react_ttc_monitored,128.0,action_entropy,1,0.14285714285714285,1.102731505389779,0.04480055224068709,390
QwenHack,hack,pick_and_place_simple,react_ttc_monitored,128.0,action_entropy,2,0.2857142857142857,0.13373274239771163,0.022589328453090425,390
QwenHack,hack,pick_and_place_simple,react_ttc_monitored,128.0,action_entropy,3,0.42857142857142855,0.18960682021495767,0.021064843419601468,390
QwenHack,hack,pick_and_place_simple,react_ttc_monitored,128.0,action_entropy,4,0.5714285714285714,0.11932283816291975,0.023607010295479368,390
QwenHack,hack,pick_and_place_simple,react_ttc_monitored,128.0,action_entropy,5,0.7142857142857143,0.14525006814883687,0.024650136489585035,390
QwenHack,hack,pick_and_place_simple,react_ttc_monitored,128.0,action_entropy,6,0.8571428571428571,0.30681841218461975,0.03366532836425235,390
QwenHack,hack,pick_and_place_simple,react_ttc_monitored,128.0,action_entropy,7,1.0,1.6341285223605482,0.05849058453045782,390
QwenHack,hack,pick_and_place_simple,react_ttc_monitored,256.0,reasoning_p,0,0.0,0.9592128757798232,0.0026558610728504243,390
QwenHack,hack,pick_and_place_simple,react_ttc_monitored,256.0,reasoning_p,1,0.14285714285714285,0.9603948477079275,0.0025385086933540388,390
QwenHack,hack,pick_and_place_simple,react_ttc_monitored,256.0,reasoning_p,2,0.2857142857142857,0.9662326145232905,0.0019962556886407167,390
QwenHack,hack,pick_and_place_simple,react_ttc_monitored,256.0,reasoning_p,3,0.42857142857142855,0.9622551543619736,0.0019526876043713499,390
QwenHack,hack,pick_and_place_simple,react_ttc_monitored,256.0,reasoning_p,4,0.5714285714285714,0.9664608256711129,0.0017313284324575373,390
QwenHack,hack,pick_and_place_simple,react_ttc_monitored,256.0,reasoning_p,5,0.7142857142857143,0.9663887577747186,0.0019098728842654891,390
QwenHack,hack,pick_and_place_simple,react_ttc_monitored,256.0,reasoning_p,6,0.8571428571428571,0.9684237204471634,0.0017567405044195226,390
QwenHack,hack,pick_and_place_simple,react_ttc_monitored,256.0,reasoning_p,7,1.0,0.9716337726764074,0.0015696474830213004,390
QwenHack,hack,pick_and_place_simple,react_ttc_monitored,256.0,action_p,0,0.0,0.9407473659668213,0.006495477187555725,390
QwenHack,hack,pick_and_place_simple,react_ttc_monitored,256.0,action_p,1,0.14285714285714285,0.9519703902495213,0.005145700695702445,390
QwenHack,hack,pick_and_place_simple,react_ttc_monitored,256.0,action_p,2,0.2857142857142857,0.9653931802791408,0.0031898087010210213,390
QwenHack,hack,pick_and_place_simple,react_ttc_monitored,256.0,action_p,3,0.42857142857142855,0.9616722472457804,0.002775904892415238,390
QwenHack,hack,pick_and_place_simple,react_ttc_monitored,256.0,action_p,4,0.5714285714285714,0.9709798741238749,0.002034223721194626,390
QwenHack,hack,pick_and_place_simple,react_ttc_monitored,256.0,action_p,5,0.7142857142857143,0.9741410397018634,0.0017499477840761779,390
QwenHack,hack,pick_and_place_simple,react_ttc_monitored,256.0,action_p,6,0.8571428571428571,0.97735013442653,0.0015106959771496232,390
QwenHack,hack,pick_and_place_simple,react_ttc_monitored,256.0,action_p,7,1.0,0.9803100535413648,0.0013141820809481962,390
QwenHack,hack,pick_and_place_simple,react_ttc_monitored,256.0,reasoning_entropy,0,0.0,0.9669839767847421,0.030969968202285262,390
QwenHack,hack,pick_and_place_simple,react_ttc_monitored,256.0,reasoning_entropy,1,0.14285714285714285,0.6718613582763189,0.033122171765508086,390
QwenHack,hack,pick_and_place_simple,react_ttc_monitored,256.0,reasoning_entropy,2,0.2857142857142857,0.2670583726242286,0.029485934861976728,390
QwenHack,hack,pick_and_place_simple,react_ttc_monitored,256.0,reasoning_entropy,3,0.42857142857142855,0.35089826839321125,0.030081450089414295,390
QwenHack,hack,pick_and_place_simple,react_ttc_monitored,256.0,reasoning_entropy,4,0.5714285714285714,0.19339381761675772,0.025027969229784303,390
QwenHack,hack,pick_and_place_simple,react_ttc_monitored,256.0,reasoning_entropy,5,0.7142857142857143,0.19226898254622674,0.02417113344255099,390
QwenHack,hack,pick_and_place_simple,react_ttc_monitored,256.0,reasoning_entropy,6,0.8571428571428571,0.303170478734955,0.02521563610454919,390
QwenHack,hack,pick_and_place_simple,react_ttc_monitored,256.0,reasoning_entropy,7,1.0,0.6103532719774915,0.021756836172105276,390
QwenHack,hack,pick_and_place_simple,react_ttc_monitored,256.0,action_entropy,0,0.0,1.4746545725908036,0.0316444786620865,390
QwenHack,hack,pick_and_place_simple,react_ttc_monitored,256.0,action_entropy,1,0.14285714285714285,0.9162702686905574,0.04419479439074101,390
QwenHack,hack,pick_and_place_simple,react_ttc_monitored,256.0,action_entropy,2,0.2857142857142857,0.12497151362715671,0.019200419940772272,390
QwenHack,hack,pick_and_place_simple,react_ttc_monitored,256.0,action_entropy,3,0.42857142857142855,0.21473061936095547,0.019888024348985782,390
QwenHack,hack,pick_and_place_simple,react_ttc_monitored,256.0,action_entropy,4,0.5714285714285714,0.12018919898053775,0.020255283994811718,390
QwenHack,hack,pick_and_place_simple,react_ttc_monitored,256.0,action_entropy,5,0.7142857142857143,0.1364597598132558,0.021855678981246428,390
QwenHack,hack,pick_and_place_simple,react_ttc_monitored,256.0,action_entropy,6,0.8571428571428571,0.42060160599156426,0.03725967559268551,390
QwenHack,hack,pick_and_place_simple,react_ttc_monitored,256.0,action_entropy,7,1.0,1.3702129909126923,0.060477080905534095,390
QwenMix05,mix05,pick_and_place_simple,react_baseline,,reasoning_p,0,0.0,,0.0,0
QwenMix05,mix05,pick_and_place_simple,react_baseline,,reasoning_p,1,0.14285714285714285,,0.0,0
QwenMix05,mix05,pick_and_place_simple,react_baseline,,reasoning_p,2,0.2857142857142857,,0.0,0
QwenMix05,mix05,pick_and_place_simple,react_baseline,,reasoning_p,3,0.42857142857142855,,0.0,0
QwenMix05,mix05,pick_and_place_simple,react_baseline,,reasoning_p,4,0.5714285714285714,,0.0,0
QwenMix05,mix05,pick_and_place_simple,react_baseline,,reasoning_p,5,0.7142857142857143,,0.0,0
QwenMix05,mix05,pick_and_place_simple,react_baseline,,reasoning_p,6,0.8571428571428571,,0.0,0
QwenMix05,mix05,pick_and_place_simple,react_baseline,,reasoning_p,7,1.0,,0.0,0
QwenMix05,mix05,pick_and_place_simple,react_baseline,,action_p,0,0.0,,0.0,0
QwenMix05,mix05,pick_and_place_simple,react_baseline,,action_p,1,0.14285714285714285,,0.0,0
QwenMix05,mix05,pick_and_place_simple,react_baseline,,action_p,2,0.2857142857142857,,0.0,0
QwenMix05,mix05,pick_and_place_simple,react_baseline,,action_p,3,0.42857142857142855,,0.0,0
QwenMix05,mix05,pick_and_place_simple,react_baseline,,action_p,4,0.5714285714285714,,0.0,0
QwenMix05,mix05,pick_and_place_simple,react_baseline,,action_p,5,0.7142857142857143,,0.0,0
QwenMix05,mix05,pick_and_place_simple,react_baseline,,action_p,6,0.8571428571428571,,0.0,0
QwenMix05,mix05,pick_and_place_simple,react_baseline,,action_p,7,1.0,,0.0,0
QwenMix05,mix05,pick_and_place_simple,react_baseline,,reasoning_entropy,0,0.0,,0.0,0
QwenMix05,mix05,pick_and_place_simple,react_baseline,,reasoning_entropy,1,0.14285714285714285,,0.0,0
QwenMix05,mix05,pick_and_place_simple,react_baseline,,reasoning_entropy,2,0.2857142857142857,,0.0,0
QwenMix05,mix05,pick_and_place_simple,react_baseline,,reasoning_entropy,3,0.42857142857142855,,0.0,0
QwenMix05,mix05,pick_and_place_simple,react_baseline,,reasoning_entropy,4,0.5714285714285714,,0.0,0
QwenMix05,mix05,pick_and_place_simple,react_baseline,,reasoning_entropy,5,0.7142857142857143,,0.0,0
QwenMix05,mix05,pick_and_place_simple,react_baseline,,reasoning_entropy,6,0.8571428571428571,,0.0,0
QwenMix05,mix05,pick_and_place_simple,react_baseline,,reasoning_entropy,7,1.0,,0.0,0
QwenMix05,mix05,pick_and_place_simple,react_baseline,,action_entropy,0,0.0,,0.0,0
QwenMix05,mix05,pick_and_place_simple,react_baseline,,action_entropy,1,0.14285714285714285,,0.0,0
QwenMix05,mix05,pick_and_place_simple,react_baseline,,action_entropy,2,0.2857142857142857,,0.0,0
QwenMix05,mix05,pick_and_place_simple,react_baseline,,action_entropy,3,0.42857142857142855,,0.0,0
QwenMix05,mix05,pick_and_place_simple,react_baseline,,action_entropy,4,0.5714285714285714,,0.0,0
QwenMix05,mix05,pick_and_place_simple,react_baseline,,action_entropy,5,0.7142857142857143,,0.0,0
QwenMix05,mix05,pick_and_place_simple,react_baseline,,action_entropy,6,0.8571428571428571,,0.0,0
QwenMix05,mix05,pick_and_place_simple,react_baseline,,action_entropy,7,1.0,,0.0,0
QwenMix05,mix05,pick_and_place_simple,react_ttc_monitored,8.0,reasoning_p,0,0.0,0.6183680812517802,0.020728206503275736,90
QwenMix05,mix05,pick_and_place_simple,react_ttc_monitored,8.0,reasoning_p,1,0.14285714285714285,0.7112405574984021,0.015925988480637678,90
QwenMix05,mix05,pick_and_place_simple,react_ttc_monitored,8.0,reasoning_p,2,0.2857142857142857,0.7484675320762177,0.01186937421141317,90
QwenMix05,mix05,pick_and_place_simple,react_ttc_monitored,8.0,reasoning_p,3,0.42857142857142855,0.7829677783228733,0.010206806332883735,90
QwenMix05,mix05,pick_and_place_simple,react_ttc_monitored,8.0,reasoning_p,4,0.5714285714285714,0.8093411889175574,0.009135202978603632,90
QwenMix05,mix05,pick_and_place_simple,react_ttc_monitored,8.0,reasoning_p,5,0.7142857142857143,0.811699684019442,0.008867909103223966,90
QwenMix05,mix05,pick_and_place_simple,react_ttc_monitored,8.0,reasoning_p,6,0.8571428571428571,0.8165507170597397,0.009339721031395895,90
QwenMix05,mix05,pick_and_place_simple,react_ttc_monitored,8.0,reasoning_p,7,1.0,0.8328678442466827,0.008254866991117812,90
QwenMix05,mix05,pick_and_place_simple,react_ttc_monitored,8.0,action_p,0,0.0,0.723356714223822,0.032674141282179284,90
QwenMix05,mix05,pick_and_place_simple,react_ttc_monitored,8.0,action_p,1,0.14285714285714285,0.7825114162431823,0.023131581579633582,90
QwenMix05,mix05,pick_and_place_simple,react_ttc_monitored,8.0,action_p,2,0.2857142857142857,0.8197705416836673,0.013610583621779642,90
QwenMix05,mix05,pick_and_place_simple,react_ttc_monitored,8.0,action_p,3,0.42857142857142855,0.8304726727375831,0.011239766390197853,90
QwenMix05,mix05,pick_and_place_simple,react_ttc_monitored,8.0,action_p,4,0.5714285714285714,0.8627732097226437,0.008407789434393995,90
QwenMix05,mix05,pick_and_place_simple,react_ttc_monitored,8.0,action_p,5,0.7142857142857143,0.869330869924829,0.007671598347577437,90
QwenMix05,mix05,pick_and_place_simple,react_ttc_monitored,8.0,action_p,6,0.8571428571428571,0.8788472156758819,0.007236137719025976,90
QwenMix05,mix05,pick_and_place_simple,react_ttc_monitored,8.0,action_p,7,1.0,0.8933137653798613,0.0061800209141617025,90
QwenMix05,mix05,pick_and_place_simple,react_ttc_monitored,8.0,reasoning_entropy,0,0.0,1.2347432558735212,0.07803922940695893,90
QwenMix05,mix05,pick_and_place_simple,react_ttc_monitored,8.0,reasoning_entropy,1,0.14285714285714285,0.5023358489049415,0.08019204553839313,90
QwenMix05,mix05,pick_and_place_simple,react_ttc_monitored,8.0,reasoning_entropy,2,0.2857142857142857,0.657175805210818,0.08428871483072053,90
QwenMix05,mix05,pick_and_place_simple,react_ttc_monitored,8.0,reasoning_entropy,3,0.42857142857142855,0.303619481386502,0.06374217772522127,90
QwenMix05,mix05,pick_and_place_simple,react_ttc_monitored,8.0,reasoning_entropy,4,0.5714285714285714,0.09705076904831206,0.040693043733052055,90
QwenMix05,mix05,pick_and_place_simple,react_ttc_monitored,8.0,reasoning_entropy,5,0.7142857142857143,0.3553888920863149,0.07842790171950413,90
QwenMix05,mix05,pick_and_place_simple,react_ttc_monitored,8.0,reasoning_entropy,6,0.8571428571428571,0.6072688426987346,0.08515557791264092,90
QwenMix05,mix05,pick_and_place_simple,react_ttc_monitored,8.0,reasoning_entropy,7,1.0,1.0731069278029381,0.09436646756067854,90
QwenMix05,mix05,pick_and_place_simple,react_ttc_monitored,8.0,action_entropy,0,0.0,1.5277238047785229,0.065344906502777,90
QwenMix05,mix05,pick_and_place_simple,react_ttc_monitored,8.0,action_entropy,1,0.14285714285714285,0.5946895043779579,0.0782864734590342,90
QwenMix05,mix05,pick_and_place_simple,react_ttc_monitored,8.0,action_entropy,2,0.2857142857142857,0.44237667866206415,0.07418294728974614,90
QwenMix05,mix05,pick_and_place_simple,react_ttc_monitored,8.0,action_entropy,3,0.42857142857142855,0.33586999591595185,0.06164126504934054,90
QwenMix05,mix05,pick_and_place_simple,react_ttc_monitored,8.0,action_entropy,4,0.5714285714285714,0.056944461503169605,0.022011538897385732,90
QwenMix05,mix05,pick_and_place_simple,react_ttc_monitored,8.0,action_entropy,5,0.7142857142857143,0.2099131288420823,0.07082112871527388,90
QwenMix05,mix05,pick_and_place_simple,react_ttc_monitored,8.0,action_entropy,6,0.8571428571428571,0.3599768250197586,0.07998750400900613,90
QwenMix05,mix05,pick_and_place_simple,react_ttc_monitored,8.0,action_entropy,7,1.0,1.9404199953139243,0.14911281098163104,90
QwenMix05,mix05,pick_and_place_simple,react_ttc_monitored,16.0,reasoning_p,0,0.0,0.625518314457602,0.020254964397376254,90
QwenMix05,mix05,pick_and_place_simple,react_ttc_monitored,16.0,reasoning_p,1,0.14285714285714285,0.6940236574521771,0.018227259482269886,90
QwenMix05,mix05,pick_and_place_simple,react_ttc_monitored,16.0,reasoning_p,2,0.2857142857142857,0.7695834133498094,0.011756448049375676,90
QwenMix05,mix05,pick_and_place_simple,react_ttc_monitored,16.0,reasoning_p,3,0.42857142857142855,0.791147475736955,0.00970860228469072,90
QwenMix05,mix05,pick_and_place_simple,react_ttc_monitored,16.0,reasoning_p,4,0.5714285714285714,0.8196123962162137,0.008465699609821463,90
QwenMix05,mix05,pick_and_place_simple,react_ttc_monitored,16.0,reasoning_p,5,0.7142857142857143,0.83086354373843,0.007889346230880534,90
QwenMix05,mix05,pick_and_place_simple,react_ttc_monitored,16.0,reasoning_p,6,0.8571428571428571,0.8327068874736674,0.008278317937496433,90
QwenMix05,mix05,pick_and_place_simple,react_ttc_monitored,16.0,reasoning_p,7,1.0,0.842440285399031,0.007710455278633635,90
QwenMix05,mix05,pick_and_place_simple,react_ttc_monitored,16.0,action_p,0,0.0,0.711217803011338,0.03351352354708512,90
QwenMix05,mix05,pick_and_place_simple,react_ttc_monitored,16.0,action_p,1,0.14285714285714285,0.7474655623237292,0.028610970108055293,90
QwenMix05,mix05,pick_and_place_simple,react_ttc_monitored,16.0,action_p,2,0.2857142857142857,0.8139760448838825,0.016122748554288337,90
QwenMix05,mix05,pick_and_place_simple,react_ttc_monitored,16.0,action_p,3,0.42857142857142855,0.8137119388828675,0.01291646085211541,90
QwenMix05,mix05,pick_and_place_simple,react_ttc_monitored,16.0,action_p,4,0.5714285714285714,0.8468232545408387,0.009723062560329489,90
QwenMix05,mix05,pick_and_place_simple,react_ttc_monitored,16.0,action_p,5,0.7142857142857143,0.8592214445266183,0.008257892901203129,90
QwenMix05,mix05,pick_and_place_simple,react_ttc_monitored,16.0,action_p,6,0.8571428571428571,0.8683545011063178,0.008169385252573196,90
QwenMix05,mix05,pick_and_place_simple,react_ttc_monitored,16.0,action_p,7,1.0,0.8845101987507451,0.007093424728156998,90
QwenMix05,mix05,pick_and_place_simple,react_ttc_monitored,16.0,reasoning_entropy,0,0.0,0.8318498608062025,0.062412683069251476,90
QwenMix05,mix05,pick_and_place_simple,react_ttc_monitored,16.0,reasoning_entropy,1,0.14285714285714285,0.5947092106836458,0.05898220098548805,90
QwenMix05,mix05,pick_and_place_simple,react_ttc_monitored,16.0,reasoning_entropy,2,0.2857142857142857,0.3415611677109256,0.05448218975548209,90
QwenMix05,mix05,pick_and_place_simple,react_ttc_monitored,16.0,reasoning_entropy,3,0.42857142857142855,0.8831330426109814,0.08653859961925525,90
QwenMix05,mix05,pick_and_place_simple,react_ttc_monitored,16.0,reasoning_entropy,4,0.5714285714285714,0.5452577726670319,0.079622855472067,90
QwenMix05,mix05,pick_and_place_simple,react_ttc_monitored,16.0,reasoning_entropy,5,0.7142857142857143,0.5006892721347516,0.07276138003422966,90
QwenMix05,mix05,pick_and_place_simple,react_ttc_monitored,16.0,reasoning_entropy,6,0.8571428571428571,0.48053468506735286,0.06326687176048375,90
QwenMix05,mix05,pick_and_place_simple,react_ttc_monitored,16.0,reasoning_entropy,7,1.0,1.1090474506299546,0.06954712640361849,90
QwenMix05,mix05,pick_and_place_simple,react_ttc_monitored,16.0,action_entropy,0,0.0,1.4215501924355824,0.07119657740748433,90
QwenMix05,mix05,pick_and_place_simple,react_ttc_monitored,16.0,action_entropy,1,0.14285714285714285,0.8504284277454847,0.07726478651066132,90
QwenMix05,mix05,pick_and_place_simple,react_ttc_monitored,16.0,action_entropy,2,0.2857142857142857,0.3683165677059959,0.06435260625353141,90
QwenMix05,mix05,pick_and_place_simple,react_ttc_monitored,16.0,action_entropy,3,0.42857142857142855,0.5533878590032044,0.07242593024105706,90
QwenMix05,mix05,pick_and_place_simple,react_ttc_monitored,16.0,action_entropy,4,0.5714285714285714,0.03981964725276662,0.012241312649638177,90
QwenMix05,mix05,pick_and_place_simple,react_ttc_monitored,16.0,action_entropy,5,0.7142857142857143,0.18842105969734904,0.06556431782915104,90
QwenMix05,mix05,pick_and_place_simple,react_ttc_monitored,16.0,action_entropy,6,0.8571428571428571,0.395237791698633,0.0733023176492959,90
QwenMix05,mix05,pick_and_place_simple,react_ttc_monitored,16.0,action_entropy,7,1.0,2.481297406220498,0.13131132541732463,90
QwenMix05,mix05,pick_and_place_simple,react_ttc_monitored,32.0,reasoning_p,0,0.0,0.6270421016961335,0.019433181946333828,90
QwenMix05,mix05,pick_and_place_simple,react_ttc_monitored,32.0,reasoning_p,1,0.14285714285714285,0.7029454317307379,0.017871960578309063,90
QwenMix05,mix05,pick_and_place_simple,react_ttc_monitored,32.0,reasoning_p,2,0.2857142857142857,0.7519066306132606,0.0135747133647048,90
QwenMix05,mix05,pick_and_place_simple,react_ttc_monitored,32.0,reasoning_p,3,0.42857142857142855,0.7710450182342725,0.011349482896064276,90
QwenMix05,mix05,pick_and_place_simple,react_ttc_monitored,32.0,reasoning_p,4,0.5714285714285714,0.7826335995826459,0.009969890276306069,90
QwenMix05,mix05,pick_and_place_simple,react_ttc_monitored,32.0,reasoning_p,5,0.7142857142857143,0.7853275012832417,0.009835958887396714,90
QwenMix05,mix05,pick_and_place_simple,react_ttc_monitored,32.0,reasoning_p,6,0.8571428571428571,0.7861592193668296,0.009975242230090092,90
QwenMix05,mix05,pick_and_place_simple,react_ttc_monitored,32.0,reasoning_p,7,1.0,0.8005914522204263,0.009379559644506335,90
QwenMix05,mix05,pick_and_place_simple,react_ttc_monitored,32.0,action_p,0,0.0,0.790486177843478,0.024415935966062247,90
QwenMix05,mix05,pick_and_place_simple,react_ttc_monitored,32.0,action_p,1,0.14285714285714285,0.7997233520572384,0.02210530669355846,90
QwenMix05,mix05,pick_and_place_simple,react_ttc_monitored,32.0,action_p,2,0.2857142857142857,0.8199840156430448,0.013765789021576958,90
QwenMix05,mix05,pick_and_place_simple,react_ttc_monitored,32.0,action_p,3,0.42857142857142855,0.8272541113508244,0.010433182235374735,90
QwenMix05,mix05,pick_and_place_simple,react_ttc_monitored,32.0,action_p,4,0.5714285714285714,0.8557761783594333,0.00818483415170982,90
QwenMix05,mix05,pick_and_place_simple,react_ttc_monitored,32.0,action_p,5,0.7142857142857143,0.8605454994089625,0.00710083473999982,90
QwenMix05,mix05,pick_and_place_simple,react_ttc_monitored,32.0,action_p,6,0.8571428571428571,0.869772286128509,0.006757555122797778,90
QwenMix05,mix05,pick_and_place_simple,react_ttc_monitored,32.0,action_p,7,1.0,0.8838358304130711,0.006233648743665849,90
QwenMix05,mix05,pick_and_place_simple,react_ttc_monitored,32.0,reasoning_entropy,0,0.0,1.019423212845068,0.07234550046801262,90
QwenMix05,mix05,pick_and_place_simple,react_ttc_monitored,32.0,reasoning_entropy,1,0.14285714285714285,0.5814962805793348,0.07707287200718306,90
QwenMix05,mix05,pick_and_place_simple,react_ttc_monitored,32.0,reasoning_entropy,2,0.2857142857142857,0.6561730804400634,0.0708576324499679,90
QwenMix05,mix05,pick_and_place_simple,react_ttc_monitored,32.0,reasoning_entropy,3,0.42857142857142855,0.5641857149088435,0.07179656508746837,90
QwenMix05,mix05,pick_and_place_simple,react_ttc_monitored,32.0,reasoning_entropy,4,0.5714285714285714,0.41725383591237913,0.06633128015300001,90
QwenMix05,mix05,pick_and_place_simple,react_ttc_monitored,32.0,reasoning_entropy,5,0.7142857142857143,0.45947595406472214,0.06726114462798992,90
QwenMix05,mix05,pick_and_place_simple,react_ttc_monitored,32.0,reasoning_entropy,6,0.8571428571428571,0.5342075393456914,0.06938755993010616,90
QwenMix05,mix05,pick_and_place_simple,react_ttc_monitored,32.0,reasoning_entropy,7,1.0,0.9828004783995753,0.05092854867554446,90
QwenMix05,mix05,pick_and_place_simple,react_ttc_monitored,32.0,action_entropy,0,0.0,1.650951188802719,0.07118091229266749,90
QwenMix05,mix05,pick_and_place_simple,react_ttc_monitored,32.0,action_entropy,1,0.14285714285714285,0.6212005940110733,0.09519012970280942,90
QwenMix05,mix05,pick_and_place_simple,react_ttc_monitored,32.0,action_entropy,2,0.2857142857142857,0.2914518229676307,0.04931967792796942,90
QwenMix05,mix05,pick_and_place_simple,react_ttc_monitored,32.0,action_entropy,3,0.42857142857142855,0.3645802848610199,0.06956457977834411,90
QwenMix05,mix05,pick_and_place_simple,react_ttc_monitored,32.0,action_entropy,4,0.5714285714285714,0.09080164791084826,0.04545341239985544,90
QwenMix05,mix05,pick_and_place_simple,react_ttc_monitored,32.0,action_entropy,5,0.7142857142857143,0.09209714694621249,0.03927689993873749,90
QwenMix05,mix05,pick_and_place_simple,react_ttc_monitored,32.0,action_entropy,6,0.8571428571428571,0.2942240186734125,0.05561278912085342,90
QwenMix05,mix05,pick_and_place_simple,react_ttc_monitored,32.0,action_entropy,7,1.0,1.7588883804960966,0.1478630730421081,90
QwenMix05,mix05,pick_and_place_simple,react_ttc_monitored,64.0,reasoning_p,0,0.0,0.682452966438211,0.0178644147024111,90
QwenMix05,mix05,pick_and_place_simple,react_ttc_monitored,64.0,reasoning_p,1,0.14285714285714285,0.7517320584023395,0.016089968184399412,90
QwenMix05,mix05,pick_and_place_simple,react_ttc_monitored,64.0,reasoning_p,2,0.2857142857142857,0.8042504214518679,0.009258674689563932,90
QwenMix05,mix05,pick_and_place_simple,react_ttc_monitored,64.0,reasoning_p,3,0.42857142857142855,0.8059118027247044,0.008514551990522593,90
QwenMix05,mix05,pick_and_place_simple,react_ttc_monitored,64.0,reasoning_p,4,0.5714285714285714,0.8173585733905977,0.008226622370466041,90
QwenMix05,mix05,pick_and_place_simple,react_ttc_monitored,64.0,reasoning_p,5,0.7142857142857143,0.8234595935219999,0.00866054851317843,90
QwenMix05,mix05,pick_and_place_simple,react_ttc_monitored,64.0,reasoning_p,6,0.8571428571428571,0.828093743805703,0.009058157424002563,90
QwenMix05,mix05,pick_and_place_simple,react_ttc_monitored,64.0,reasoning_p,7,1.0,0.8364682733048939,0.009760218072516922,90
QwenMix05,mix05,pick_and_place_simple,react_ttc_monitored,64.0,action_p,0,0.0,0.793589862394664,0.028058619858669403,90
QwenMix05,mix05,pick_and_place_simple,react_ttc_monitored,64.0,action_p,1,0.14285714285714285,0.8258863661645187,0.02301188056645757,90
QwenMix05,mix05,pick_and_place_simple,react_ttc_monitored,64.0,action_p,2,0.2857142857142857,0.8497078326565247,0.013105663442887102,90
QwenMix05,mix05,pick_and_place_simple,react_ttc_monitored,64.0,action_p,3,0.42857142857142855,0.8420135153561003,0.009860555106452857,90
QwenMix05,mix05,pick_and_place_simple,react_ttc_monitored,64.0,action_p,4,0.5714285714285714,0.871941067547434,0.007568498559200773,90
QwenMix05,mix05,pick_and_place_simple,react_ttc_monitored,64.0,action_p,5,0.7142857142857143,0.8820539604824175,0.006908441892527431,90
QwenMix05,mix05,pick_and_place_simple,react_ttc_monitored,64.0,action_p,6,0.8571428571428571,0.8977937892550435,0.005920103117763392,90
QwenMix05,mix05,pick_and_place_simple,react_ttc_monitored,64.0,action_p,7,1.0,0.9108890121301548,0.005030906000744923,90
QwenMix05,mix05,pick_and_place_simple,react_ttc_monitored,64.0,reasoning_entropy,0,0.0,0.8087901368955239,0.058754181630571174,90
QwenMix05,mix05,pick_and_place_simple,react_ttc_monitored,64.0,reasoning_entropy,1,0.14285714285714285,0.7400511391656045,0.06276895674278231,90
QwenMix05,mix05,pick_and_place_simple,react_ttc_monitored,64.0,reasoning_entropy,2,0.2857142857142857,0.4927486906290265,0.06583867674460529,90
QwenMix05,mix05,pick_and_place_simple,react_ttc_monitored,64.0,reasoning_entropy,3,0.42857142857142855,0.8727700451554716,0.06819700280976064,90
QwenMix05,mix05,pick_and_place_simple,react_ttc_monitored,64.0,reasoning_entropy,4,0.5714285714285714,0.4579991731540801,0.06104056496152858,90
QwenMix05,mix05,pick_and_place_simple,react_ttc_monitored,64.0,reasoning_entropy,5,0.7142857142857143,0.46336121169102157,0.060244494347105056,90
QwenMix05,mix05,pick_and_place_simple,react_ttc_monitored,64.0,reasoning_entropy,6,0.8571428571428571,0.40791365047439887,0.05126121959687143,90
QwenMix05,mix05,pick_and_place_simple,react_ttc_monitored,64.0,reasoning_entropy,7,1.0,0.9873751936532507,0.05605462993774724,90
QwenMix05,mix05,pick_and_place_simple,react_ttc_monitored,64.0,action_entropy,0,0.0,1.4232495526472728,0.07028163146237731,90
QwenMix05,mix05,pick_and_place_simple,react_ttc_monitored,64.0,action_entropy,1,0.14285714285714285,0.7700155942442103,0.07893426978728794,90
QwenMix05,mix05,pick_and_place_simple,react_ttc_monitored,64.0,action_entropy,2,0.2857142857142857,0.5515219947788864,0.08446734967178444,90
QwenMix05,mix05,pick_and_place_simple,react_ttc_monitored,64.0,action_entropy,3,0.42857142857142855,0.6235323523093635,0.07964178793408211,90
QwenMix05,mix05,pick_and_place_simple,react_ttc_monitored,64.0,action_entropy,4,0.5714285714285714,0.01934541868459847,0.001721719548759853,90
QwenMix05,mix05,pick_and_place_simple,react_ttc_monitored,64.0,action_entropy,5,0.7142857142857143,0.19963401621207594,0.061886194372640244,90
QwenMix05,mix05,pick_and_place_simple,react_ttc_monitored,64.0,action_entropy,6,0.8571428571428571,0.38460441041841276,0.07508933023489148,90
QwenMix05,mix05,pick_and_place_simple,react_ttc_monitored,64.0,action_entropy,7,1.0,2.348671159096476,0.11867990564718565,90
QwenMix05,mix05,pick_and_place_simple,react_ttc_monitored,128.0,reasoning_p,0,0.0,0.6488251140594883,0.021033682151790436,90
QwenMix05,mix05,pick_and_place_simple,react_ttc_monitored,128.0,reasoning_p,1,0.14285714285714285,0.7272131818665865,0.01739816814524181,90
QwenMix05,mix05,pick_and_place_simple,react_ttc_monitored,128.0,reasoning_p,2,0.2857142857142857,0.761050457750309,0.011253820460354532,90
QwenMix05,mix05,pick_and_place_simple,react_ttc_monitored,128.0,reasoning_p,3,0.42857142857142855,0.7702931978370142,0.009932034867488997,90
QwenMix05,mix05,pick_and_place_simple,react_ttc_monitored,128.0,reasoning_p,4,0.5714285714285714,0.7839692973533834,0.009607528533548456,90
QwenMix05,mix05,pick_and_place_simple,react_ttc_monitored,128.0,reasoning_p,5,0.7142857142857143,0.7776892405921448,0.010188433460708444,90
QwenMix05,mix05,pick_and_place_simple,react_ttc_monitored,128.0,reasoning_p,6,0.8571428571428571,0.7737029511563155,0.011007263220719632,90
QwenMix05,mix05,pick_and_place_simple,react_ttc_monitored,128.0,reasoning_p,7,1.0,0.7837654513336162,0.011005848944986631,90
QwenMix05,mix05,pick_and_place_simple,react_ttc_monitored,128.0,action_p,0,0.0,0.7323272529782521,0.03259697617823991,90
QwenMix05,mix05,pick_and_place_simple,react_ttc_monitored,128.0,action_p,1,0.14285714285714285,0.7907513447726766,0.02530263186461622,90
QwenMix05,mix05,pick_and_place_simple,react_ttc_monitored,128.0,action_p,2,0.2857142857142857,0.8207950276322663,0.01355131427774419,90
QwenMix05,mix05,pick_and_place_simple,react_ttc_monitored,128.0,action_p,3,0.42857142857142855,0.8211673177502773,0.010399308093934367,90
QwenMix05,mix05,pick_and_place_simple,react_ttc_monitored,128.0,action_p,4,0.5714285714285714,0.8484035511325215,0.00877002099352098,90
QwenMix05,mix05,pick_and_place_simple,react_ttc_monitored,128.0,action_p,5,0.7142857142857143,0.8576733121686374,0.007800123191447945,90
QwenMix05,mix05,pick_and_place_simple,react_ttc_monitored,128.0,action_p,6,0.8571428571428571,0.8662376930937169,0.007357207598616543,90
QwenMix05,mix05,pick_and_place_simple,react_ttc_monitored,128.0,action_p,7,1.0,0.8818629923849193,0.006498373075601058,90
QwenMix05,mix05,pick_and_place_simple,react_ttc_monitored,128.0,reasoning_entropy,0,0.0,0.720692141866919,0.04866571223719814,90
QwenMix05,mix05,pick_and_place_simple,react_ttc_monitored,128.0,reasoning_entropy,1,0.14285714285714285,0.49323801396700634,0.05533526681691478,90
QwenMix05,mix05,pick_and_place_simple,react_ttc_monitored,128.0,reasoning_entropy,2,0.2857142857142857,0.7436743041591078,0.07098183896586606,90
QwenMix05,mix05,pick_and_place_simple,react_ttc_monitored,128.0,reasoning_entropy,3,0.42857142857142855,0.5893074432891661,0.07033513167158931,90
QwenMix05,mix05,pick_and_place_simple,react_ttc_monitored,128.0,reasoning_entropy,4,0.5714285714285714,0.39209862495902925,0.0643036285279641,90
QwenMix05,mix05,pick_and_place_simple,react_ttc_monitored,128.0,reasoning_entropy,5,0.7142857142857143,0.3899398227652361,0.053274452712565756,90
QwenMix05,mix05,pick_and_place_simple,react_ttc_monitored,128.0,reasoning_entropy,6,0.8571428571428571,0.6012969582475711,0.06570960944687404,90
QwenMix05,mix05,pick_and_place_simple,react_ttc_monitored,128.0,reasoning_entropy,7,1.0,0.9450130156182143,0.05204189985991568,90
QwenMix05,mix05,pick_and_place_simple,react_ttc_monitored,128.0,action_entropy,0,0.0,1.4233100096384683,0.07472420764700674,90
QwenMix05,mix05,pick_and_place_simple,react_ttc_monitored,128.0,action_entropy,1,0.14285714285714285,0.5178540119228677,0.08537000201595944,90
QwenMix05,mix05,pick_and_place_simple,react_ttc_monitored,128.0,action_entropy,2,0.2857142857142857,0.9249443341098312,0.09759846692312624,90
QwenMix05,mix05,pick_and_place_simple,react_ttc_monitored,128.0,action_entropy,3,0.42857142857142855,0.4702376583384143,0.08543537476204782,90
QwenMix05,mix05,pick_and_place_simple,react_ttc_monitored,128.0,action_entropy,4,0.5714285714285714,0.06743508792585796,0.030000611637937095,90
QwenMix05,mix05,pick_and_place_simple,react_ttc_monitored,128.0,action_entropy,5,0.7142857142857143,0.14381447619913768,0.047509923332843346,90
QwenMix05,mix05,pick_and_place_simple,react_ttc_monitored,128.0,action_entropy,6,0.8571428571428571,0.49639697122491067,0.0756222867859431,90
QwenMix05,mix05,pick_and_place_simple,react_ttc_monitored,128.0,action_entropy,7,1.0,2.490208075283509,0.10805152787023532,90
QwenMix05,mix05,pick_and_place_simple,react_ttc_monitored,256.0,reasoning_p,0,0.0,0.6257925345442031,0.021782423783717596,90
QwenMix05,mix05,pick_and_place_simple,react_ttc_monitored,256.0,reasoning_p,1,0.14285714285714285,0.6921538581469152,0.019595542778420953,90
QwenMix05,mix05,pick_and_place_simple,react_ttc_monitored,256.0,reasoning_p,2,0.2857142857142857,0.7601590957838995,0.010794973670834799,90
QwenMix05,mix05,pick_and_place_simple,react_ttc_monitored,256.0,reasoning_p,3,0.42857142857142855,0.7761755202072125,0.009784500584041898,90
QwenMix05,mix05,pick_and_place_simple,react_ttc_monitored,256.0,reasoning_p,4,0.5714285714285714,0.7885988445112839,0.009390916171641773,90
QwenMix05,mix05,pick_and_place_simple,react_ttc_monitored,256.0,reasoning_p,5,0.7142857142857143,0.7897426841626851,0.00992701862972241,90
QwenMix05,mix05,pick_and_place_simple,react_ttc_monitored,256.0,reasoning_p,6,0.8571428571428571,0.7872625905513755,0.01058646386403351,90
QwenMix05,mix05,pick_and_place_simple,react_ttc_monitored,256.0,reasoning_p,7,1.0,0.7999856924414813,0.010464360887154422,90
QwenMix05,mix05,pick_and_place_simple,react_ttc_monitored,256.0,action_p,0,0.0,0.7139254351870881,0.03575926574493186,90
QwenMix05,mix05,pick_and_place_simple,react_ttc_monitored,256.0,action_p,1,0.14285714285714285,0.7627430770753159,0.0288363952743964,90
QwenMix05,mix05,pick_and_place_simple,react_ttc_monitored,256.0,action_p,2,0.2857142857142857,0.8122208489588014,0.015592802763984273,90
QwenMix05,mix05,pick_and_place_simple,react_ttc_monitored,256.0,action_p,3,0.42857142857142855,0.8118563550386438,0.011915339870381464,90
QwenMix05,mix05,pick_and_place_simple,react_ttc_monitored,256.0,action_p,4,0.5714285714285714,0.8475965831580539,0.009189801192557185,90
QwenMix05,mix05,pick_and_place_simple,react_ttc_monitored,256.0,action_p,5,0.7142857142857143,0.8551159160315163,0.008829352947536697,90
QwenMix05,mix05,pick_and_place_simple,react_ttc_monitored,256.0,action_p,6,0.8571428571428571,0.8654086885004053,0.008983923020368849,90
QwenMix05,mix05,pick_and_place_simple,react_ttc_monitored,256.0,action_p,7,1.0,0.8827546820120895,0.007785189208038427,90
QwenMix05,mix05,pick_and_place_simple,react_ttc_monitored,256.0,reasoning_entropy,0,0.0,0.830416647951115,0.06048594672032706,90
QwenMix05,mix05,pick_and_place_simple,react_ttc_monitored,256.0,reasoning_entropy,1,0.14285714285714285,0.577591141791961,0.06256358448040729,90
QwenMix05,mix05,pick_and_place_simple,react_ttc_monitored,256.0,reasoning_entropy,2,0.2857142857142857,0.6431984067848646,0.07338235881355248,90
QwenMix05,mix05,pick_and_place_simple,react_ttc_monitored,256.0,reasoning_entropy,3,0.42857142857142855,0.6938070799520492,0.08034616439773046,90
QwenMix05,mix05,pick_and_place_simple,react_ttc_monitored,256.0,reasoning_entropy,4,0.5714285714285714,0.3316330543098243,0.05992556629800342,90
QwenMix05,mix05,pick_and_place_simple,react_ttc_monitored,256.0,reasoning_entropy,5,0.7142857142857143,0.4039072336082826,0.0647942843353892,90
QwenMix05,mix05,pick_and_place_simple,react_ttc_monitored,256.0,reasoning_entropy,6,0.8571428571428571,0.4410478591785927,0.05809865245120139,90
QwenMix05,mix05,pick_and_place_simple,react_ttc_monitored,256.0,reasoning_entropy,7,1.0,0.9895432335411452,0.05962302391088325,90
QwenMix05,mix05,pick_and_place_simple,react_ttc_monitored,256.0,action_entropy,0,0.0,1.466391881638103,0.07867527183615007,90
QwenMix05,mix05,pick_and_place_simple,react_ttc_monitored,256.0,action_entropy,1,0.14285714285714285,0.7475092274343802,0.09104864768077928,90
QwenMix05,mix05,pick_and_place_simple,react_ttc_monitored,256.0,action_entropy,2,0.2857142857142857,0.6022788665619575,0.08189123843518176,90
QwenMix05,mix05,pick_and_place_simple,react_ttc_monitored,256.0,action_entropy,3,0.42857142857142855,0.5580672705426373,0.08621067740082701,90
QwenMix05,mix05,pick_and_place_simple,react_ttc_monitored,256.0,action_entropy,4,0.5714285714285714,0.017426086406016516,0.0015605182268212288,90
QwenMix05,mix05,pick_and_place_simple,react_ttc_monitored,256.0,action_entropy,5,0.7142857142857143,0.03443051646980974,0.01200792453814606,90
QwenMix05,mix05,pick_and_place_simple,react_ttc_monitored,256.0,action_entropy,6,0.8571428571428571,0.36901392578664755,0.0704980272918214,90
QwenMix05,mix05,pick_and_place_simple,react_ttc_monitored,256.0,action_entropy,7,1.0,2.4139070121595676,0.11472025934458208,90
QwenMix10,mix10,pick_and_place_simple,react_baseline,,reasoning_p,0,0.0,,0.0,0
QwenMix10,mix10,pick_and_place_simple,react_baseline,,reasoning_p,1,0.14285714285714285,,0.0,0
QwenMix10,mix10,pick_and_place_simple,react_baseline,,reasoning_p,2,0.2857142857142857,,0.0,0
QwenMix10,mix10,pick_and_place_simple,react_baseline,,reasoning_p,3,0.42857142857142855,,0.0,0
QwenMix10,mix10,pick_and_place_simple,react_baseline,,reasoning_p,4,0.5714285714285714,,0.0,0
QwenMix10,mix10,pick_and_place_simple,react_baseline,,reasoning_p,5,0.7142857142857143,,0.0,0
QwenMix10,mix10,pick_and_place_simple,react_baseline,,reasoning_p,6,0.8571428571428571,,0.0,0
QwenMix10,mix10,pick_and_place_simple,react_baseline,,reasoning_p,7,1.0,,0.0,0
QwenMix10,mix10,pick_and_place_simple,react_baseline,,action_p,0,0.0,,0.0,0
QwenMix10,mix10,pick_and_place_simple,react_baseline,,action_p,1,0.14285714285714285,,0.0,0
QwenMix10,mix10,pick_and_place_simple,react_baseline,,action_p,2,0.2857142857142857,,0.0,0
QwenMix10,mix10,pick_and_place_simple,react_baseline,,action_p,3,0.42857142857142855,,0.0,0
QwenMix10,mix10,pick_and_place_simple,react_baseline,,action_p,4,0.5714285714285714,,0.0,0
QwenMix10,mix10,pick_and_place_simple,react_baseline,,action_p,5,0.7142857142857143,,0.0,0
QwenMix10,mix10,pick_and_place_simple,react_baseline,,action_p,6,0.8571428571428571,,0.0,0
QwenMix10,mix10,pick_and_place_simple,react_baseline,,action_p,7,1.0,,0.0,0
QwenMix10,mix10,pick_and_place_simple,react_baseline,,reasoning_entropy,0,0.0,,0.0,0
QwenMix10,mix10,pick_and_place_simple,react_baseline,,reasoning_entropy,1,0.14285714285714285,,0.0,0
QwenMix10,mix10,pick_and_place_simple,react_baseline,,reasoning_entropy,2,0.2857142857142857,,0.0,0
QwenMix10,mix10,pick_and_place_simple,react_baseline,,reasoning_entropy,3,0.42857142857142855,,0.0,0
QwenMix10,mix10,pick_and_place_simple,react_baseline,,reasoning_entropy,4,0.5714285714285714,,0.0,0
QwenMix10,mix10,pick_and_place_simple,react_baseline,,reasoning_entropy,5,0.7142857142857143,,0.0,0
QwenMix10,mix10,pick_and_place_simple,react_baseline,,reasoning_entropy,6,0.8571428571428571,,0.0,0
QwenMix10,mix10,pick_and_place_simple,react_baseline,,reasoning_entropy,7,1.0,,0.0,0
QwenMix10,mix10,pick_and_place_simple,react_baseline,,action_entropy,0,0.0,,0.0,0
QwenMix10,mix10,pick_and_place_simple,react_baseline,,action_entropy,1,0.14285714285714285,,0.0,0
QwenMix10,mix10,pick_and_place_simple,react_baseline,,action_entropy,2,0.2857142857142857,,0.0,0
QwenMix10,mix10,pick_and_place_simple,react_baseline,,action_entropy,3,0.42857142857142855,,0.0,0
QwenMix10,mix10,pick_and_place_simple,react_baseline,,action_entropy,4,0.5714285714285714,,0.0,0
QwenMix10,mix10,pick_and_place_simple,react_baseline,,action_entropy,5,0.7142857142857143,,0.0,0
QwenMix10,mix10,pick_and_place_simple,react_baseline,,action_entropy,6,0.8571428571428571,,0.0,0
QwenMix10,mix10,pick_and_place_simple,react_baseline,,action_entropy,7,1.0,,0.0,0
QwenMix10,mix10,pick_and_place_simple,react_ttc_monitored,8.0,reasoning_p,0,0.0,0.16300594531413581,0.020346934140374827,90
QwenMix10,mix10,pick_and_place_simple,react_ttc_monitored,8.0,reasoning_p,1,0.14285714285714285,0.15717604060450363,0.013003139445781579,90
QwenMix10,mix10,pick_and_place_simple,react_ttc_monitored,8.0,reasoning_p,2,0.2857142857142857,0.16719498147032466,0.012090278010069436,90
QwenMix10,mix10,pick_and_place_simple,react_ttc_monitored,8.0,reasoning_p,3,0.42857142857142855,0.17053184323659581,0.010044635057474232,90
QwenMix10,mix10,pick_and_place_simple,react_ttc_monitored,8.0,reasoning_p,4,0.5714285714285714,0.20900774100726405,0.008117133095384765,90
QwenMix10,mix10,pick_and_place_simple,react_ttc_monitored,8.0,reasoning_p,5,0.7142857142857143,0.22980815534264332,0.00743583823815919,90
QwenMix10,mix10,pick_and_place_simple,react_ttc_monitored,8.0,reasoning_p,6,0.8571428571428571,0.24137653109272597,0.006805660822353097,90
QwenMix10,mix10,pick_and_place_simple,react_ttc_monitored,8.0,reasoning_p,7,1.0,0.28339183958621034,0.007318803427406045,90
QwenMix10,mix10,pick_and_place_simple,react_ttc_monitored,8.0,action_p,0,0.0,0.0840424908916854,0.013799982515258826,90
QwenMix10,mix10,pick_and_place_simple,react_ttc_monitored,8.0,action_p,1,0.14285714285714285,0.1460770781520599,0.010236913473955146,90
QwenMix10,mix10,pick_and_place_simple,react_ttc_monitored,8.0,action_p,2,0.2857142857142857,0.21196690198455517,0.008598476637315508,90
QwenMix10,mix10,pick_and_place_simple,react_ttc_monitored,8.0,action_p,3,0.42857142857142855,0.27099409422420045,0.008630172910057634,90
QwenMix10,mix10,pick_and_place_simple,react_ttc_monitored,8.0,action_p,4,0.5714285714285714,0.3299209232676367,0.009181443179978528,90
QwenMix10,mix10,pick_and_place_simple,react_ttc_monitored,8.0,action_p,5,0.7142857142857143,0.34891913517274786,0.00927225396246928,90
QwenMix10,mix10,pick_and_place_simple,react_ttc_monitored,8.0,action_p,6,0.8571428571428571,0.3467176698322981,0.007404616387886358,90
QwenMix10,mix10,pick_and_place_simple,react_ttc_monitored,8.0,action_p,7,1.0,0.37470198573518215,0.00829411048818244,90
QwenMix10,mix10,pick_and_place_simple,react_ttc_monitored,8.0,reasoning_entropy,0,0.0,0.8589008197188377,0.07548577912875397,90
QwenMix10,mix10,pick_and_place_simple,react_ttc_monitored,8.0,reasoning_entropy,1,0.14285714285714285,0.3556366831488655,0.06184524406897914,90
QwenMix10,mix10,pick_and_place_simple,react_ttc_monitored,8.0,reasoning_entropy,2,0.2857142857142857,0.21552015168920965,0.06289353623106794,90
QwenMix10,mix10,pick_and_place_simple,react_ttc_monitored,8.0,reasoning_entropy,3,0.42857142857142855,0.12607659533124307,0.037532555197503814,90
QwenMix10,mix10,pick_and_place_simple,react_ttc_monitored,8.0,reasoning_entropy,4,0.5714285714285714,0.10006728396188515,0.04385330670781912,90
QwenMix10,mix10,pick_and_place_simple,react_ttc_monitored,8.0,reasoning_entropy,5,0.7142857142857143,0.1704523008455807,0.06054522223382685,90
QwenMix10,mix10,pick_and_place_simple,react_ttc_monitored,8.0,reasoning_entropy,6,0.8571428571428571,0.13253007528417382,0.03874405130309752,90
QwenMix10,mix10,pick_and_place_simple,react_ttc_monitored,8.0,reasoning_entropy,7,1.0,0.2461401213571258,0.06590937637622396,90
QwenMix10,mix10,pick_and_place_simple,react_ttc_monitored,8.0,action_entropy,0,0.0,1.0243725700510873,0.0756224221238924,90
QwenMix10,mix10,pick_and_place_simple,react_ttc_monitored,8.0,action_entropy,1,0.14285714285714285,0.4904402510573467,0.08936753678933317,90
QwenMix10,mix10,pick_and_place_simple,react_ttc_monitored,8.0,action_entropy,2,0.2857142857142857,0.08493058820927722,0.036380421653437384,90
QwenMix10,mix10,pick_and_place_simple,react_ttc_monitored,8.0,action_entropy,3,0.42857142857142855,0.0641827259135122,0.020222793885643367,90
QwenMix10,mix10,pick_and_place_simple,react_ttc_monitored,8.0,action_entropy,4,0.5714285714285714,0.029968205813525453,0.013423903298655887,90
QwenMix10,mix10,pick_and_place_simple,react_ttc_monitored,8.0,action_entropy,5,0.7142857142857143,0.02447523627585421,0.008488573573186371,90
QwenMix10,mix10,pick_and_place_simple,react_ttc_monitored,8.0,action_entropy,6,0.8571428571428571,0.14362185172891864,0.04250947671154454,90
QwenMix10,mix10,pick_and_place_simple,react_ttc_monitored,8.0,action_entropy,7,1.0,0.39579114214413696,0.06119655617579876,90
QwenMix10,mix10,pick_and_place_simple,react_ttc_monitored,16.0,reasoning_p,0,0.0,0.21060180801238554,0.01943419985097024,90
QwenMix10,mix10,pick_and_place_simple,react_ttc_monitored,16.0,reasoning_p,1,0.14285714285714285,0.20453226077170933,0.016140710589520643,90
QwenMix10,mix10,pick_and_place_simple,react_ttc_monitored,16.0,reasoning_p,2,0.2857142857142857,0.1973969493766587,0.011805872362067196,90
QwenMix10,mix10,pick_and_place_simple,react_ttc_monitored,16.0,reasoning_p,3,0.42857142857142855,0.21208985293221347,0.01078363887940879,90
QwenMix10,mix10,pick_and_place_simple,react_ttc_monitored,16.0,reasoning_p,4,0.5714285714285714,0.22977253247215199,0.009170204226899724,90
QwenMix10,mix10,pick_and_place_simple,react_ttc_monitored,16.0,reasoning_p,5,0.7142857142857143,0.2396282694758635,0.009865557667810242,90
QwenMix10,mix10,pick_and_place_simple,react_ttc_monitored,16.0,reasoning_p,6,0.8571428571428571,0.26385818969198005,0.010671345642388171,90
QwenMix10,mix10,pick_and_place_simple,react_ttc_monitored,16.0,reasoning_p,7,1.0,0.2696889181425313,0.010505990307925372,90
QwenMix10,mix10,pick_and_place_simple,react_ttc_monitored,16.0,action_p,0,0.0,0.17678113130225231,0.021295966877054484,90
QwenMix10,mix10,pick_and_place_simple,react_ttc_monitored,16.0,action_p,1,0.14285714285714285,0.19772836160732873,0.016529288007172474,90
QwenMix10,mix10,pick_and_place_simple,react_ttc_monitored,16.0,action_p,2,0.2857142857142857,0.23525627704199267,0.013710750860428559,90
QwenMix10,mix10,pick_and_place_simple,react_ttc_monitored,16.0,action_p,3,0.42857142857142855,0.24811279110368495,0.012223068375039909,90
QwenMix10,mix10,pick_and_place_simple,react_ttc_monitored,16.0,action_p,4,0.5714285714285714,0.3131567294294601,0.010602039343696435,90
QwenMix10,mix10,pick_and_place_simple,react_ttc_monitored,16.0,action_p,5,0.7142857142857143,0.3307466338893088,0.010640572881206909,90
QwenMix10,mix10,pick_and_place_simple,react_ttc_monitored,16.0,action_p,6,0.8571428571428571,0.3422514160122509,0.010336915680133599,90
QwenMix10,mix10,pick_and_place_simple,react_ttc_monitored,16.0,action_p,7,1.0,0.36080682720359064,0.010913272584876644,90
QwenMix10,mix10,pick_and_place_simple,react_ttc_monitored,16.0,reasoning_entropy,0,0.0,1.0709994793839188,0.07205293408363168,90
QwenMix10,mix10,pick_and_place_simple,react_ttc_monitored,16.0,reasoning_entropy,1,0.14285714285714285,0.7192237260009582,0.0829854182475437,90
QwenMix10,mix10,pick_and_place_simple,react_ttc_monitored,16.0,reasoning_entropy,2,0.2857142857142857,0.3309770906898747,0.07087141733499297,90
QwenMix10,mix10,pick_and_place_simple,react_ttc_monitored,16.0,reasoning_entropy,3,0.42857142857142855,0.27146117273137454,0.05849600264799279,90
QwenMix10,mix10,pick_and_place_simple,react_ttc_monitored,16.0,reasoning_entropy,4,0.5714285714285714,0.23870712187980542,0.05245674011244168,90
QwenMix10,mix10,pick_and_place_simple,react_ttc_monitored,16.0,reasoning_entropy,5,0.7142857142857143,0.29477581341196685,0.06539048764388147,90
QwenMix10,mix10,pick_and_place_simple,react_ttc_monitored,16.0,reasoning_entropy,6,0.8571428571428571,0.47634644421620276,0.07595638816258685,90
QwenMix10,mix10,pick_and_place_simple,react_ttc_monitored,16.0,reasoning_entropy,7,1.0,0.7481953022133117,0.053737576849313476,90
QwenMix10,mix10,pick_and_place_simple,react_ttc_monitored,16.0,action_entropy,0,0.0,0.9980864339404636,0.0783218113537923,90
QwenMix10,mix10,pick_and_place_simple,react_ttc_monitored,16.0,action_entropy,1,0.14285714285714285,0.6221999945196633,0.08761298743600082,90
QwenMix10,mix10,pick_and_place_simple,react_ttc_monitored,16.0,action_entropy,2,0.2857142857142857,0.11054048686443517,0.0320269350127442,90
QwenMix10,mix10,pick_and_place_simple,react_ttc_monitored,16.0,action_entropy,3,0.42857142857142855,0.08733192885928373,0.024209866067057526,90
QwenMix10,mix10,pick_and_place_simple,react_ttc_monitored,16.0,action_entropy,4,0.5714285714285714,0.04072304813372385,0.014489460331770515,90
QwenMix10,mix10,pick_and_place_simple,react_ttc_monitored,16.0,action_entropy,5,0.7142857142857143,0.03722981135490247,0.01589387998239218,90
QwenMix10,mix10,pick_and_place_simple,react_ttc_monitored,16.0,action_entropy,6,0.8571428571428571,0.2353296178283118,0.04789379024800243,90
QwenMix10,mix10,pick_and_place_simple,react_ttc_monitored,16.0,action_entropy,7,1.0,0.6088134808543448,0.07471880445261153,90
QwenMix10,mix10,pick_and_place_simple,react_ttc_monitored,32.0,reasoning_p,0,0.0,0.19561741195250282,0.0169286254750621,90
QwenMix10,mix10,pick_and_place_simple,react_ttc_monitored,32.0,reasoning_p,1,0.14285714285714285,0.19848382896641786,0.01454033456471778,90
QwenMix10,mix10,pick_and_place_simple,react_ttc_monitored,32.0,reasoning_p,2,0.2857142857142857,0.21153141529093902,0.012322402997046084,90
QwenMix10,mix10,pick_and_place_simple,react_ttc_monitored,32.0,reasoning_p,3,0.42857142857142855,0.21746564345466698,0.011188213712411507,90
QwenMix10,mix10,pick_and_place_simple,react_ttc_monitored,32.0,reasoning_p,4,0.5714285714285714,0.2261034986898914,0.009883629911712719,90
QwenMix10,mix10,pick_and_place_simple,react_ttc_monitored,32.0,reasoning_p,5,0.7142857142857143,0.23172061363767638,0.009726058557151937,90
QwenMix10,mix10,pick_and_place_simple,react_ttc_monitored,32.0,reasoning_p,6,0.8571428571428571,0.24604585738207407,0.00985030685689515,90
QwenMix10,mix10,pick_and_place_simple,react_ttc_monitored,32.0,reasoning_p,7,1.0,0.2511481492703841,0.009548247987250026,90
QwenMix10,mix10,pick_and_place_simple,react_ttc_monitored,32.0,action_p,0,0.0,0.12025052764026138,0.018178717032157253,90
QwenMix10,mix10,pick_and_place_simple,react_ttc_monitored,32.0,action_p,1,0.14285714285714285,0.1649013403094917,0.015152325990497845,90
QwenMix10,mix10,pick_and_place_simple,react_ttc_monitored,32.0,action_p,2,0.2857142857142857,0.22246290534148336,0.010385740503939069,90
QwenMix10,mix10,pick_and_place_simple,react_ttc_monitored,32.0,action_p,3,0.42857142857142855,0.2478039904832258,0.010537366205939166,90
QwenMix10,mix10,pick_and_place_simple,react_ttc_monitored,32.0,action_p,4,0.5714285714285714,0.3121305873609768,0.010407728876444566,90
QwenMix10,mix10,pick_and_place_simple,react_ttc_monitored,32.0,action_p,5,0.7142857142857143,0.3206419953212564,0.010112891175076648,90
QwenMix10,mix10,pick_and_place_simple,react_ttc_monitored,32.0,action_p,6,0.8571428571428571,0.3290356982250916,0.00929858000190124,90
QwenMix10,mix10,pick_and_place_simple,react_ttc_monitored,32.0,action_p,7,1.0,0.33675301668668955,0.01024282289792792,90
QwenMix10,mix10,pick_and_place_simple,react_ttc_monitored,32.0,reasoning_entropy,0,0.0,0.970372976523386,0.06937292974248423,90
QwenMix10,mix10,pick_and_place_simple,react_ttc_monitored,32.0,reasoning_entropy,1,0.14285714285714285,0.6053892235976989,0.07987069665383663,90
QwenMix10,mix10,pick_and_place_simple,react_ttc_monitored,32.0,reasoning_entropy,2,0.2857142857142857,0.49082635092064364,0.06796361257218694,90
QwenMix10,mix10,pick_and_place_simple,react_ttc_monitored,32.0,reasoning_entropy,3,0.42857142857142855,0.43901460090965305,0.05842236632742803,90
QwenMix10,mix10,pick_and_place_simple,react_ttc_monitored,32.0,reasoning_entropy,4,0.5714285714285714,0.21337018874647243,0.03951268585612053,90
QwenMix10,mix10,pick_and_place_simple,react_ttc_monitored,32.0,reasoning_entropy,5,0.7142857142857143,0.2060170679887726,0.03940524244788341,90
QwenMix10,mix10,pick_and_place_simple,react_ttc_monitored,32.0,reasoning_entropy,6,0.8571428571428571,0.42537941965874193,0.06922056274762768,90
QwenMix10,mix10,pick_and_place_simple,react_ttc_monitored,32.0,reasoning_entropy,7,1.0,0.7216409820457194,0.0487797086890455,90
QwenMix10,mix10,pick_and_place_simple,react_ttc_monitored,32.0,action_entropy,0,0.0,1.0874153829283184,0.07262237762991884,90
QwenMix10,mix10,pick_and_place_simple,react_ttc_monitored,32.0,action_entropy,1,0.14285714285714285,0.5028622142181525,0.07934682214472638,90
QwenMix10,mix10,pick_and_place_simple,react_ttc_monitored,32.0,action_entropy,2,0.2857142857142857,0.15168106652304736,0.07422757221428748,90
QwenMix10,mix10,pick_and_place_simple,react_ttc_monitored,32.0,action_entropy,3,0.42857142857142855,0.07360969504483769,0.029605124765141686,90
QwenMix10,mix10,pick_and_place_simple,react_ttc_monitored,32.0,action_entropy,4,0.5714285714285714,0.036243565269331965,0.012823803799580338,90
QwenMix10,mix10,pick_and_place_simple,react_ttc_monitored,32.0,action_entropy,5,0.7142857142857143,0.07152720208331528,0.04353341312047412,90
QwenMix10,mix10,pick_and_place_simple,react_ttc_monitored,32.0,action_entropy,6,0.8571428571428571,0.15945705935850532,0.03849040088879571,90
QwenMix10,mix10,pick_and_place_simple,react_ttc_monitored,32.0,action_entropy,7,1.0,0.4290754430274117,0.05599406840453396,90
QwenMix10,mix10,pick_and_place_simple,react_ttc_monitored,64.0,reasoning_p,0,0.0,0.2192951518114383,0.016783618724395728,90
QwenMix10,mix10,pick_and_place_simple,react_ttc_monitored,64.0,reasoning_p,1,0.14285714285714285,0.2389820561319314,0.013341401694973663,90
QwenMix10,mix10,pick_and_place_simple,react_ttc_monitored,64.0,reasoning_p,2,0.2857142857142857,0.23734440139316654,0.011779684463897698,90
QwenMix10,mix10,pick_and_place_simple,react_ttc_monitored,64.0,reasoning_p,3,0.42857142857142855,0.23838364775048645,0.010243502069345777,90
QwenMix10,mix10,pick_and_place_simple,react_ttc_monitored,64.0,reasoning_p,4,0.5714285714285714,0.25491168943655906,0.009240794175461583,90
QwenMix10,mix10,pick_and_place_simple,react_ttc_monitored,64.0,reasoning_p,5,0.7142857142857143,0.26098203139282183,0.009626455858478287,90
QwenMix10,mix10,pick_and_place_simple,react_ttc_monitored,64.0,reasoning_p,6,0.8571428571428571,0.2788525177776836,0.01007063138714703,90
QwenMix10,mix10,pick_and_place_simple,react_ttc_monitored,64.0,reasoning_p,7,1.0,0.28345743798844103,0.00997807469074694,90
QwenMix10,mix10,pick_and_place_simple,react_ttc_monitored,64.0,action_p,0,0.0,0.14285787860442523,0.018806549390266655,90
QwenMix10,mix10,pick_and_place_simple,react_ttc_monitored,64.0,action_p,1,0.14285714285714285,0.1910240067519933,0.014761526344812703,90
QwenMix10,mix10,pick_and_place_simple,react_ttc_monitored,64.0,action_p,2,0.2857142857142857,0.25402450194922965,0.011962841069958692,90
QwenMix10,mix10,pick_and_place_simple,react_ttc_monitored,64.0,action_p,3,0.42857142857142855,0.27018430278476446,0.011178577719121539,90
QwenMix10,mix10,pick_and_place_simple,react_ttc_monitored,64.0,action_p,4,0.5714285714285714,0.32797530308402467,0.01009002314783779,90
QwenMix10,mix10,pick_and_place_simple,react_ttc_monitored,64.0,action_p,5,0.7142857142857143,0.3398080036272316,0.0097127300706393,90
QwenMix10,mix10,pick_and_place_simple,react_ttc_monitored,64.0,action_p,6,0.8571428571428571,0.3568876640386427,0.009828574537355236,90
QwenMix10,mix10,pick_and_place_simple,react_ttc_monitored,64.0,action_p,7,1.0,0.37072949689825313,0.009784950777201049,90
QwenMix10,mix10,pick_and_place_simple,react_ttc_monitored,64.0,reasoning_entropy,0,0.0,0.8941925544733995,0.06802862892323361,90
QwenMix10,mix10,pick_and_place_simple,react_ttc_monitored,64.0,reasoning_entropy,1,0.14285714285714285,0.6808124740661766,0.06858503853294895,90
QwenMix10,mix10,pick_and_place_simple,react_ttc_monitored,64.0,reasoning_entropy,2,0.2857142857142857,0.333805468139731,0.05510243221529812,90
QwenMix10,mix10,pick_and_place_simple,react_ttc_monitored,64.0,reasoning_entropy,3,0.42857142857142855,0.26661299429651997,0.049945656660601113,90
QwenMix10,mix10,pick_and_place_simple,react_ttc_monitored,64.0,reasoning_entropy,4,0.5714285714285714,0.22020998951060602,0.04237616001052175,90
QwenMix10,mix10,pick_and_place_simple,react_ttc_monitored,64.0,reasoning_entropy,5,0.7142857142857143,0.2052371631108708,0.03878872273102089,90
QwenMix10,mix10,pick_and_place_simple,react_ttc_monitored,64.0,reasoning_entropy,6,0.8571428571428571,0.3540309706217213,0.06790631979158629,90
QwenMix10,mix10,pick_and_place_simple,react_ttc_monitored,64.0,reasoning_entropy,7,1.0,0.6003094401874344,0.044846857885599646,90
QwenMix10,mix10,pick_and_place_simple,react_ttc_monitored,64.0,action_entropy,0,0.0,1.0391248221198717,0.08235369339305121,90
QwenMix10,mix10,pick_and_place_simple,react_ttc_monitored,64.0,action_entropy,1,0.14285714285714285,0.5699614974670112,0.08225015681889108,90
QwenMix10,mix10,pick_and_place_simple,react_ttc_monitored,64.0,action_entropy,2,0.2857142857142857,0.10629344128925974,0.0340099696835744,90
QwenMix10,mix10,pick_and_place_simple,react_ttc_monitored,64.0,action_entropy,3,0.42857142857142855,0.07865080224906301,0.02370502967298893,90
QwenMix10,mix10,pick_and_place_simple,react_ttc_monitored,64.0,action_entropy,4,0.5714285714285714,0.027503162099876338,0.011232767235475654,90
QwenMix10,mix10,pick_and_place_simple,react_ttc_monitored,64.0,action_entropy,5,0.7142857142857143,0.04057431610094176,0.014314386671187548,90
QwenMix10,mix10,pick_and_place_simple,react_ttc_monitored,64.0,action_entropy,6,0.8571428571428571,0.16231932757008408,0.04044183937224432,90
QwenMix10,mix10,pick_and_place_simple,react_ttc_monitored,64.0,action_entropy,7,1.0,0.6104185077562255,0.06542843598420153,90
QwenMix10,mix10,pick_and_place_simple,react_ttc_monitored,128.0,reasoning_p,0,0.0,0.2299489940363504,0.017707887335649503,90
QwenMix10,mix10,pick_and_place_simple,react_ttc_monitored,128.0,reasoning_p,1,0.14285714285714285,0.21149215025388035,0.014682664639354937,90
QwenMix10,mix10,pick_and_place_simple,react_ttc_monitored,128.0,reasoning_p,2,0.2857142857142857,0.22209188635189364,0.010634498647361297,90
QwenMix10,mix10,pick_and_place_simple,react_ttc_monitored,128.0,reasoning_p,3,0.42857142857142855,0.24653924934231608,0.009707135209723529,90
QwenMix10,mix10,pick_and_place_simple,react_ttc_monitored,128.0,reasoning_p,4,0.5714285714285714,0.2674181503651575,0.008877400319222307,90
QwenMix10,mix10,pick_and_place_simple,react_ttc_monitored,128.0,reasoning_p,5,0.7142857142857143,0.2803996188914929,0.009121105764815217,90
QwenMix10,mix10,pick_and_place_simple,react_ttc_monitored,128.0,reasoning_p,6,0.8571428571428571,0.3024259560513435,0.009394490934554628,90
QwenMix10,mix10,pick_and_place_simple,react_ttc_monitored,128.0,reasoning_p,7,1.0,0.30721696367150964,0.009438810806786053,90
QwenMix10,mix10,pick_and_place_simple,react_ttc_monitored,128.0,action_p,0,0.0,0.21493439413413096,0.022571976781333505,90
QwenMix10,mix10,pick_and_place_simple,react_ttc_monitored,128.0,action_p,1,0.14285714285714285,0.23341861801034408,0.018418084241870577,90
QwenMix10,mix10,pick_and_place_simple,react_ttc_monitored,128.0,action_p,2,0.2857142857142857,0.2768715143535735,0.013860780206950394,90
QwenMix10,mix10,pick_and_place_simple,react_ttc_monitored,128.0,action_p,3,0.42857142857142855,0.29608546090576393,0.011472235027861594,90
QwenMix10,mix10,pick_and_place_simple,react_ttc_monitored,128.0,action_p,4,0.5714285714285714,0.35633378877737815,0.009821928358784046,90
QwenMix10,mix10,pick_and_place_simple,react_ttc_monitored,128.0,action_p,5,0.7142857142857143,0.36252129550553275,0.00999560761084211,90
QwenMix10,mix10,pick_and_place_simple,react_ttc_monitored,128.0,action_p,6,0.8571428571428571,0.37731147659817477,0.00976736514184097,90
QwenMix10,mix10,pick_and_place_simple,react_ttc_monitored,128.0,action_p,7,1.0,0.3874940789724901,0.009162505542734628,90
QwenMix10,mix10,pick_and_place_simple,react_ttc_monitored,128.0,reasoning_entropy,0,0.0,1.0519695560409834,0.06748167445433034,90
QwenMix10,mix10,pick_and_place_simple,react_ttc_monitored,128.0,reasoning_entropy,1,0.14285714285714285,0.6652582478670692,0.0650399968868536,90
QwenMix10,mix10,pick_and_place_simple,react_ttc_monitored,128.0,reasoning_entropy,2,0.2857142857142857,0.2740904917653243,0.05725413684532532,90
QwenMix10,mix10,pick_and_place_simple,react_ttc_monitored,128.0,reasoning_entropy,3,0.42857142857142855,0.3161341634738425,0.06010941455277056,90
QwenMix10,mix10,pick_and_place_simple,react_ttc_monitored,128.0,reasoning_entropy,4,0.5714285714285714,0.21666336901474653,0.04480535002373418,90
QwenMix10,mix10,pick_and_place_simple,react_ttc_monitored,128.0,reasoning_entropy,5,0.7142857142857143,0.17485520557164405,0.03757070954137089,90
QwenMix10,mix10,pick_and_place_simple,react_ttc_monitored,128.0,reasoning_entropy,6,0.8571428571428571,0.2579758897721016,0.05315613165272718,90
QwenMix10,mix10,pick_and_place_simple,react_ttc_monitored,128.0,reasoning_entropy,7,1.0,0.6658052540695207,0.045531155694127655,90
QwenMix10,mix10,pick_and_place_simple,react_ttc_monitored,128.0,action_entropy,0,0.0,0.9883658604489433,0.09253727931480096,90
QwenMix10,mix10,pick_and_place_simple,react_ttc_monitored,128.0,action_entropy,1,0.14285714285714285,0.471615679259412,0.07863493423291246,90
QwenMix10,mix10,pick_and_place_simple,react_ttc_monitored,128.0,action_entropy,2,0.2857142857142857,0.10430190537978584,0.041444439305157434,90
QwenMix10,mix10,pick_and_place_simple,react_ttc_monitored,128.0,action_entropy,3,0.42857142857142855,0.08808925689825425,0.03125572682632843,90
QwenMix10,mix10,pick_and_place_simple,react_ttc_monitored,128.0,action_entropy,4,0.5714285714285714,0.04920148194715795,0.023036269275411754,90
QwenMix10,mix10,pick_and_place_simple,react_ttc_monitored,128.0,action_entropy,5,0.7142857142857143,0.07161716623231769,0.03284588593448982,90
QwenMix10,mix10,pick_and_place_simple,react_ttc_monitored,128.0,action_entropy,6,0.8571428571428571,0.2114424167776532,0.07384349604899929,90
QwenMix10,mix10,pick_and_place_simple,react_ttc_monitored,128.0,action_entropy,7,1.0,0.5898143216197949,0.09802735866758162,90
QwenMix10,mix10,pick_and_place_simple,react_ttc_monitored,256.0,reasoning_p,0,0.0,0.19522430895470685,0.016102326792807937,90
QwenMix10,mix10,pick_and_place_simple,react_ttc_monitored,256.0,reasoning_p,1,0.14285714285714285,0.2012504176451082,0.013780705323207276,90
QwenMix10,mix10,pick_and_place_simple,react_ttc_monitored,256.0,reasoning_p,2,0.2857142857142857,0.20407973171220853,0.011439098703407778,90
QwenMix10,mix10,pick_and_place_simple,react_ttc_monitored,256.0,reasoning_p,3,0.42857142857142855,0.22379931609295217,0.010542527016873379,90
QwenMix10,mix10,pick_and_place_simple,react_ttc_monitored,256.0,reasoning_p,4,0.5714285714285714,0.24887472799816368,0.009752366528490968,90
QwenMix10,mix10,pick_and_place_simple,react_ttc_monitored,256.0,reasoning_p,5,0.7142857142857143,0.26013318803118757,0.010108893964852511,90
QwenMix10,mix10,pick_and_place_simple,react_ttc_monitored,256.0,reasoning_p,6,0.8571428571428571,0.28675058311995405,0.010055538627552235,90
QwenMix10,mix10,pick_and_place_simple,react_ttc_monitored,256.0,reasoning_p,7,1.0,0.2933931325241265,0.009947840212945593,90
QwenMix10,mix10,pick_and_place_simple,react_ttc_monitored,256.0,action_p,0,0.0,0.19412561825981053,0.021927908876982635,90
QwenMix10,mix10,pick_and_place_simple,react_ttc_monitored,256.0,action_p,1,0.14285714285714285,0.2231243182319708,0.01569137996712887,90
QwenMix10,mix10,pick_and_place_simple,react_ttc_monitored,256.0,action_p,2,0.2857142857142857,0.2675236537834819,0.012595592726109679,90
QwenMix10,mix10,pick_and_place_simple,react_ttc_monitored,256.0,action_p,3,0.42857142857142855,0.28581586807510273,0.010684244293640316,90
QwenMix10,mix10,pick_and_place_simple,react_ttc_monitored,256.0,action_p,4,0.5714285714285714,0.34405178646751056,0.010299729762233716,90
QwenMix10,mix10,pick_and_place_simple,react_ttc_monitored,256.0,action_p,5,0.7142857142857143,0.3490695289725705,0.01007206460944467,90
QwenMix10,mix10,pick_and_place_simple,react_ttc_monitored,256.0,action_p,6,0.8571428571428571,0.3686808583844964,0.009458341516480031,90
QwenMix10,mix10,pick_and_place_simple,react_ttc_monitored,256.0,action_p,7,1.0,0.3874633012247565,0.009461972041995404,90
QwenMix10,mix10,pick_and_place_simple,react_ttc_monitored,256.0,reasoning_entropy,0,0.0,0.6913380296715542,0.05174790727817331,90
QwenMix10,mix10,pick_and_place_simple,react_ttc_monitored,256.0,reasoning_entropy,1,0.14285714285714285,0.5488167513901026,0.06006854107328412,90
QwenMix10,mix10,pick_and_place_simple,react_ttc_monitored,256.0,reasoning_entropy,2,0.2857142857142857,0.30583459378549954,0.05269124513525168,90
QwenMix10,mix10,pick_and_place_simple,react_ttc_monitored,256.0,reasoning_entropy,3,0.42857142857142855,0.3086673078571147,0.053833114833922155,90
QwenMix10,mix10,pick_and_place_simple,react_ttc_monitored,256.0,reasoning_entropy,4,0.5714285714285714,0.21111732062981758,0.042846760052854566,90
QwenMix10,mix10,pick_and_place_simple,react_ttc_monitored,256.0,reasoning_entropy,5,0.7142857142857143,0.18179620393745172,0.038149767246042514,90
QwenMix10,mix10,pick_and_place_simple,react_ttc_monitored,256.0,reasoning_entropy,6,0.8571428571428571,0.2927815675654288,0.05016896225738576,90
QwenMix10,mix10,pick_and_place_simple,react_ttc_monitored,256.0,reasoning_entropy,7,1.0,0.6008683665168593,0.04119096588288932,90
QwenMix10,mix10,pick_and_place_simple,react_ttc_monitored,256.0,action_entropy,0,0.0,1.0330427000919977,0.09100866201384085,90
QwenMix10,mix10,pick_and_place_simple,react_ttc_monitored,256.0,action_entropy,1,0.14285714285714285,0.4425696192516221,0.07334928268919688,90
QwenMix10,mix10,pick_and_place_simple,react_ttc_monitored,256.0,action_entropy,2,0.2857142857142857,0.13680325373101773,0.057400971504794535,90
QwenMix10,mix10,pick_and_place_simple,react_ttc_monitored,256.0,action_entropy,3,0.42857142857142855,0.05363549314982568,0.025556770332578686,90
QwenMix10,mix10,pick_and_place_simple,react_ttc_monitored,256.0,action_entropy,4,0.5714285714285714,0.02482385589974001,0.007843258705620679,90
QwenMix10,mix10,pick_and_place_simple,react_ttc_monitored,256.0,action_entropy,5,0.7142857142857143,0.052273547125514595,0.026202988399423473,90
QwenMix10,mix10,pick_and_place_simple,react_ttc_monitored,256.0,action_entropy,6,0.8571428571428571,0.2324815326797155,0.08343681695683716,90
QwenMix10,mix10,pick_and_place_simple,react_ttc_monitored,256.0,action_entropy,7,1.0,0.3812743633552196,0.058645422172370565,90
QwenMix50,mix50,pick_and_place_simple,react_baseline,,reasoning_p,0,0.0,,0.0,0
QwenMix50,mix50,pick_and_place_simple,react_baseline,,reasoning_p,1,0.14285714285714285,,0.0,0
QwenMix50,mix50,pick_and_place_simple,react_baseline,,reasoning_p,2,0.2857142857142857,,0.0,0
QwenMix50,mix50,pick_and_place_simple,react_baseline,,reasoning_p,3,0.42857142857142855,,0.0,0
QwenMix50,mix50,pick_and_place_simple,react_baseline,,reasoning_p,4,0.5714285714285714,,0.0,0
QwenMix50,mix50,pick_and_place_simple,react_baseline,,reasoning_p,5,0.7142857142857143,,0.0,0
QwenMix50,mix50,pick_and_place_simple,react_baseline,,reasoning_p,6,0.8571428571428571,,0.0,0
QwenMix50,mix50,pick_and_place_simple,react_baseline,,reasoning_p,7,1.0,,0.0,0
QwenMix50,mix50,pick_and_place_simple,react_baseline,,action_p,0,0.0,,0.0,0
QwenMix50,mix50,pick_and_place_simple,react_baseline,,action_p,1,0.14285714285714285,,0.0,0
QwenMix50,mix50,pick_and_place_simple,react_baseline,,action_p,2,0.2857142857142857,,0.0,0
QwenMix50,mix50,pick_and_place_simple,react_baseline,,action_p,3,0.42857142857142855,,0.0,0
QwenMix50,mix50,pick_and_place_simple,react_baseline,,action_p,4,0.5714285714285714,,0.0,0
QwenMix50,mix50,pick_and_place_simple,react_baseline,,action_p,5,0.7142857142857143,,0.0,0
QwenMix50,mix50,pick_and_place_simple,react_baseline,,action_p,6,0.8571428571428571,,0.0,0
QwenMix50,mix50,pick_and_place_simple,react_baseline,,action_p,7,1.0,,0.0,0
QwenMix50,mix50,pick_and_place_simple,react_baseline,,reasoning_entropy,0,0.0,,0.0,0
QwenMix50,mix50,pick_and_place_simple,react_baseline,,reasoning_entropy,1,0.14285714285714285,,0.0,0
QwenMix50,mix50,pick_and_place_simple,react_baseline,,reasoning_entropy,2,0.2857142857142857,,0.0,0
QwenMix50,mix50,pick_and_place_simple,react_baseline,,reasoning_entropy,3,0.42857142857142855,,0.0,0
QwenMix50,mix50,pick_and_place_simple,react_baseline,,reasoning_entropy,4,0.5714285714285714,,0.0,0
QwenMix50,mix50,pick_and_place_simple,react_baseline,,reasoning_entropy,5,0.7142857142857143,,0.0,0
QwenMix50,mix50,pick_and_place_simple,react_baseline,,reasoning_entropy,6,0.8571428571428571,,0.0,0
QwenMix50,mix50,pick_and_place_simple,react_baseline,,reasoning_entropy,7,1.0,,0.0,0
QwenMix50,mix50,pick_and_place_simple,react_baseline,,action_entropy,0,0.0,,0.0,0
QwenMix50,mix50,pick_and_place_simple,react_baseline,,action_entropy,1,0.14285714285714285,,0.0,0
QwenMix50,mix50,pick_and_place_simple,react_baseline,,action_entropy,2,0.2857142857142857,,0.0,0
QwenMix50,mix50,pick_and_place_simple,react_baseline,,action_entropy,3,0.42857142857142855,,0.0,0
QwenMix50,mix50,pick_and_place_simple,react_baseline,,action_entropy,4,0.5714285714285714,,0.0,0
QwenMix50,mix50,pick_and_place_simple,react_baseline,,action_entropy,5,0.7142857142857143,,0.0,0
QwenMix50,mix50,pick_and_place_simple,react_baseline,,action_entropy,6,0.8571428571428571,,0.0,0
QwenMix50,mix50,pick_and_place_simple,react_baseline,,action_entropy,7,1.0,,0.0,0
QwenMix50,mix50,pick_and_place_simple,react_ttc_monitored,8.0,reasoning_p,0,0.0,0.8610094712840186,0.012739095585567373,90
QwenMix50,mix50,pick_and_place_simple,react_ttc_monitored,8.0,reasoning_p,1,0.14285714285714285,0.8604553745852577,0.01119704427150932,90
QwenMix50,mix50,pick_and_place_simple,react_ttc_monitored,8.0,reasoning_p,2,0.2857142857142857,0.8313777653707398,0.01222049133536462,90
QwenMix50,mix50,pick_and_place_simple,react_ttc_monitored,8.0,reasoning_p,3,0.42857142857142855,0.8410140322314368,0.012171040105637737,90
QwenMix50,mix50,pick_and_place_simple,react_ttc_monitored,8.0,reasoning_p,4,0.5714285714285714,0.8771440901910819,0.00802209336658316,90
QwenMix50,mix50,pick_and_place_simple,react_ttc_monitored,8.0,reasoning_p,5,0.7142857142857143,0.8827181026946616,0.006850046252255558,90
QwenMix50,mix50,pick_and_place_simple,react_ttc_monitored,8.0,reasoning_p,6,0.8571428571428571,0.889228868598818,0.007038872193778917,90
QwenMix50,mix50,pick_and_place_simple,react_ttc_monitored,8.0,reasoning_p,7,1.0,0.8999911051160759,0.00597034516527089,90
QwenMix50,mix50,pick_and_place_simple,react_ttc_monitored,8.0,action_p,0,0.0,0.894147726893425,0.018047498280595924,90
QwenMix50,mix50,pick_and_place_simple,react_ttc_monitored,8.0,action_p,1,0.14285714285714285,0.8857723391718335,0.016559157607567158,90
QwenMix50,mix50,pick_and_place_simple,react_ttc_monitored,8.0,action_p,2,0.2857142857142857,0.8416925419811848,0.014651514074200194,90
QwenMix50,mix50,pick_and_place_simple,react_ttc_monitored,8.0,action_p,3,0.42857142857142855,0.8519703400355798,0.013564424369053927,90
QwenMix50,mix50,pick_and_place_simple,react_ttc_monitored,8.0,action_p,4,0.5714285714285714,0.8916981915522506,0.008093053619939691,90
QwenMix50,mix50,pick_and_place_simple,react_ttc_monitored,8.0,action_p,5,0.7142857142857143,0.8985441144307456,0.007205674342979689,90
QwenMix50,mix50,pick_and_place_simple,react_ttc_monitored,8.0,action_p,6,0.8571428571428571,0.906344148709818,0.006897040819556282,90
QwenMix50,mix50,pick_and_place_simple,react_ttc_monitored,8.0,action_p,7,1.0,0.9167244522746594,0.006314424905882848,90
QwenMix50,mix50,pick_and_place_simple,react_ttc_monitored,8.0,reasoning_entropy,0,0.0,1.1738946364985572,0.062454679578237145,90
QwenMix50,mix50,pick_and_place_simple,react_ttc_monitored,8.0,reasoning_entropy,1,0.14285714285714285,0.9340887716175833,0.07483311951680015,90
QwenMix50,mix50,pick_and_place_simple,react_ttc_monitored,8.0,reasoning_entropy,2,0.2857142857142857,0.35763393451019915,0.06624851704478528,90
QwenMix50,mix50,pick_and_place_simple,react_ttc_monitored,8.0,reasoning_entropy,3,0.42857142857142855,0.41492027007973065,0.07898487063496049,90
QwenMix50,mix50,pick_and_place_simple,react_ttc_monitored,8.0,reasoning_entropy,4,0.5714285714285714,0.30362467864757087,0.07471195498217717,90
QwenMix50,mix50,pick_and_place_simple,react_ttc_monitored,8.0,reasoning_entropy,5,0.7142857142857143,0.266165954067603,0.06465037057156284,90
QwenMix50,mix50,pick_and_place_simple,react_ttc_monitored,8.0,reasoning_entropy,6,0.8571428571428571,0.41158952999576287,0.06469335744966444,90
QwenMix50,mix50,pick_and_place_simple,react_ttc_monitored,8.0,reasoning_entropy,7,1.0,0.5150530188751469,0.05478672413871709,90
QwenMix50,mix50,pick_and_place_simple,react_ttc_monitored,8.0,action_entropy,0,0.0,1.721152059899436,0.04786872059965768,90
QwenMix50,mix50,pick_and_place_simple,react_ttc_monitored,8.0,action_entropy,1,0.14285714285714285,1.3351593219571642,0.0773272603610935,90
QwenMix50,mix50,pick_and_place_simple,react_ttc_monitored,8.0,action_entropy,2,0.2857142857142857,0.33309081794901024,0.05698170819480046,90
QwenMix50,mix50,pick_and_place_simple,react_ttc_monitored,8.0,action_entropy,3,0.42857142857142855,0.29487425381990356,0.05207373353072876,90
QwenMix50,mix50,pick_and_place_simple,react_ttc_monitored,8.0,action_entropy,4,0.5714285714285714,0.36533176197359957,0.07361828145822526,90
QwenMix50,mix50,pick_and_place_simple,react_ttc_monitored,8.0,action_entropy,5,0.7142857142857143,0.21196629106998444,0.05076223792070083,90
QwenMix50,mix50,pick_and_place_simple,react_ttc_monitored,8.0,action_entropy,6,0.8571428571428571,0.7865146302825047,0.10784609777544324,90
QwenMix50,mix50,pick_and_place_simple,react_ttc_monitored,8.0,action_entropy,7,1.0,1.7114921947320303,0.10395376038532907,90
QwenMix50,mix50,pick_and_place_simple,react_ttc_monitored,16.0,reasoning_p,0,0.0,0.8479371698366271,0.012051216611332361,90
QwenMix50,mix50,pick_and_place_simple,react_ttc_monitored,16.0,reasoning_p,1,0.14285714285714285,0.8507394611007637,0.01196219473233923,90
QwenMix50,mix50,pick_and_place_simple,react_ttc_monitored,16.0,reasoning_p,2,0.2857142857142857,0.8108470878336165,0.01728001283887536,90
QwenMix50,mix50,pick_and_place_simple,react_ttc_monitored,16.0,reasoning_p,3,0.42857142857142855,0.8175540628930722,0.017101224395765394,90
QwenMix50,mix50,pick_and_place_simple,react_ttc_monitored,16.0,reasoning_p,4,0.5714285714285714,0.8695610866507737,0.011126413449497583,90
QwenMix50,mix50,pick_and_place_simple,react_ttc_monitored,16.0,reasoning_p,5,0.7142857142857143,0.8863926193525327,0.009275977641420515,90
QwenMix50,mix50,pick_and_place_simple,react_ttc_monitored,16.0,reasoning_p,6,0.8571428571428571,0.888937555946528,0.009323318940984416,90
QwenMix50,mix50,pick_and_place_simple,react_ttc_monitored,16.0,reasoning_p,7,1.0,0.9050590774207872,0.0075288612793886645,90
QwenMix50,mix50,pick_and_place_simple,react_ttc_monitored,16.0,action_p,0,0.0,0.9048179858260684,0.010660687350582248,90
QwenMix50,mix50,pick_and_place_simple,react_ttc_monitored,16.0,action_p,1,0.14285714285714285,0.8997042414214876,0.01082903462182236,90
QwenMix50,mix50,pick_and_place_simple,react_ttc_monitored,16.0,action_p,2,0.2857142857142857,0.8494893495683316,0.012797438703393086,90
QwenMix50,mix50,pick_and_place_simple,react_ttc_monitored,16.0,action_p,3,0.42857142857142855,0.8644671418048716,0.01252405491406494,90
QwenMix50,mix50,pick_and_place_simple,react_ttc_monitored,16.0,action_p,4,0.5714285714285714,0.9001597318384384,0.008168888968357659,90
QwenMix50,mix50,pick_and_place_simple,react_ttc_monitored,16.0,action_p,5,0.7142857142857143,0.9153825751719651,0.00649186793067601,90
QwenMix50,mix50,pick_and_place_simple,react_ttc_monitored,16.0,action_p,6,0.8571428571428571,0.921470458004525,0.0064324009643526685,90
QwenMix50,mix50,pick_and_place_simple,react_ttc_monitored,16.0,action_p,7,1.0,0.9321363230033842,0.005247289152189537,90
QwenMix50,mix50,pick_and_place_simple,react_ttc_monitored,16.0,reasoning_entropy,0,0.0,0.8787128125855815,0.05280069955373585,90
QwenMix50,mix50,pick_and_place_simple,react_ttc_monitored,16.0,reasoning_entropy,1,0.14285714285714285,0.8260570927077626,0.05759675405694775,90
QwenMix50,mix50,pick_and_place_simple,react_ttc_monitored,16.0,reasoning_entropy,2,0.2857142857142857,0.47651783035053086,0.06149275563545129,90
QwenMix50,mix50,pick_and_place_simple,react_ttc_monitored,16.0,reasoning_entropy,3,0.42857142857142855,0.2780513012440066,0.046942249404363603,90
QwenMix50,mix50,pick_and_place_simple,react_ttc_monitored,16.0,reasoning_entropy,4,0.5714285714285714,0.21791178129719305,0.04965246103618347,90
QwenMix50,mix50,pick_and_place_simple,react_ttc_monitored,16.0,reasoning_entropy,5,0.7142857142857143,0.18182377301247118,0.0456012847229379,90
QwenMix50,mix50,pick_and_place_simple,react_ttc_monitored,16.0,reasoning_entropy,6,0.8571428571428571,0.3002024440503242,0.04789135131554246,90
QwenMix50,mix50,pick_and_place_simple,react_ttc_monitored,16.0,reasoning_entropy,7,1.0,0.6240802534596216,0.04346735347340318,90
QwenMix50,mix50,pick_and_place_simple,react_ttc_monitored,16.0,action_entropy,0,0.0,1.5381131695376502,0.06541128919977876,90
QwenMix50,mix50,pick_and_place_simple,react_ttc_monitored,16.0,action_entropy,1,0.14285714285714285,1.3800799757449163,0.06541597056770398,90
QwenMix50,mix50,pick_and_place_simple,react_ttc_monitored,16.0,action_entropy,2,0.2857142857142857,0.545942482460911,0.06272305552503173,90
QwenMix50,mix50,pick_and_place_simple,react_ttc_monitored,16.0,action_entropy,3,0.42857142857142855,0.2514130868276374,0.03019915551967174,90
QwenMix50,mix50,pick_and_place_simple,react_ttc_monitored,16.0,action_entropy,4,0.5714285714285714,0.2092181963276946,0.043354639932636024,90
QwenMix50,mix50,pick_and_place_simple,react_ttc_monitored,16.0,action_entropy,5,0.7142857142857143,0.16929342858234628,0.02334923902955489,90
QwenMix50,mix50,pick_and_place_simple,react_ttc_monitored,16.0,action_entropy,6,0.8571428571428571,0.8295705451751322,0.11286684410032609,90
QwenMix50,mix50,pick_and_place_simple,react_ttc_monitored,16.0,action_entropy,7,1.0,2.4876177361907645,0.08474276747631905,90
QwenMix50,mix50,pick_and_place_simple,react_ttc_monitored,32.0,reasoning_p,0,0.0,0.8368506207993185,0.013117518786711349,90
QwenMix50,mix50,pick_and_place_simple,react_ttc_monitored,32.0,reasoning_p,1,0.14285714285714285,0.8405370241177894,0.012970623377277021,90
QwenMix50,mix50,pick_and_place_simple,react_ttc_monitored,32.0,reasoning_p,2,0.2857142857142857,0.7634631497013631,0.019550554173663574,90
QwenMix50,mix50,pick_and_place_simple,react_ttc_monitored,32.0,reasoning_p,3,0.42857142857142855,0.7691141011527147,0.019144820398993963,90
QwenMix50,mix50,pick_and_place_simple,react_ttc_monitored,32.0,reasoning_p,4,0.5714285714285714,0.8303068426093093,0.012395952093969886,90
QwenMix50,mix50,pick_and_place_simple,react_ttc_monitored,32.0,reasoning_p,5,0.7142857142857143,0.8472734101261826,0.010691054760337205,90
QwenMix50,mix50,pick_and_place_simple,react_ttc_monitored,32.0,reasoning_p,6,0.8571428571428571,0.854042535519584,0.010697386472057332,90
QwenMix50,mix50,pick_and_place_simple,react_ttc_monitored,32.0,reasoning_p,7,1.0,0.8749637911889161,0.008489502742185781,90
QwenMix50,mix50,pick_and_place_simple,react_ttc_monitored,32.0,action_p,0,0.0,0.8336657898293601,0.025308400974410738,90
QwenMix50,mix50,pick_and_place_simple,react_ttc_monitored,32.0,action_p,1,0.14285714285714285,0.8371031625403298,0.02487842569140298,90
QwenMix50,mix50,pick_and_place_simple,react_ttc_monitored,32.0,action_p,2,0.2857142857142857,0.7685987240186443,0.023366385701378202,90
QwenMix50,mix50,pick_and_place_simple,react_ttc_monitored,32.0,action_p,3,0.42857142857142855,0.7780798199000182,0.022403188786866025,90
QwenMix50,mix50,pick_and_place_simple,react_ttc_monitored,32.0,action_p,4,0.5714285714285714,0.8424093671308625,0.014740236304262803,90
QwenMix50,mix50,pick_and_place_simple,react_ttc_monitored,32.0,action_p,5,0.7142857142857143,0.867813275837236,0.011897158525899756,90
QwenMix50,mix50,pick_and_place_simple,react_ttc_monitored,32.0,action_p,6,0.8571428571428571,0.871634581622781,0.011363833462405085,90
QwenMix50,mix50,pick_and_place_simple,react_ttc_monitored,32.0,action_p,7,1.0,0.8883283229440293,0.009538899164412855,90
QwenMix50,mix50,pick_and_place_simple,react_ttc_monitored,32.0,reasoning_entropy,0,0.0,0.8020676786800323,0.05721914649892555,90
QwenMix50,mix50,pick_and_place_simple,react_ttc_monitored,32.0,reasoning_entropy,1,0.14285714285714285,0.7521259565831214,0.05422252698600938,90
QwenMix50,mix50,pick_and_place_simple,react_ttc_monitored,32.0,reasoning_entropy,2,0.2857142857142857,0.44638384319799795,0.050732054552080255,90
QwenMix50,mix50,pick_and_place_simple,react_ttc_monitored,32.0,reasoning_entropy,3,0.42857142857142855,0.22593578922812826,0.03953847200569975,90
QwenMix50,mix50,pick_and_place_simple,react_ttc_monitored,32.0,reasoning_entropy,4,0.5714285714285714,0.1298608448752159,0.035560273419902165,90
QwenMix50,mix50,pick_and_place_simple,react_ttc_monitored,32.0,reasoning_entropy,5,0.7142857142857143,0.12003266827958091,0.03478054222319389,90
QwenMix50,mix50,pick_and_place_simple,react_ttc_monitored,32.0,reasoning_entropy,6,0.8571428571428571,0.3639485597954768,0.051025894253409976,90
QwenMix50,mix50,pick_and_place_simple,react_ttc_monitored,32.0,reasoning_entropy,7,1.0,0.6442131955973107,0.03907565016652803,90
QwenMix50,mix50,pick_and_place_simple,react_ttc_monitored,32.0,action_entropy,0,0.0,1.4789323634571498,0.04872270479377789,90
QwenMix50,mix50,pick_and_place_simple,react_ttc_monitored,32.0,action_entropy,1,0.14285714285714285,1.3735819523947106,0.05299392986534,90
QwenMix50,mix50,pick_and_place_simple,react_ttc_monitored,32.0,action_entropy,2,0.2857142857142857,0.7829439907541705,0.08200773956898229,90
QwenMix50,mix50,pick_and_place_simple,react_ttc_monitored,32.0,action_entropy,3,0.42857142857142855,0.40734630355404483,0.05857188770597473,90
QwenMix50,mix50,pick_and_place_simple,react_ttc_monitored,32.0,action_entropy,4,0.5714285714285714,0.24494271805096005,0.04147700176507697,90
QwenMix50,mix50,pick_and_place_simple,react_ttc_monitored,32.0,action_entropy,5,0.7142857142857143,0.24424989540647302,0.04846161736671271,90
QwenMix50,mix50,pick_and_place_simple,react_ttc_monitored,32.0,action_entropy,6,0.8571428571428571,1.303486265035139,0.1513075553060175,90
QwenMix50,mix50,pick_and_place_simple,react_ttc_monitored,32.0,action_entropy,7,1.0,2.7485775171779094,0.08215457211683047,90
QwenMix50,mix50,pick_and_place_simple,react_ttc_monitored,64.0,reasoning_p,0,0.0,0.8598013898794127,0.012625288145386222,90
QwenMix50,mix50,pick_and_place_simple,react_ttc_monitored,64.0,reasoning_p,1,0.14285714285714285,0.8648314402072476,0.011400530715625289,90
QwenMix50,mix50,pick_and_place_simple,react_ttc_monitored,64.0,reasoning_p,2,0.2857142857142857,0.7779439164520822,0.016221273254601768,90
QwenMix50,mix50,pick_and_place_simple,react_ttc_monitored,64.0,reasoning_p,3,0.42857142857142855,0.7862993221332453,0.016396779383221868,90
QwenMix50,mix50,pick_and_place_simple,react_ttc_monitored,64.0,reasoning_p,4,0.5714285714285714,0.8462077036637226,0.010453404131923012,90
QwenMix50,mix50,pick_and_place_simple,react_ttc_monitored,64.0,reasoning_p,5,0.7142857142857143,0.8590590566630795,0.008230444069281015,90
QwenMix50,mix50,pick_and_place_simple,react_ttc_monitored,64.0,reasoning_p,6,0.8571428571428571,0.8629180040974799,0.00847075870902075,90
QwenMix50,mix50,pick_and_place_simple,react_ttc_monitored,64.0,reasoning_p,7,1.0,0.8844984225348271,0.006671088062324608,90
QwenMix50,mix50,pick_and_place_simple,react_ttc_monitored,64.0,action_p,0,0.0,0.9183132545815573,0.015634489651613792,90
QwenMix50,mix50,pick_and_place_simple,react_ttc_monitored,64.0,action_p,1,0.14285714285714285,0.9146861677368482,0.014106799351347675,90
QwenMix50,mix50,pick_and_place_simple,react_ttc_monitored,64.0,action_p,2,0.2857142857142857,0.8057014399104648,0.0125542291256224,90
QwenMix50,mix50,pick_and_place_simple,react_ttc_monitored,64.0,action_p,3,0.42857142857142855,0.8114098737913148,0.012857242490340613,90
QwenMix50,mix50,pick_and_place_simple,react_ttc_monitored,64.0,action_p,4,0.5714285714285714,0.8692244576745563,0.008291284124312799,90
QwenMix50,mix50,pick_and_place_simple,react_ttc_monitored,64.0,action_p,5,0.7142857142857143,0.8869856385721101,0.006126958758351204,90
QwenMix50,mix50,pick_and_place_simple,react_ttc_monitored,64.0,action_p,6,0.8571428571428571,0.8897396192096528,0.006363744706083823,90
QwenMix50,mix50,pick_and_place_simple,react_ttc_monitored,64.0,action_p,7,1.0,0.9077819989799033,0.005172040488728861,90
QwenMix50,mix50,pick_and_place_simple,react_ttc_monitored,64.0,reasoning_entropy,0,0.0,0.7363808016318918,0.06404941955926462,90
QwenMix50,mix50,pick_and_place_simple,react_ttc_monitored,64.0,reasoning_entropy,1,0.14285714285714285,0.6217236463165,0.07122761380415774,90
QwenMix50,mix50,pick_and_place_simple,react_ttc_monitored,64.0,reasoning_entropy,2,0.2857142857142857,0.19705200517893087,0.04191424787730992,90
QwenMix50,mix50,pick_and_place_simple,react_ttc_monitored,64.0,reasoning_entropy,3,0.42857142857142855,0.1904143865232923,0.04590539814883288,90
QwenMix50,mix50,pick_and_place_simple,react_ttc_monitored,64.0,reasoning_entropy,4,0.5714285714285714,0.04129505868255434,0.01887199504204121,90
QwenMix50,mix50,pick_and_place_simple,react_ttc_monitored,64.0,reasoning_entropy,5,0.7142857142857143,0.06840674624246061,0.028184087461351454,90
QwenMix50,mix50,pick_and_place_simple,react_ttc_monitored,64.0,reasoning_entropy,6,0.8571428571428571,0.133306001547681,0.04641265728543485,90
QwenMix50,mix50,pick_and_place_simple,react_ttc_monitored,64.0,reasoning_entropy,7,1.0,0.500946240670122,0.04083103346579446,90
QwenMix50,mix50,pick_and_place_simple,react_ttc_monitored,64.0,action_entropy,0,0.0,1.517165658209059,0.058770843574475824,90
QwenMix50,mix50,pick_and_place_simple,react_ttc_monitored,64.0,action_entropy,1,0.14285714285714285,1.1170113732210465,0.08320032427943218,90
QwenMix50,mix50,pick_and_place_simple,react_ttc_monitored,64.0,action_entropy,2,0.2857142857142857,0.19945740236176385,0.03638411469903737,90
QwenMix50,mix50,pick_and_place_simple,react_ttc_monitored,64.0,action_entropy,3,0.42857142857142855,0.19875160991214216,0.029290765360032858,90
QwenMix50,mix50,pick_and_place_simple,react_ttc_monitored,64.0,action_entropy,4,0.5714285714285714,0.2511285061223639,0.07688330871795065,90
QwenMix50,mix50,pick_and_place_simple,react_ttc_monitored,64.0,action_entropy,5,0.7142857142857143,0.1251677621466418,0.05145382461117179,90
QwenMix50,mix50,pick_and_place_simple,react_ttc_monitored,64.0,action_entropy,6,0.8571428571428571,0.14527679265787205,0.049039225875115916,90
QwenMix50,mix50,pick_and_place_simple,react_ttc_monitored,64.0,action_entropy,7,1.0,1.8795865434454755,0.1362980795420133,90
QwenMix50,mix50,pick_and_place_simple,react_ttc_monitored,128.0,reasoning_p,0,0.0,0.8807265386756918,0.01365158864909953,90
QwenMix50,mix50,pick_and_place_simple,react_ttc_monitored,128.0,reasoning_p,1,0.14285714285714285,0.8915755390160496,0.012933941665992968,90
QwenMix50,mix50,pick_and_place_simple,react_ttc_monitored,128.0,reasoning_p,2,0.2857142857142857,0.8440992175736993,0.018546528940386598,90
QwenMix50,mix50,pick_and_place_simple,react_ttc_monitored,128.0,reasoning_p,3,0.42857142857142855,0.848831657099642,0.01779561856002021,90
QwenMix50,mix50,pick_and_place_simple,react_ttc_monitored,128.0,reasoning_p,4,0.5714285714285714,0.8863594983683278,0.01182473110617941,90
QwenMix50,mix50,pick_and_place_simple,react_ttc_monitored,128.0,reasoning_p,5,0.7142857142857143,0.8950539500407149,0.01011018433400908,90
QwenMix50,mix50,pick_and_place_simple,react_ttc_monitored,128.0,reasoning_p,6,0.8571428571428571,0.9002206451750827,0.010056261696648701,90
QwenMix50,mix50,pick_and_place_simple,react_ttc_monitored,128.0,reasoning_p,7,1.0,0.9117118365762729,0.008305802022346568,90
QwenMix50,mix50,pick_and_place_simple,react_ttc_monitored,128.0,action_p,0,0.0,0.8735351231363084,0.019056263542428054,90
QwenMix50,mix50,pick_and_place_simple,react_ttc_monitored,128.0,action_p,1,0.14285714285714285,0.8744294123517142,0.018282555610436395,90
QwenMix50,mix50,pick_and_place_simple,react_ttc_monitored,128.0,action_p,2,0.2857142857142857,0.8127875106202231,0.018146881878659746,90
QwenMix50,mix50,pick_and_place_simple,react_ttc_monitored,128.0,action_p,3,0.42857142857142855,0.8373190644162674,0.01753271898013131,90
QwenMix50,mix50,pick_and_place_simple,react_ttc_monitored,128.0,action_p,4,0.5714285714285714,0.8782204850404352,0.011562957851513303,90
QwenMix50,mix50,pick_and_place_simple,react_ttc_monitored,128.0,action_p,5,0.7142857142857143,0.8937928860055077,0.009402188718904404,90
QwenMix50,mix50,pick_and_place_simple,react_ttc_monitored,128.0,action_p,6,0.8571428571428571,0.9028540010994703,0.009269734684983965,90
QwenMix50,mix50,pick_and_place_simple,react_ttc_monitored,128.0,action_p,7,1.0,0.9142668252142647,0.007759130726470899,90
QwenMix50,mix50,pick_and_place_simple,react_ttc_monitored,128.0,reasoning_entropy,0,0.0,0.8952884372873129,0.06263158592605758,90
QwenMix50,mix50,pick_and_place_simple,react_ttc_monitored,128.0,reasoning_entropy,1,0.14285714285714285,0.8460781248260452,0.06659716231469366,90
QwenMix50,mix50,pick_and_place_simple,react_ttc_monitored,128.0,reasoning_entropy,2,0.2857142857142857,0.5803895318792781,0.05958164326689264,90
QwenMix50,mix50,pick_and_place_simple,react_ttc_monitored,128.0,reasoning_entropy,3,0.42857142857142855,0.29053671644431317,0.051120409781936584,90
QwenMix50,mix50,pick_and_place_simple,react_ttc_monitored,128.0,reasoning_entropy,4,0.5714285714285714,0.20630471258964786,0.04711040401651878,90
QwenMix50,mix50,pick_and_place_simple,react_ttc_monitored,128.0,reasoning_entropy,5,0.7142857142857143,0.1620558400512952,0.03812607210741125,90
QwenMix50,mix50,pick_and_place_simple,react_ttc_monitored,128.0,reasoning_entropy,6,0.8571428571428571,0.42660762540758745,0.04862375957529551,90
QwenMix50,mix50,pick_and_place_simple,react_ttc_monitored,128.0,reasoning_entropy,7,1.0,0.5973097195288094,0.04621407176887434,90
QwenMix50,mix50,pick_and_place_simple,react_ttc_monitored,128.0,action_entropy,0,0.0,1.421982854604721,0.057795541317617154,90
QwenMix50,mix50,pick_and_place_simple,react_ttc_monitored,128.0,action_entropy,1,0.14285714285714285,1.308669725784825,0.0591609073669447,90
QwenMix50,mix50,pick_and_place_simple,react_ttc_monitored,128.0,action_entropy,2,0.2857142857142857,0.8589570548281902,0.070378343391418,90
QwenMix50,mix50,pick_and_place_simple,react_ttc_monitored,128.0,action_entropy,3,0.42857142857142855,0.4025490479854246,0.0503832809168769,90
QwenMix50,mix50,pick_and_place_simple,react_ttc_monitored,128.0,action_entropy,4,0.5714285714285714,0.3445772798059301,0.059929705841942654,90
QwenMix50,mix50,pick_and_place_simple,react_ttc_monitored,128.0,action_entropy,5,0.7142857142857143,0.33532790804488793,0.06066975781955413,90
QwenMix50,mix50,pick_and_place_simple,react_ttc_monitored,128.0,action_entropy,6,0.8571428571428571,1.5000549941323698,0.1341305532209347,90
QwenMix50,mix50,pick_and_place_simple,react_ttc_monitored,128.0,action_entropy,7,1.0,2.4590811108290733,0.0818756431033297,90
QwenMix50,mix50,pick_and_place_simple,react_ttc_monitored,256.0,reasoning_p,0,0.0,0.8673866337069532,0.013051566191038538,90
QwenMix50,mix50,pick_and_place_simple,react_ttc_monitored,256.0,reasoning_p,1,0.14285714285714285,0.8730195255722846,0.013503676678053038,90
QwenMix50,mix50,pick_and_place_simple,react_ttc_monitored,256.0,reasoning_p,2,0.2857142857142857,0.8157498578999455,0.013886822928497146,90
QwenMix50,mix50,pick_and_place_simple,react_ttc_monitored,256.0,reasoning_p,3,0.42857142857142855,0.8242958216401525,0.013475049074960305,90
QwenMix50,mix50,pick_and_place_simple,react_ttc_monitored,256.0,reasoning_p,4,0.5714285714285714,0.8645514380082719,0.0081200912548741,90
QwenMix50,mix50,pick_and_place_simple,react_ttc_monitored,256.0,reasoning_p,5,0.7142857142857143,0.8745629217108749,0.006731478199608692,90
QwenMix50,mix50,pick_and_place_simple,react_ttc_monitored,256.0,reasoning_p,6,0.8571428571428571,0.8746786055799853,0.006467514276548378,90
QwenMix50,mix50,pick_and_place_simple,react_ttc_monitored,256.0,reasoning_p,7,1.0,0.8854198757063366,0.005193712996307036,90
QwenMix50,mix50,pick_and_place_simple,react_ttc_monitored,256.0,action_p,0,0.0,0.8667102601793077,0.01817039385956107,90
QwenMix50,mix50,pick_and_place_simple,react_ttc_monitored,256.0,action_p,1,0.14285714285714285,0.8660731297400263,0.017345893746980885,90
QwenMix50,mix50,pick_and_place_simple,react_ttc_monitored,256.0,action_p,2,0.2857142857142857,0.8150768950029657,0.014324832150647468,90
QwenMix50,mix50,pick_and_place_simple,react_ttc_monitored,256.0,action_p,3,0.42857142857142855,0.8176459326512284,0.014278315546457997,90
QwenMix50,mix50,pick_and_place_simple,react_ttc_monitored,256.0,action_p,4,0.5714285714285714,0.8649668675550706,0.008889275235749231,90
QwenMix50,mix50,pick_and_place_simple,react_ttc_monitored,256.0,action_p,5,0.7142857142857143,0.8821095101921645,0.007039014917327751,90
QwenMix50,mix50,pick_and_place_simple,react_ttc_monitored,256.0,action_p,6,0.8571428571428571,0.8890577479392764,0.0070521992179118035,90
QwenMix50,mix50,pick_and_place_simple,react_ttc_monitored,256.0,action_p,7,1.0,0.9035111505214972,0.00575273576592356,90
QwenMix50,mix50,pick_and_place_simple,react_ttc_monitored,256.0,reasoning_entropy,0,0.0,0.937185014618671,0.060038542568567145,90
QwenMix50,mix50,pick_and_place_simple,react_ttc_monitored,256.0,reasoning_entropy,1,0.14285714285714285,0.8655103882834914,0.06272184361203693,90
QwenMix50,mix50,pick_and_place_simple,react_ttc_monitored,256.0,reasoning_entropy,2,0.2857142857142857,0.3748383300642234,0.06322096591925806,90
QwenMix50,mix50,pick_and_place_simple,react_ttc_monitored,256.0,reasoning_entropy,3,0.42857142857142855,0.3152818382527229,0.05596304655399292,90
QwenMix50,mix50,pick_and_place_simple,react_ttc_monitored,256.0,reasoning_entropy,4,0.5714285714285714,0.16129868776049283,0.04419628369722137,90
QwenMix50,mix50,pick_and_place_simple,react_ttc_monitored,256.0,reasoning_entropy,5,0.7142857142857143,0.16519621231189874,0.04521617443098248,90
QwenMix50,mix50,pick_and_place_simple,react_ttc_monitored,256.0,reasoning_entropy,6,0.8571428571428571,0.43024144853805335,0.06414029462275364,90
QwenMix50,mix50,pick_and_place_simple,react_ttc_monitored,256.0,reasoning_entropy,7,1.0,0.7120642080215028,0.04975891173712032,90
QwenMix50,mix50,pick_and_place_simple,react_ttc_monitored,256.0,action_entropy,0,0.0,1.7040210697386,0.050882605230212624,90
QwenMix50,mix50,pick_and_place_simple,react_ttc_monitored,256.0,action_entropy,1,0.14285714285714285,1.5386989092868235,0.06373401260510995,90
QwenMix50,mix50,pick_and_place_simple,react_ttc_monitored,256.0,action_entropy,2,0.2857142857142857,0.3603736917540017,0.05966665960523293,90
QwenMix50,mix50,pick_and_place_simple,react_ttc_monitored,256.0,action_entropy,3,0.42857142857142855,0.3243157215675132,0.05659721689021541,90
QwenMix50,mix50,pick_and_place_simple,react_ttc_monitored,256.0,action_entropy,4,0.5714285714285714,0.27299831099808214,0.06269790529578097,90
QwenMix50,mix50,pick_and_place_simple,react_ttc_monitored,256.0,action_entropy,5,0.7142857142857143,0.25503615368054144,0.06752963497142823,90
QwenMix50,mix50,pick_and_place_simple,react_ttc_monitored,256.0,action_entropy,6,0.8571428571428571,0.9986243924798651,0.12856311551291477,90
QwenMix50,mix50,pick_and_place_simple,react_ttc_monitored,256.0,action_entropy,7,1.0,2.2536641357207876,0.08977102643640844,90
