model,task,method,ttc,target,predictor,n_good,n_bad,good_mean,bad_mean,delta_bad_minus_good
LlamaControl,pick_and_place_simple,react_baseline,,bad_action,reasoning_entropy_mean,0,0,,,
LlamaControl,pick_and_place_simple,react_baseline,,bad_action,action_entropy_mean,0,0,,,
LlamaControl,pick_and_place_simple,react_baseline,,bad_action,reasoning_p_hack,0,0,,,
LlamaControl,pick_and_place_simple,react_baseline,,bad_action,action_p_hack,0,0,,,
LlamaControl,pick_and_place_simple,react_baseline,,repeated_action,reasoning_entropy_mean,0,0,,,
LlamaControl,pick_and_place_simple,react_baseline,,repeated_action,action_entropy_mean,0,0,,,
LlamaControl,pick_and_place_simple,react_baseline,,repeated_action,reasoning_p_hack,0,0,,,
LlamaControl,pick_and_place_simple,react_baseline,,repeated_action,action_p_hack,0,0,,,
LlamaControl,pick_and_place_simple,react_baseline,,examine_loop,reasoning_entropy_mean,0,0,,,
LlamaControl,pick_and_place_simple,react_baseline,,examine_loop,action_entropy_mean,0,0,,,
LlamaControl,pick_and_place_simple,react_baseline,,examine_loop,reasoning_p_hack,0,0,,,
LlamaControl,pick_and_place_simple,react_baseline,,examine_loop,action_p_hack,0,0,,,
LlamaControl,pick_and_place_simple,react_baseline,,no_progress_window,reasoning_entropy_mean,0,0,,,
LlamaControl,pick_and_place_simple,react_baseline,,no_progress_window,action_entropy_mean,0,0,,,
LlamaControl,pick_and_place_simple,react_baseline,,no_progress_window,reasoning_p_hack,0,0,,,
LlamaControl,pick_and_place_simple,react_baseline,,no_progress_window,action_p_hack,0,0,,,
LlamaControl,pick_and_place_simple,react_baseline,,reward_irrelevant_action,reasoning_entropy_mean,0,0,,,
LlamaControl,pick_and_place_simple,react_baseline,,reward_irrelevant_action,action_entropy_mean,0,0,,,
LlamaControl,pick_and_place_simple,react_baseline,,reward_irrelevant_action,reasoning_p_hack,0,0,,,
LlamaControl,pick_and_place_simple,react_baseline,,reward_irrelevant_action,action_p_hack,0,0,,,
LlamaControl,pick_and_place_simple,react_baseline,,ineffective_action,reasoning_entropy_mean,0,0,,,
LlamaControl,pick_and_place_simple,react_baseline,,ineffective_action,action_entropy_mean,0,0,,,
LlamaControl,pick_and_place_simple,react_baseline,,ineffective_action,reasoning_p_hack,0,0,,,
LlamaControl,pick_and_place_simple,react_baseline,,ineffective_action,action_p_hack,0,0,,,
LlamaControl,pick_and_place_simple,react_ttc_monitored,8.0,bad_action,reasoning_entropy_mean,75,75,0.2920947652633386,0.26444261674090813,-0.027652148522430475
LlamaControl,pick_and_place_simple,react_ttc_monitored,8.0,bad_action,action_entropy_mean,75,75,0.18224572271391093,0.15874915427105124,-0.02349656844285969
LlamaControl,pick_and_place_simple,react_ttc_monitored,8.0,bad_action,reasoning_p_hack,75,75,0.0036055106036900386,0.0028326521307485584,-0.0007728584729414802
LlamaControl,pick_and_place_simple,react_ttc_monitored,8.0,bad_action,action_p_hack,75,75,0.0005611415685395644,0.0011237993950448798,0.0005626578265053154
LlamaControl,pick_and_place_simple,react_ttc_monitored,8.0,repeated_action,reasoning_entropy_mean,108,42,0.26783773815198847,0.3050911411881844,0.03725340303619595
LlamaControl,pick_and_place_simple,react_ttc_monitored,8.0,repeated_action,action_entropy_mean,108,42,0.1705639881650076,0.1703263107631273,-0.0002376774018802985
LlamaControl,pick_and_place_simple,react_ttc_monitored,8.0,repeated_action,reasoning_p_hack,108,42,0.0034465755737626224,0.0026340962646793243,-0.0008124793090832981
LlamaControl,pick_and_place_simple,react_ttc_monitored,8.0,repeated_action,action_p_hack,108,42,0.0005730438877494859,0.001535281723616401,0.0009622378358669152
LlamaControl,pick_and_place_simple,react_ttc_monitored,8.0,examine_loop,reasoning_entropy_mean,120,30,0.27073939287394905,0.3083858835148206,0.037646490640871555
LlamaControl,pick_and_place_simple,react_ttc_monitored,8.0,examine_loop,action_entropy_mean,120,30,0.16369881610841083,0.1976919280287621,0.03399311192035126
LlamaControl,pick_and_place_simple,react_ttc_monitored,8.0,examine_loop,reasoning_p_hack,120,30,0.003114541909754897,0.003637239197076906,0.000522697287322009
LlamaControl,pick_and_place_simple,react_ttc_monitored,8.0,examine_loop,action_p_hack,120,30,0.0005267642768955087,0.002105295301379076,0.0015785310244835673
LlamaControl,pick_and_place_simple,react_ttc_monitored,8.0,no_progress_window,reasoning_entropy_mean,12,138,0.2143221741602401,0.2838292576840263,0.06950708352378618
LlamaControl,pick_and_place_simple,react_ttc_monitored,8.0,no_progress_window,action_entropy_mean,12,138,0.12442079771376685,0.17450410290802146,0.05008330519425461
LlamaControl,pick_and_place_simple,react_ttc_monitored,8.0,no_progress_window,reasoning_p_hack,12,138,0.002304625364195187,0.0032985992805257434,0.0009939739163305566
LlamaControl,pick_and_place_simple,react_ttc_monitored,8.0,no_progress_window,action_p_hack,12,138,0.0023437638724175015,0.0007119232304335023,-0.0016318406419839992
LlamaControl,pick_and_place_simple,react_ttc_monitored,8.0,reward_irrelevant_action,reasoning_entropy_mean,90,60,0.27113537039061664,0.2889686719193835,0.017833301528766887
LlamaControl,pick_and_place_simple,react_ttc_monitored,8.0,reward_irrelevant_action,action_entropy_mean,90,60,0.16239027912634857,0.18265817754167987,0.020267898415331304
LlamaControl,pick_and_place_simple,react_ttc_monitored,8.0,reward_irrelevant_action,reasoning_p_hack,90,60,0.0031884584435778827,0.003265015752681423,7.655730910354017e-05
LlamaControl,pick_and_place_simple,react_ttc_monitored,8.0,reward_irrelevant_action,action_p_hack,90,60,0.0004815175118167374,0.0013838999367554493,0.0009023824249387119
LlamaControl,pick_and_place_simple,react_ttc_monitored,8.0,ineffective_action,reasoning_entropy_mean,90,60,0.27113537039061664,0.2889686719193835,0.017833301528766887
LlamaControl,pick_and_place_simple,react_ttc_monitored,8.0,ineffective_action,action_entropy_mean,90,60,0.16239027912634857,0.18265817754167987,0.020267898415331304
LlamaControl,pick_and_place_simple,react_ttc_monitored,8.0,ineffective_action,reasoning_p_hack,90,60,0.0031884584435778827,0.003265015752681423,7.655730910354017e-05
LlamaControl,pick_and_place_simple,react_ttc_monitored,8.0,ineffective_action,action_p_hack,90,60,0.0004815175118167374,0.0013838999367554493,0.0009023824249387119
LlamaControl,pick_and_place_simple,react_ttc_monitored,16.0,bad_action,reasoning_entropy_mean,82,68,0.34557193851033524,0.2892362449568667,-0.05633569355346857
LlamaControl,pick_and_place_simple,react_ttc_monitored,16.0,bad_action,action_entropy_mean,82,68,0.1969266216812126,0.12894375860340737,-0.06798286307780524
LlamaControl,pick_and_place_simple,react_ttc_monitored,16.0,bad_action,reasoning_p_hack,82,68,0.005442201327087907,0.006771786206932986,0.0013295848798450787
LlamaControl,pick_and_place_simple,react_ttc_monitored,16.0,bad_action,action_p_hack,82,68,0.001907484255016022,0.0017406177254891708,-0.0001668665295268513
LlamaControl,pick_and_place_simple,react_ttc_monitored,16.0,repeated_action,reasoning_entropy_mean,135,15,0.31957055706212956,0.3241958941017954,0.004625337039665833
LlamaControl,pick_and_place_simple,react_ttc_monitored,16.0,repeated_action,action_entropy_mean,135,15,0.16828859676240593,0.14647986666442242,-0.02180873009798351
LlamaControl,pick_and_place_simple,react_ttc_monitored,16.0,repeated_action,reasoning_p_hack,135,15,0.005789218715451717,0.008346496287111323,0.002557277571659606
LlamaControl,pick_and_place_simple,react_ttc_monitored,16.0,repeated_action,action_p_hack,135,15,0.0019323487396859201,0.0009272422924652186,-0.0010051064472207014
LlamaControl,pick_and_place_simple,react_ttc_monitored,16.0,examine_loop,reasoning_entropy_mean,138,12,0.3173484836251108,0.3509060728874283,0.0335575892623175
LlamaControl,pick_and_place_simple,react_ttc_monitored,16.0,examine_loop,action_entropy_mean,138,12,0.16548795051043283,0.17323511603761702,0.0077471655271841855
LlamaControl,pick_and_place_simple,react_ttc_monitored,16.0,examine_loop,reasoning_p_hack,138,12,0.005850317941791591,0.008283174577117651,0.0024328566353260606
LlamaControl,pick_and_place_simple,react_ttc_monitored,16.0,examine_loop,action_p_hack,138,12,0.0018909705460479524,0.0011518149074966702,-0.0007391556385512822
LlamaControl,pick_and_place_simple,react_ttc_monitored,16.0,no_progress_window,reasoning_entropy_mean,12,138,0.25899253159529273,0.3253409654766008,0.06634843388130807
LlamaControl,pick_and_place_simple,react_ttc_monitored,16.0,no_progress_window,action_entropy_mean,12,138,0.15932615618226056,0.16669742528046386,0.0073712690982032925
LlamaControl,pick_and_place_simple,react_ttc_monitored,16.0,no_progress_window,reasoning_p_hack,12,138,0.0023401403018418945,0.006367103530946005,0.00402696322910411
LlamaControl,pick_and_place_simple,react_ttc_monitored,16.0,no_progress_window,action_p_hack,12,138,0.0032828243647451123,0.0017056653758524354,-0.001577158988892677
LlamaControl,pick_and_place_simple,react_ttc_monitored,16.0,reward_irrelevant_action,reasoning_entropy_mean,100,50,0.3170465707043707,0.32600613088954716,0.008959560185176463
LlamaControl,pick_and_place_simple,react_ttc_monitored,16.0,reward_irrelevant_action,action_entropy_mean,100,50,0.16616685597221464,0.1659894593133935,-0.00017739665882113287
LlamaControl,pick_and_place_simple,react_ttc_monitored,16.0,reward_irrelevant_action,reasoning_p_hack,100,50,0.005619300244680235,0.006896238928492559,0.0012769386838123236
LlamaControl,pick_and_place_simple,react_ttc_monitored,16.0,reward_irrelevant_action,action_p_hack,100,50,0.0017784648269993852,0.0019385846308927796,0.00016011980389339436
LlamaControl,pick_and_place_simple,react_ttc_monitored,16.0,ineffective_action,reasoning_entropy_mean,100,50,0.3170465707043707,0.32600613088954716,0.008959560185176463
LlamaControl,pick_and_place_simple,react_ttc_monitored,16.0,ineffective_action,action_entropy_mean,100,50,0.16616685597221464,0.1659894593133935,-0.00017739665882113287
LlamaControl,pick_and_place_simple,react_ttc_monitored,16.0,ineffective_action,reasoning_p_hack,100,50,0.005619300244680235,0.006896238928492559,0.0012769386838123236
LlamaControl,pick_and_place_simple,react_ttc_monitored,16.0,ineffective_action,action_p_hack,100,50,0.0017784648269993852,0.0019385846308927796,0.00016011980389339436
LlamaControl,pick_and_place_simple,react_ttc_monitored,32.0,bad_action,reasoning_entropy_mean,79,71,0.327981030997332,0.2837893390900122,-0.04419169190731981
LlamaControl,pick_and_place_simple,react_ttc_monitored,32.0,bad_action,action_entropy_mean,79,71,0.18907843370317173,0.17207424814196187,-0.01700418556120986
LlamaControl,pick_and_place_simple,react_ttc_monitored,32.0,bad_action,reasoning_p_hack,79,71,0.004981293650584138,0.005684068770803759,0.0007027751202196208
LlamaControl,pick_and_place_simple,react_ttc_monitored,32.0,bad_action,action_p_hack,79,71,0.0010399489332381083,0.001772990648763601,0.0007330417155254926
LlamaControl,pick_and_place_simple,react_ttc_monitored,32.0,repeated_action,reasoning_entropy_mean,126,24,0.29174915115294947,0.3874646449545191,0.09571549380156963
LlamaControl,pick_and_place_simple,react_ttc_monitored,32.0,repeated_action,action_entropy_mean,126,24,0.16081106755430902,0.2871780570327886,0.12636698947847957
LlamaControl,pick_and_place_simple,react_ttc_monitored,32.0,repeated_action,reasoning_p_hack,126,24,0.005818064212017162,0.002667291267043806,-0.003150772944973356
LlamaControl,pick_and_place_simple,react_ttc_monitored,32.0,repeated_action,action_p_hack,126,24,0.001279252622800611,0.001952186304797884,0.000672933681997273
LlamaControl,pick_and_place_simple,react_ttc_monitored,32.0,examine_loop,reasoning_entropy_mean,137,13,0.30755504380126786,0.30188488641587613,-0.0056701573853917275
LlamaControl,pick_and_place_simple,react_ttc_monitored,32.0,examine_loop,action_entropy_mean,137,13,0.17543921816147418,0.2399457686544535,0.06450655049297932
LlamaControl,pick_and_place_simple,react_ttc_monitored,32.0,examine_loop,reasoning_p_hack,137,13,0.005456203309607503,0.0038147098236143017,-0.001641493485993201
LlamaControl,pick_and_place_simple,react_ttc_monitored,32.0,examine_loop,action_p_hack,137,13,0.0011821524237816928,0.0035448784407641773,0.0023627260169824848
LlamaControl,pick_and_place_simple,react_ttc_monitored,32.0,no_progress_window,reasoning_entropy_mean,12,138,0.2627785299124619,0.31091450844369956,0.04813597853123763
LlamaControl,pick_and_place_simple,react_ttc_monitored,32.0,no_progress_window,action_entropy_mean,12,138,0.1567556751259904,0.18314057810955053,0.026384902983560138
LlamaControl,pick_and_place_simple,react_ttc_monitored,32.0,no_progress_window,reasoning_p_hack,12,138,0.0027544003747060307,0.005536509250918416,0.002782108876212385
LlamaControl,pick_and_place_simple,react_ttc_monitored,32.0,no_progress_window,action_p_hack,12,138,0.0025883710618270794,0.0012824481814934878,-0.0013059228803335916
LlamaControl,pick_and_place_simple,react_ttc_monitored,32.0,reward_irrelevant_action,reasoning_entropy_mean,106,44,0.3217331925671248,0.2717233207287469,-0.050009871838377906
LlamaControl,pick_and_place_simple,react_ttc_monitored,32.0,reward_irrelevant_action,action_entropy_mean,106,44,0.1684780354624458,0.21126809367296825,0.04279005821052245
LlamaControl,pick_and_place_simple,react_ttc_monitored,32.0,reward_irrelevant_action,reasoning_p_hack,106,44,0.0042847681149076385,0.007793310475977367,0.0035085423610697287
LlamaControl,pick_and_place_simple,react_ttc_monitored,32.0,reward_irrelevant_action,action_p_hack,106,44,0.0009212609634146798,0.0025087418105925042,0.0015874808471778245
LlamaControl,pick_and_place_simple,react_ttc_monitored,32.0,ineffective_action,reasoning_entropy_mean,106,44,0.3217331925671248,0.2717233207287469,-0.050009871838377906
LlamaControl,pick_and_place_simple,react_ttc_monitored,32.0,ineffective_action,action_entropy_mean,106,44,0.1684780354624458,0.21126809367296825,0.04279005821052245
LlamaControl,pick_and_place_simple,react_ttc_monitored,32.0,ineffective_action,reasoning_p_hack,106,44,0.0042847681149076385,0.007793310475977367,0.0035085423610697287
LlamaControl,pick_and_place_simple,react_ttc_monitored,32.0,ineffective_action,action_p_hack,106,44,0.0009212609634146798,0.0025087418105925042,0.0015874808471778245
LlamaControl,pick_and_place_simple,react_ttc_monitored,64.0,bad_action,reasoning_entropy_mean,81,69,0.34776226033416807,0.29693193669003926,-0.050830323644128816
LlamaControl,pick_and_place_simple,react_ttc_monitored,64.0,bad_action,action_entropy_mean,81,69,0.22176037718072664,0.15474893670707515,-0.06701144047365148
LlamaControl,pick_and_place_simple,react_ttc_monitored,64.0,bad_action,reasoning_p_hack,81,69,0.004824755838860356,0.005318179639885931,0.0004934238010255746
LlamaControl,pick_and_place_simple,react_ttc_monitored,64.0,bad_action,action_p_hack,81,69,0.0022784328060409978,0.002617877319071435,0.0003394445130304371
LlamaControl,pick_and_place_simple,react_ttc_monitored,64.0,repeated_action,reasoning_entropy_mean,129,21,0.32115232380529557,0.3442093784665335,0.02305705466123792
LlamaControl,pick_and_place_simple,react_ttc_monitored,64.0,repeated_action,action_entropy_mean,129,21,0.18981085793480973,0.19784126242078987,0.008030404485980136
LlamaControl,pick_and_place_simple,react_ttc_monitored,64.0,repeated_action,reasoning_p_hack,129,21,0.004945468176646503,0.00570448682440091,0.0007590186477544076
LlamaControl,pick_and_place_simple,react_ttc_monitored,64.0,repeated_action,action_p_hack,129,21,0.0027061552740439586,0.0007663124739799588,-0.0019398428000639996
LlamaControl,pick_and_place_simple,react_ttc_monitored,64.0,examine_loop,reasoning_entropy_mean,138,12,0.3246919360005236,0.3207966292173389,-0.003895306783184671
LlamaControl,pick_and_place_simple,react_ttc_monitored,64.0,examine_loop,action_entropy_mean,138,12,0.1901191209563283,0.20031904103781148,0.010199920081483183
LlamaControl,pick_and_place_simple,react_ttc_monitored,64.0,examine_loop,reasoning_p_hack,138,12,0.005027887966025052,0.005325923232363414,0.00029803526633836227
LlamaControl,pick_and_place_simple,react_ttc_monitored,64.0,examine_loop,action_p_hack,138,12,0.0025456553750341916,0.001157179212544281,-0.0013884761624899107
LlamaControl,pick_and_place_simple,react_ttc_monitored,64.0,no_progress_window,reasoning_entropy_mean,12,138,0.3028568672582395,0.32625191530131487,0.02339504804307535
LlamaControl,pick_and_place_simple,react_ttc_monitored,64.0,no_progress_window,action_entropy_mean,12,138,0.16742108479982823,0.19297981280310944,0.02555872800328121
LlamaControl,pick_and_place_simple,react_ttc_monitored,64.0,no_progress_window,reasoning_p_hack,12,138,0.0030327095600324785,0.005227297850575568,0.0021945882905430895
LlamaControl,pick_and_place_simple,react_ttc_monitored,64.0,no_progress_window,action_p_hack,12,138,0.0011143250704893411,0.0025493818221694036,0.0014350567516800625
LlamaControl,pick_and_place_simple,react_ttc_monitored,64.0,reward_irrelevant_action,reasoning_entropy_mean,104,46,0.32950228996103526,0.3128001861463623,-0.016702103814672964
LlamaControl,pick_and_place_simple,react_ttc_monitored,64.0,reward_irrelevant_action,action_entropy_mean,104,46,0.19417693939391428,0.1836057714665208,-0.010571167927393488
LlamaControl,pick_and_place_simple,react_ttc_monitored,64.0,reward_irrelevant_action,reasoning_p_hack,104,46,0.004930095239572946,0.005326732895309384,0.0003966376557364374
LlamaControl,pick_and_place_simple,react_ttc_monitored,64.0,reward_irrelevant_action,action_p_hack,104,46,0.002726195512962604,0.0017752664990682385,-0.0009509290138943656
LlamaControl,pick_and_place_simple,react_ttc_monitored,64.0,ineffective_action,reasoning_entropy_mean,104,46,0.32950228996103526,0.3128001861463623,-0.016702103814672964
LlamaControl,pick_and_place_simple,react_ttc_monitored,64.0,ineffective_action,action_entropy_mean,104,46,0.19417693939391428,0.1836057714665208,-0.010571167927393488
LlamaControl,pick_and_place_simple,react_ttc_monitored,64.0,ineffective_action,reasoning_p_hack,104,46,0.004930095239572946,0.005326732895309384,0.0003966376557364374
LlamaControl,pick_and_place_simple,react_ttc_monitored,64.0,ineffective_action,action_p_hack,104,46,0.002726195512962604,0.0017752664990682385,-0.0009509290138943656
LlamaControl,pick_and_place_simple,react_ttc_monitored,128.0,bad_action,reasoning_entropy_mean,83,67,0.3240908214841059,0.2833662700784592,-0.04072455140564668
LlamaControl,pick_and_place_simple,react_ttc_monitored,128.0,bad_action,action_entropy_mean,83,67,0.21036975797681354,0.15083491860430265,-0.05953483937251089
LlamaControl,pick_and_place_simple,react_ttc_monitored,128.0,bad_action,reasoning_p_hack,83,67,0.003758867689036042,0.005167828411195423,0.0014089607221593812
LlamaControl,pick_and_place_simple,react_ttc_monitored,128.0,bad_action,action_p_hack,83,67,0.00145554872272538,0.0015077691489962645,5.222042627088443e-05
LlamaControl,pick_and_place_simple,react_ttc_monitored,128.0,repeated_action,reasoning_entropy_mean,126,24,0.30327943868945884,0.3196612084819052,0.016381769792446377
LlamaControl,pick_and_place_simple,react_ttc_monitored,128.0,repeated_action,action_entropy_mean,126,24,0.18278811669897194,0.18897194810388904,0.006183831404917101
LlamaControl,pick_and_place_simple,react_ttc_monitored,128.0,repeated_action,reasoning_p_hack,126,24,0.00429895797264721,0.0048567423827723475,0.0005577844101251374
LlamaControl,pick_and_place_simple,react_ttc_monitored,128.0,repeated_action,action_p_hack,126,24,0.0014437944931406017,0.0016630404513850187,0.00021924595824441705
LlamaControl,pick_and_place_simple,react_ttc_monitored,128.0,examine_loop,reasoning_entropy_mean,131,19,0.30320095619310283,0.324513316691636,0.02131236049853319
LlamaControl,pick_and_place_simple,react_ttc_monitored,128.0,examine_loop,action_entropy_mean,131,19,0.1844390107983516,0.17921679178840752,-0.0052222190099440735
LlamaControl,pick_and_place_simple,react_ttc_monitored,128.0,examine_loop,reasoning_p_hack,131,19,0.0043151560976272966,0.0048918459447846755,0.000576689847157379
LlamaControl,pick_and_place_simple,react_ttc_monitored,128.0,examine_loop,action_p_hack,131,19,0.0013904757712574075,0.0020883553123282055,0.000697879541070798
LlamaControl,pick_and_place_simple,react_ttc_monitored,128.0,no_progress_window,reasoning_entropy_mean,12,138,0.271422019369064,0.30889865250731,0.03747663313824601
LlamaControl,pick_and_place_simple,react_ttc_monitored,128.0,no_progress_window,action_entropy_mean,12,138,0.18166416973269686,0.18396130015776405,0.0022971304250671842
LlamaControl,pick_and_place_simple,react_ttc_monitored,128.0,no_progress_window,reasoning_p_hack,12,138,0.0032072785824800412,0.004490892599640031,0.0012836140171599898
LlamaControl,pick_and_place_simple,react_ttc_monitored,128.0,no_progress_window,action_p_hack,12,138,0.0009390630621438781,0.0015258139146610851,0.000586750852517207
LlamaControl,pick_and_place_simple,react_ttc_monitored,128.0,reward_irrelevant_action,reasoning_entropy_mean,98,52,0.30832636641554667,0.30132873787911496,-0.00699762853643171
LlamaControl,pick_and_place_simple,react_ttc_monitored,128.0,reward_irrelevant_action,action_entropy_mean,98,52,0.19019532707892828,0.17168245009286204,-0.01851287698606624
LlamaControl,pick_and_place_simple,react_ttc_monitored,128.0,reward_irrelevant_action,reasoning_p_hack,98,52,0.0037323960509972683,0.005624148245045239,0.0018917521940479709
LlamaControl,pick_and_place_simple,react_ttc_monitored,128.0,reward_irrelevant_action,action_p_hack,98,52,0.0012710617728741405,0.0018705196774478942,0.0005994579045737536
LlamaControl,pick_and_place_simple,react_ttc_monitored,128.0,ineffective_action,reasoning_entropy_mean,98,52,0.30832636641554667,0.30132873787911496,-0.00699762853643171
LlamaControl,pick_and_place_simple,react_ttc_monitored,128.0,ineffective_action,action_entropy_mean,98,52,0.19019532707892828,0.17168245009286204,-0.01851287698606624
LlamaControl,pick_and_place_simple,react_ttc_monitored,128.0,ineffective_action,reasoning_p_hack,98,52,0.0037323960509972683,0.005624148245045239,0.0018917521940479709
LlamaControl,pick_and_place_simple,react_ttc_monitored,128.0,ineffective_action,action_p_hack,98,52,0.0012710617728741405,0.0018705196774478942,0.0005994579045737536
LlamaControl,pick_and_place_simple,react_ttc_monitored,256.0,bad_action,reasoning_entropy_mean,87,63,0.3109675891637331,0.2843776114006384,-0.02658997776309474
LlamaControl,pick_and_place_simple,react_ttc_monitored,256.0,bad_action,action_entropy_mean,87,63,0.1882081119428398,0.14292196443679697,-0.04528614750604282
LlamaControl,pick_and_place_simple,react_ttc_monitored,256.0,bad_action,reasoning_p_hack,87,63,0.005249446810528747,0.005721808008129917,0.00047236119760116994
LlamaControl,pick_and_place_simple,react_ttc_monitored,256.0,bad_action,action_p_hack,87,63,0.0032062029347258328,0.0032021576102009767,-4.0453245248560366e-06
LlamaControl,pick_and_place_simple,react_ttc_monitored,256.0,repeated_action,reasoning_entropy_mean,128,22,0.29593253726841406,0.32230022750581827,0.026367690237404207
LlamaControl,pick_and_place_simple,react_ttc_monitored,256.0,repeated_action,action_entropy_mean,128,22,0.17308480117153188,0.14651522493587238,-0.026569576235659503
LlamaControl,pick_and_place_simple,react_ttc_monitored,256.0,repeated_action,reasoning_p_hack,128,22,0.00593255543703863,0.0026276673221473255,-0.0033048881148913046
LlamaControl,pick_and_place_simple,react_ttc_monitored,256.0,repeated_action,action_p_hack,128,22,0.0035854414732395604,0.000988139826779332,-0.0025973016464602284
LlamaControl,pick_and_place_simple,react_ttc_monitored,256.0,examine_loop,reasoning_entropy_mean,131,19,0.2996102969711141,0.301106361698371,0.0014960647272569405
LlamaControl,pick_and_place_simple,react_ttc_monitored,256.0,examine_loop,action_entropy_mean,131,19,0.17341564581941718,0.14003894190534846,-0.03337670391406872
LlamaControl,pick_and_place_simple,react_ttc_monitored,256.0,examine_loop,reasoning_p_hack,131,19,0.00598576151678409,0.0017390009647089448,-0.004246760552075146
LlamaControl,pick_and_place_simple,react_ttc_monitored,256.0,examine_loop,action_p_hack,131,19,0.003507140999545828,0.0011179007275423972,-0.0023892402720034306
LlamaControl,pick_and_place_simple,react_ttc_monitored,256.0,no_progress_window,reasoning_entropy_mean,12,138,0.35263916548986246,0.2952050709391786,-0.05743409455068388
LlamaControl,pick_and_place_simple,react_ttc_monitored,256.0,no_progress_window,action_entropy_mean,12,138,0.22817745626276711,0.16405840596660917,-0.06411905029615794
LlamaControl,pick_and_place_simple,react_ttc_monitored,256.0,no_progress_window,reasoning_p_hack,12,138,0.004507721240521903,0.005529587841608137,0.0010218666010862344
LlamaControl,pick_and_place_simple,react_ttc_monitored,256.0,no_progress_window,action_p_hack,12,138,8.986987575485094e-05,0.0034753416395271798,0.003385471763772329
LlamaControl,pick_and_place_simple,react_ttc_monitored,256.0,reward_irrelevant_action,reasoning_entropy_mean,96,54,0.30290426648652624,0.2942807443107126,-0.008623522175813636
LlamaControl,pick_and_place_simple,react_ttc_monitored,256.0,reward_irrelevant_action,action_entropy_mean,96,54,0.17621261884592568,0.15669959424697047,-0.01951302459895521
LlamaControl,pick_and_place_simple,react_ttc_monitored,256.0,reward_irrelevant_action,reasoning_p_hack,96,54,0.005350288295423882,0.0056212611234720935,0.00027097282804821113
LlamaControl,pick_and_place_simple,react_ttc_monitored,256.0,reward_irrelevant_action,action_p_hack,96,54,0.0034387448260996428,0.00278807558256006,-0.0006506692435395826
LlamaControl,pick_and_place_simple,react_ttc_monitored,256.0,ineffective_action,reasoning_entropy_mean,96,54,0.30290426648652624,0.2942807443107126,-0.008623522175813636
LlamaControl,pick_and_place_simple,react_ttc_monitored,256.0,ineffective_action,action_entropy_mean,96,54,0.17621261884592568,0.15669959424697047,-0.01951302459895521
LlamaControl,pick_and_place_simple,react_ttc_monitored,256.0,ineffective_action,reasoning_p_hack,96,54,0.005350288295423882,0.0056212611234720935,0.00027097282804821113
LlamaControl,pick_and_place_simple,react_ttc_monitored,256.0,ineffective_action,action_p_hack,96,54,0.0034387448260996428,0.00278807558256006,-0.0006506692435395826
LlamaHack,pick_and_place_simple,react_baseline,,bad_action,reasoning_entropy_mean,0,0,,,
LlamaHack,pick_and_place_simple,react_baseline,,bad_action,action_entropy_mean,0,0,,,
LlamaHack,pick_and_place_simple,react_baseline,,bad_action,reasoning_p_hack,0,0,,,
LlamaHack,pick_and_place_simple,react_baseline,,bad_action,action_p_hack,0,0,,,
LlamaHack,pick_and_place_simple,react_baseline,,repeated_action,reasoning_entropy_mean,0,0,,,
LlamaHack,pick_and_place_simple,react_baseline,,repeated_action,action_entropy_mean,0,0,,,
LlamaHack,pick_and_place_simple,react_baseline,,repeated_action,reasoning_p_hack,0,0,,,
LlamaHack,pick_and_place_simple,react_baseline,,repeated_action,action_p_hack,0,0,,,
LlamaHack,pick_and_place_simple,react_baseline,,examine_loop,reasoning_entropy_mean,0,0,,,
LlamaHack,pick_and_place_simple,react_baseline,,examine_loop,action_entropy_mean,0,0,,,
LlamaHack,pick_and_place_simple,react_baseline,,examine_loop,reasoning_p_hack,0,0,,,
LlamaHack,pick_and_place_simple,react_baseline,,examine_loop,action_p_hack,0,0,,,
LlamaHack,pick_and_place_simple,react_baseline,,no_progress_window,reasoning_entropy_mean,0,0,,,
LlamaHack,pick_and_place_simple,react_baseline,,no_progress_window,action_entropy_mean,0,0,,,
LlamaHack,pick_and_place_simple,react_baseline,,no_progress_window,reasoning_p_hack,0,0,,,
LlamaHack,pick_and_place_simple,react_baseline,,no_progress_window,action_p_hack,0,0,,,
LlamaHack,pick_and_place_simple,react_baseline,,reward_irrelevant_action,reasoning_entropy_mean,0,0,,,
LlamaHack,pick_and_place_simple,react_baseline,,reward_irrelevant_action,action_entropy_mean,0,0,,,
LlamaHack,pick_and_place_simple,react_baseline,,reward_irrelevant_action,reasoning_p_hack,0,0,,,
LlamaHack,pick_and_place_simple,react_baseline,,reward_irrelevant_action,action_p_hack,0,0,,,
LlamaHack,pick_and_place_simple,react_baseline,,ineffective_action,reasoning_entropy_mean,0,0,,,
LlamaHack,pick_and_place_simple,react_baseline,,ineffective_action,action_entropy_mean,0,0,,,
LlamaHack,pick_and_place_simple,react_baseline,,ineffective_action,reasoning_p_hack,0,0,,,
LlamaHack,pick_and_place_simple,react_baseline,,ineffective_action,action_p_hack,0,0,,,
LlamaHack,pick_and_place_simple,react_ttc_monitored,8.0,bad_action,reasoning_entropy_mean,99,51,0.15125565691227544,0.16838804091921117,0.01713238400693573
LlamaHack,pick_and_place_simple,react_ttc_monitored,8.0,bad_action,action_entropy_mean,99,51,0.01986987803556817,0.011657615407184685,-0.008212262628383486
LlamaHack,pick_and_place_simple,react_ttc_monitored,8.0,bad_action,reasoning_p_hack,99,51,0.756872195060009,0.7192284176213081,-0.037643777438700954
LlamaHack,pick_and_place_simple,react_ttc_monitored,8.0,bad_action,action_p_hack,99,51,0.7083132315642705,0.632903350861204,-0.07540988070306653
LlamaHack,pick_and_place_simple,react_ttc_monitored,8.0,repeated_action,reasoning_entropy_mean,128,22,0.15503609596646323,0.1689763562494429,0.013940260282979677
LlamaHack,pick_and_place_simple,react_ttc_monitored,8.0,repeated_action,action_entropy_mean,128,22,0.018847962857899084,0.0067780484307538745,-0.012069914427145209
LlamaHack,pick_and_place_simple,react_ttc_monitored,8.0,repeated_action,reasoning_p_hack,128,22,0.744161224466428,0.743561812632947,-0.0005994118334810006
LlamaHack,pick_and_place_simple,react_ttc_monitored,8.0,repeated_action,action_p_hack,128,22,0.6795644521647817,0.7007650428041875,0.021200590639405825
LlamaHack,pick_and_place_simple,react_ttc_monitored,8.0,examine_loop,reasoning_entropy_mean,147,3,0.15644732102914052,0.18811464330379427,0.03166732227465374
LlamaHack,pick_and_place_simple,react_ttc_monitored,8.0,examine_loop,action_entropy_mean,147,3,0.016985245651070742,0.02160840019342282,0.004623154542352077
LlamaHack,pick_and_place_simple,react_ttc_monitored,8.0,examine_loop,reasoning_p_hack,147,3,0.7445590121157073,0.7202739428728818,-0.024285069242825474
LlamaHack,pick_and_place_simple,react_ttc_monitored,8.0,examine_loop,action_p_hack,147,3,0.6834282588944343,0.6457089204341173,-0.03771933846031694
LlamaHack,pick_and_place_simple,react_ttc_monitored,8.0,no_progress_window,reasoning_entropy_mean,12,138,0.2090458091437881,0.15256195950340276,-0.05648384964038533
LlamaHack,pick_and_place_simple,react_ttc_monitored,8.0,no_progress_window,action_entropy_mean,12,138,0.018442749286733156,0.016959009564107754,-0.0014837397226254018
LlamaHack,pick_and_place_simple,react_ttc_monitored,8.0,no_progress_window,reasoning_p_hack,12,138,0.7725960156702923,0.7415930755187254,-0.031002940151566905
LlamaHack,pick_and_place_simple,react_ttc_monitored,8.0,no_progress_window,action_p_hack,12,138,0.709030721121512,0.6803819722125075,-0.028648748909004484
LlamaHack,pick_and_place_simple,react_ttc_monitored,8.0,reward_irrelevant_action,reasoning_entropy_mean,130,20,0.1527539461246204,0.18520435624971937,0.03245041012509897
LlamaHack,pick_and_place_simple,react_ttc_monitored,8.0,reward_irrelevant_action,action_entropy_mean,130,20,0.016994365461093855,0.017619440067273343,0.0006250746061794883
LlamaHack,pick_and_place_simple,react_ttc_monitored,8.0,reward_irrelevant_action,reasoning_p_hack,130,20,0.7478595040794075,0.7194630539652315,-0.02839645011417602
LlamaHack,pick_and_place_simple,react_ttc_monitored,8.0,reward_irrelevant_action,action_p_hack,130,20,0.6879672768783641,0.6482667412298422,-0.03970053564852194
LlamaHack,pick_and_place_simple,react_ttc_monitored,8.0,ineffective_action,reasoning_entropy_mean,130,20,0.1527539461246204,0.18520435624971937,0.03245041012509897
LlamaHack,pick_and_place_simple,react_ttc_monitored,8.0,ineffective_action,action_entropy_mean,130,20,0.016994365461093855,0.017619440067273343,0.0006250746061794883
LlamaHack,pick_and_place_simple,react_ttc_monitored,8.0,ineffective_action,reasoning_p_hack,130,20,0.7478595040794075,0.7194630539652315,-0.02839645011417602
LlamaHack,pick_and_place_simple,react_ttc_monitored,8.0,ineffective_action,action_p_hack,130,20,0.6879672768783641,0.6482667412298422,-0.03970053564852194
LlamaHack,pick_and_place_simple,react_ttc_monitored,16.0,bad_action,reasoning_entropy_mean,71,79,0.16935460896751153,0.11936396405911907,-0.04999064490839246
LlamaHack,pick_and_place_simple,react_ttc_monitored,16.0,bad_action,action_entropy_mean,71,79,0.011570990674415542,0.007077847865412133,-0.004493142809003409
LlamaHack,pick_and_place_simple,react_ttc_monitored,16.0,bad_action,reasoning_p_hack,71,79,0.7785418702206948,0.7516469666422383,-0.026894903578456475
LlamaHack,pick_and_place_simple,react_ttc_monitored,16.0,bad_action,action_p_hack,71,79,0.7385849052304334,0.6697672745275787,-0.06881763070285474
LlamaHack,pick_and_place_simple,react_ttc_monitored,16.0,repeated_action,reasoning_entropy_mean,112,38,0.14883244940585966,0.1259130543133539,-0.022919395092505762
LlamaHack,pick_and_place_simple,react_ttc_monitored,16.0,repeated_action,action_entropy_mean,112,38,0.010506258663972921,0.005368140760160395,-0.005138117903812526
LlamaHack,pick_and_place_simple,react_ttc_monitored,16.0,repeated_action,reasoning_p_hack,112,38,0.769913087919922,0.7480609816677602,-0.021852106252161718
LlamaHack,pick_and_place_simple,react_ttc_monitored,16.0,repeated_action,action_p_hack,112,38,0.710569958114873,0.6780870434256239,-0.03248291468924913
LlamaHack,pick_and_place_simple,react_ttc_monitored,16.0,examine_loop,reasoning_entropy_mean,147,3,0.1428700016125376,0.15068005344023222,0.00781005182769462
LlamaHack,pick_and_place_simple,react_ttc_monitored,16.0,examine_loop,action_entropy_mean,147,3,0.009183077508101996,0.010259308520022931,0.0010762310119209351
LlamaHack,pick_and_place_simple,react_ttc_monitored,16.0,examine_loop,reasoning_p_hack,147,3,0.7648539226616884,0.7410188397126539,-0.02383508294903447
LlamaHack,pick_and_place_simple,react_ttc_monitored,16.0,examine_loop,action_p_hack,147,3,0.7020966429811829,0.7143121469351982,0.012215503954015272
LlamaHack,pick_and_place_simple,react_ttc_monitored,16.0,no_progress_window,reasoning_entropy_mean,12,138,0.22680439690519613,0.13574114227899545,-0.09106325462620068
LlamaHack,pick_and_place_simple,react_ttc_monitored,16.0,no_progress_window,action_entropy_mean,12,138,0.010290227981239767,0.00911019988026221,-0.0011800281009775575
LlamaHack,pick_and_place_simple,react_ttc_monitored,16.0,no_progress_window,reasoning_p_hack,12,138,0.7813660521969376,0.7628999313336442,-0.018466120863293356
LlamaHack,pick_and_place_simple,react_ttc_monitored,16.0,no_progress_window,action_p_hack,12,138,0.7347506266087294,0.699522720577788,-0.03522790603094139
LlamaHack,pick_and_place_simple,react_ttc_monitored,16.0,reward_irrelevant_action,reasoning_entropy_mean,136,14,0.13899133132504032,0.18222209551130333,0.04323076418626301
LlamaHack,pick_and_place_simple,react_ttc_monitored,16.0,reward_irrelevant_action,action_entropy_mean,136,14,0.009653847689067296,0.004840502395564973,-0.004813345293502323
LlamaHack,pick_and_place_simple,react_ttc_monitored,16.0,reward_irrelevant_action,reasoning_p_hack,136,14,0.7657787130789316,0.7507627265479596,-0.015015986530972025
LlamaHack,pick_and_place_simple,react_ttc_monitored,16.0,reward_irrelevant_action,action_p_hack,136,14,0.7020917322266852,0.7047619554435922,0.0026702232169070195
LlamaHack,pick_and_place_simple,react_ttc_monitored,16.0,ineffective_action,reasoning_entropy_mean,136,14,0.13899133132504032,0.18222209551130333,0.04323076418626301
LlamaHack,pick_and_place_simple,react_ttc_monitored,16.0,ineffective_action,action_entropy_mean,136,14,0.009653847689067296,0.004840502395564973,-0.004813345293502323
LlamaHack,pick_and_place_simple,react_ttc_monitored,16.0,ineffective_action,reasoning_p_hack,136,14,0.7657787130789316,0.7507627265479596,-0.015015986530972025
LlamaHack,pick_and_place_simple,react_ttc_monitored,16.0,ineffective_action,action_p_hack,136,14,0.7020917322266852,0.7047619554435922,0.0026702232169070195
LlamaHack,pick_and_place_simple,react_ttc_monitored,32.0,bad_action,reasoning_entropy_mean,78,72,0.16531227567477622,0.14096618420920276,-0.024346091465573455
LlamaHack,pick_and_place_simple,react_ttc_monitored,32.0,bad_action,action_entropy_mean,78,72,0.0064783543856266786,0.009493943746219816,0.0030155893605931378
LlamaHack,pick_and_place_simple,react_ttc_monitored,32.0,bad_action,reasoning_p_hack,78,72,0.753274366805957,0.721077381321517,-0.032196985484440055
LlamaHack,pick_and_place_simple,react_ttc_monitored,32.0,bad_action,action_p_hack,78,72,0.7304403209534585,0.6533361600736272,-0.0771041608798313
LlamaHack,pick_and_place_simple,react_ttc_monitored,32.0,repeated_action,reasoning_entropy_mean,114,36,0.15415781786497718,0.15194254247465955,-0.002215275390317628
LlamaHack,pick_and_place_simple,react_ttc_monitored,32.0,repeated_action,action_entropy_mean,114,36,0.008255484261068133,0.00688195516791501,-0.0013735290931531224
LlamaHack,pick_and_place_simple,react_ttc_monitored,32.0,repeated_action,reasoning_p_hack,114,36,0.7386926950354099,0.7350556897771425,-0.0036370052582673784
LlamaHack,pick_and_place_simple,react_ttc_monitored,32.0,repeated_action,action_p_hack,114,36,0.6973605421766034,0.6809846319871703,-0.016375910189433074
LlamaHack,pick_and_place_simple,react_ttc_monitored,32.0,examine_loop,reasoning_entropy_mean,147,3,0.15312388177481692,0.17823738159901922,0.0251134998242023
LlamaHack,pick_and_place_simple,react_ttc_monitored,32.0,examine_loop,action_entropy_mean,147,3,0.0078420492626243,0.012031450066978602,0.004189400804354303
LlamaHack,pick_and_place_simple,react_ttc_monitored,32.0,examine_loop,reasoning_p_hack,147,3,0.7394317470875041,0.6588350813835859,-0.08059666570391821
LlamaHack,pick_and_place_simple,react_ttc_monitored,32.0,examine_loop,action_p_hack,147,3,0.6940658745628181,0.6622883329788843,-0.031777541583933755
LlamaHack,pick_and_place_simple,react_ttc_monitored,32.0,no_progress_window,reasoning_entropy_mean,12,138,0.2892597999429239,0.14183192149550763,-0.14742787844741626
LlamaHack,pick_and_place_simple,react_ttc_monitored,32.0,no_progress_window,action_entropy_mean,12,138,0.01091443908076166,0.007665958861141795,-0.0032484802196198646
LlamaHack,pick_and_place_simple,react_ttc_monitored,32.0,no_progress_window,reasoning_p_hack,12,138,0.7460473667952123,0.7371043743802269,-0.008942992414985418
LlamaHack,pick_and_place_simple,react_ttc_monitored,32.0,no_progress_window,action_p_hack,12,138,0.7148758503519709,0.691565495329328,-0.023310355022642892
LlamaHack,pick_and_place_simple,react_ttc_monitored,32.0,reward_irrelevant_action,reasoning_entropy_mean,132,18,0.1487074438117325,0.18969667680813618,0.04098923299640367
LlamaHack,pick_and_place_simple,react_ttc_monitored,32.0,reward_irrelevant_action,action_entropy_mean,132,18,0.007744637559931697,0.009254635216429073,0.0015099976564973763
LlamaHack,pick_and_place_simple,react_ttc_monitored,32.0,reward_irrelevant_action,reasoning_p_hack,132,18,0.7423168281180434,0.7048417085795636,-0.03747511953847982
LlamaHack,pick_and_place_simple,react_ttc_monitored,32.0,reward_irrelevant_action,action_p_hack,132,18,0.6949249870223626,0.6824694595955036,-0.012455527426858959
LlamaHack,pick_and_place_simple,react_ttc_monitored,32.0,ineffective_action,reasoning_entropy_mean,132,18,0.1487074438117325,0.18969667680813618,0.04098923299640367
LlamaHack,pick_and_place_simple,react_ttc_monitored,32.0,ineffective_action,action_entropy_mean,132,18,0.007744637559931697,0.009254635216429073,0.0015099976564973763
LlamaHack,pick_and_place_simple,react_ttc_monitored,32.0,ineffective_action,reasoning_p_hack,132,18,0.7423168281180434,0.7048417085795636,-0.03747511953847982
LlamaHack,pick_and_place_simple,react_ttc_monitored,32.0,ineffective_action,action_p_hack,132,18,0.6949249870223626,0.6824694595955036,-0.012455527426858959
LlamaHack,pick_and_place_simple,react_ttc_monitored,64.0,bad_action,reasoning_entropy_mean,79,71,0.14680984469453556,0.11378495710137916,-0.0330248875931564
LlamaHack,pick_and_place_simple,react_ttc_monitored,64.0,bad_action,action_entropy_mean,79,71,0.005465007828893791,0.0075796508608991535,0.002114643032005362
LlamaHack,pick_and_place_simple,react_ttc_monitored,64.0,bad_action,reasoning_p_hack,79,71,0.7816231322555923,0.7458162287814607,-0.035806903474131624
LlamaHack,pick_and_place_simple,react_ttc_monitored,64.0,bad_action,action_p_hack,79,71,0.7387930859702135,0.6553219489018681,-0.08347113706834541
LlamaHack,pick_and_place_simple,react_ttc_monitored,64.0,repeated_action,reasoning_entropy_mean,122,28,0.13039923772220358,0.13457152439133543,0.004172286669131858
LlamaHack,pick_and_place_simple,react_ttc_monitored,64.0,repeated_action,action_entropy_mean,122,28,0.006921271415712232,0.0044819898889127555,-0.002439281526799476
LlamaHack,pick_and_place_simple,react_ttc_monitored,64.0,repeated_action,reasoning_p_hack,122,28,0.7677553332598449,0.7512510369276573,-0.01650429633218764
LlamaHack,pick_and_place_simple,react_ttc_monitored,64.0,repeated_action,action_p_hack,122,28,0.7022156821403893,0.6865071050911432,-0.01570857704924611
LlamaHack,pick_and_place_simple,react_ttc_monitored,64.0,examine_loop,reasoning_entropy_mean,148,2,0.1306544416594957,0.16992615973043235,0.039271718070936656
LlamaHack,pick_and_place_simple,react_ttc_monitored,64.0,examine_loop,action_entropy_mean,148,2,0.006295788445505203,0.01905706983583973,0.012761281390334528
LlamaHack,pick_and_place_simple,react_ttc_monitored,64.0,examine_loop,reasoning_p_hack,148,2,0.764668867779162,0.7650936301797628,0.00042476240060085324
LlamaHack,pick_and_place_simple,react_ttc_monitored,64.0,examine_loop,action_p_hack,148,2,0.698778018833017,0.7366826881965001,0.03790466936348302
LlamaHack,pick_and_place_simple,react_ttc_monitored,64.0,no_progress_window,reasoning_entropy_mean,12,138,0.21335374356837347,0.12403235334960687,-0.0893213902187666
LlamaHack,pick_and_place_simple,react_ttc_monitored,64.0,no_progress_window,action_entropy_mean,12,138,0.006092907607096233,0.0064983763646470636,0.0004054687575508302
LlamaHack,pick_and_place_simple,react_ttc_monitored,64.0,no_progress_window,reasoning_p_hack,12,138,0.7655214853756007,0.7646008830954223,-0.0009206022801784286
LlamaHack,pick_and_place_simple,react_ttc_monitored,64.0,no_progress_window,action_p_hack,12,138,0.7518618262535522,0.6947113786133109,-0.05715044764024135
LlamaHack,pick_and_place_simple,react_ttc_monitored,64.0,reward_irrelevant_action,reasoning_entropy_mean,135,15,0.12424616881141733,0.19356512636832612,0.0693189575569088
LlamaHack,pick_and_place_simple,react_ttc_monitored,64.0,reward_irrelevant_action,action_entropy_mean,135,15,0.005488596097160482,0.015262023765985629,0.009773427668825146
LlamaHack,pick_and_place_simple,react_ttc_monitored,64.0,reward_irrelevant_action,reasoning_p_hack,135,15,0.7655960900030645,0.7563805027507866,-0.00921558725227789
LlamaHack,pick_and_place_simple,react_ttc_monitored,64.0,reward_irrelevant_action,action_p_hack,135,15,0.6981365718676773,0.7096049974362054,0.011468425568528118
LlamaHack,pick_and_place_simple,react_ttc_monitored,64.0,ineffective_action,reasoning_entropy_mean,135,15,0.12424616881141733,0.19356512636832612,0.0693189575569088
LlamaHack,pick_and_place_simple,react_ttc_monitored,64.0,ineffective_action,action_entropy_mean,135,15,0.005488596097160482,0.015262023765985629,0.009773427668825146
LlamaHack,pick_and_place_simple,react_ttc_monitored,64.0,ineffective_action,reasoning_p_hack,135,15,0.7655960900030645,0.7563805027507866,-0.00921558725227789
LlamaHack,pick_and_place_simple,react_ttc_monitored,64.0,ineffective_action,action_p_hack,135,15,0.6981365718676773,0.7096049974362054,0.011468425568528118
LlamaHack,pick_and_place_simple,react_ttc_monitored,128.0,bad_action,reasoning_entropy_mean,76,74,0.18971504212298776,0.12268660383019288,-0.06702843829279488
LlamaHack,pick_and_place_simple,react_ttc_monitored,128.0,bad_action,action_entropy_mean,76,74,0.010231252088184107,0.004473136072727306,-0.005758116015456801
LlamaHack,pick_and_place_simple,react_ttc_monitored,128.0,bad_action,reasoning_p_hack,76,74,0.7750555003865386,0.7350512549873495,-0.04000424539918912
LlamaHack,pick_and_place_simple,react_ttc_monitored,128.0,bad_action,action_p_hack,76,74,0.7298314186164139,0.6607876680653538,-0.06904375055106005
LlamaHack,pick_and_place_simple,react_ttc_monitored,128.0,repeated_action,reasoning_entropy_mean,118,32,0.16051103127269514,0.14240156858135367,-0.018109462691341477
LlamaHack,pick_and_place_simple,react_ttc_monitored,128.0,repeated_action,action_entropy_mean,118,32,0.008607043020421305,0.002904879739815582,-0.005702163280605723
LlamaHack,pick_and_place_simple,react_ttc_monitored,128.0,repeated_action,reasoning_p_hack,118,32,0.7583704501169188,0.7440718057701369,-0.014298644346781963
LlamaHack,pick_and_place_simple,react_ttc_monitored,128.0,repeated_action,action_p_hack,118,32,0.6933613561650654,0.7046511007564342,0.011289744591368778
LlamaHack,pick_and_place_simple,react_ttc_monitored,128.0,examine_loop,reasoning_entropy_mean,144,6,0.15461458370239126,0.20544197193950067,0.05082738823710942
LlamaHack,pick_and_place_simple,react_ttc_monitored,128.0,examine_loop,action_entropy_mean,144,6,0.007505711264919595,0.004627467655898461,-0.002878243609021134
LlamaHack,pick_and_place_simple,react_ttc_monitored,128.0,examine_loop,reasoning_p_hack,144,6,0.7566548377846881,0.7232857095742865,-0.03336912821040161
LlamaHack,pick_and_place_simple,react_ttc_monitored,128.0,examine_loop,action_p_hack,144,6,0.695828127877642,0.6943708062171936,-0.0014573216604484296
LlamaHack,pick_and_place_simple,react_ttc_monitored,128.0,no_progress_window,reasoning_entropy_mean,12,138,0.29434209415912876,0.1446742518468971,-0.14966784231223165
LlamaHack,pick_and_place_simple,react_ttc_monitored,128.0,no_progress_window,action_entropy_mean,12,138,0.012100999251806051,0.006980979978711159,-0.005120019273094892
LlamaHack,pick_and_place_simple,react_ttc_monitored,128.0,no_progress_window,reasoning_p_hack,12,138,0.7704613735794913,0.7540034377933833,-0.01645793578610799
LlamaHack,pick_and_place_simple,react_ttc_monitored,128.0,no_progress_window,action_p_hack,12,138,0.732421627430807,0.6925827226269127,-0.03983890480389429
LlamaHack,pick_and_place_simple,react_ttc_monitored,128.0,reward_irrelevant_action,reasoning_entropy_mean,126,24,0.1521137636868072,0.1804507358434848,0.028336972156677603
LlamaHack,pick_and_place_simple,react_ttc_monitored,128.0,reward_irrelevant_action,action_entropy_mean,126,24,0.008026411858992635,0.004052472243780869,-0.003973939615211765
LlamaHack,pick_and_place_simple,react_ttc_monitored,128.0,reward_irrelevant_action,reasoning_p_hack,126,24,0.7584199495705973,0.7390457188560641,-0.019374230714533258
LlamaHack,pick_and_place_simple,react_ttc_monitored,128.0,reward_irrelevant_action,action_p_hack,126,24,0.6987670530164405,0.6800344404838388,-0.018732612532601722
LlamaHack,pick_and_place_simple,react_ttc_monitored,128.0,ineffective_action,reasoning_entropy_mean,126,24,0.1521137636868072,0.1804507358434848,0.028336972156677603
LlamaHack,pick_and_place_simple,react_ttc_monitored,128.0,ineffective_action,action_entropy_mean,126,24,0.008026411858992635,0.004052472243780869,-0.003973939615211765
LlamaHack,pick_and_place_simple,react_ttc_monitored,128.0,ineffective_action,reasoning_p_hack,126,24,0.7584199495705973,0.7390457188560641,-0.019374230714533258
LlamaHack,pick_and_place_simple,react_ttc_monitored,128.0,ineffective_action,action_p_hack,126,24,0.6987670530164405,0.6800344404838388,-0.018732612532601722
LlamaHack,pick_and_place_simple,react_ttc_monitored,256.0,bad_action,reasoning_entropy_mean,82,68,0.15785011298002172,0.1029348076310988,-0.054915305348922916
LlamaHack,pick_and_place_simple,react_ttc_monitored,256.0,bad_action,action_entropy_mean,82,68,0.013871513851685382,0.010374468186478733,-0.003497045665206649
LlamaHack,pick_and_place_simple,react_ttc_monitored,256.0,bad_action,reasoning_p_hack,82,68,0.7575946011544289,0.721377445048216,-0.0362171561062129
LlamaHack,pick_and_place_simple,react_ttc_monitored,256.0,bad_action,action_p_hack,82,68,0.7223164654358503,0.646580368279184,-0.0757360971566663
LlamaHack,pick_and_place_simple,react_ttc_monitored,256.0,repeated_action,reasoning_entropy_mean,123,27,0.13206223151971233,0.13702302616118076,0.0049607946414684245
LlamaHack,pick_and_place_simple,react_ttc_monitored,256.0,repeated_action,action_entropy_mean,123,27,0.012438910933622092,0.011590441766045848,-0.0008484691675762438
LlamaHack,pick_and_place_simple,react_ttc_monitored,256.0,repeated_action,reasoning_p_hack,123,27,0.7484332850055447,0.7081159074911052,-0.040317377514439534
LlamaHack,pick_and_place_simple,react_ttc_monitored,256.0,repeated_action,action_p_hack,123,27,0.695626614325583,0.6531608017287964,-0.04246581259678661
LlamaHack,pick_and_place_simple,react_ttc_monitored,256.0,examine_loop,reasoning_entropy_mean,148,2,0.13203115507981325,0.20133261573206745,0.0693014606522542
LlamaHack,pick_and_place_simple,react_ttc_monitored,256.0,examine_loop,action_entropy_mean,148,2,0.011749118694390841,0.052029202874455414,0.040280084180064575
LlamaHack,pick_and_place_simple,react_ttc_monitored,256.0,examine_loop,reasoning_p_hack,148,2,0.7409021125217602,0.7614554523606785,0.020553339838918272
LlamaHack,pick_and_place_simple,react_ttc_monitored,256.0,examine_loop,action_p_hack,148,2,0.688624871363827,0.6404671234389147,-0.04815774792491234
LlamaHack,pick_and_place_simple,react_ttc_monitored,256.0,no_progress_window,reasoning_entropy_mean,12,138,0.22691875089310265,0.12478442878666135,-0.1021343221064413
LlamaHack,pick_and_place_simple,react_ttc_monitored,256.0,no_progress_window,action_entropy_mean,12,138,0.02304415300030076,0.011350711134167725,-0.011693441866133036
LlamaHack,pick_and_place_simple,react_ttc_monitored,256.0,no_progress_window,reasoning_p_hack,12,138,0.75000296111389,0.7404086088737332,-0.009594352240156812
LlamaHack,pick_and_place_simple,react_ttc_monitored,256.0,no_progress_window,action_p_hack,12,138,0.7089822678501525,0.6861567245979884,-0.022825543252164127
LlamaHack,pick_and_place_simple,react_ttc_monitored,256.0,reward_irrelevant_action,reasoning_entropy_mean,138,12,0.13082420153996577,0.157461364230102,0.026637162690136246
LlamaHack,pick_and_place_simple,react_ttc_monitored,256.0,reward_irrelevant_action,action_entropy_mean,138,12,0.0114710543671308,0.02166020582122541,0.01018915145409461
LlamaHack,pick_and_place_simple,react_ttc_monitored,256.0,reward_irrelevant_action,reasoning_p_hack,138,12,0.7412377974956837,0.7404672919614574,-0.0007705055342263067
LlamaHack,pick_and_place_simple,react_ttc_monitored,256.0,reward_irrelevant_action,action_p_hack,138,12,0.6848492190703036,0.7240185814185276,0.03916936234822399
LlamaHack,pick_and_place_simple,react_ttc_monitored,256.0,ineffective_action,reasoning_entropy_mean,138,12,0.13082420153996577,0.157461364230102,0.026637162690136246
LlamaHack,pick_and_place_simple,react_ttc_monitored,256.0,ineffective_action,action_entropy_mean,138,12,0.0114710543671308,0.02166020582122541,0.01018915145409461
LlamaHack,pick_and_place_simple,react_ttc_monitored,256.0,ineffective_action,reasoning_p_hack,138,12,0.7412377974956837,0.7404672919614574,-0.0007705055342263067
LlamaHack,pick_and_place_simple,react_ttc_monitored,256.0,ineffective_action,action_p_hack,138,12,0.6848492190703036,0.7240185814185276,0.03916936234822399
QwenControl,pick_and_place_simple,react_baseline,,bad_action,reasoning_entropy_mean,0,0,,,
QwenControl,pick_and_place_simple,react_baseline,,bad_action,action_entropy_mean,0,0,,,
QwenControl,pick_and_place_simple,react_baseline,,bad_action,reasoning_p_hack,0,0,,,
QwenControl,pick_and_place_simple,react_baseline,,bad_action,action_p_hack,0,0,,,
QwenControl,pick_and_place_simple,react_baseline,,repeated_action,reasoning_entropy_mean,0,0,,,
QwenControl,pick_and_place_simple,react_baseline,,repeated_action,action_entropy_mean,0,0,,,
QwenControl,pick_and_place_simple,react_baseline,,repeated_action,reasoning_p_hack,0,0,,,
QwenControl,pick_and_place_simple,react_baseline,,repeated_action,action_p_hack,0,0,,,
QwenControl,pick_and_place_simple,react_baseline,,examine_loop,reasoning_entropy_mean,0,0,,,
QwenControl,pick_and_place_simple,react_baseline,,examine_loop,action_entropy_mean,0,0,,,
QwenControl,pick_and_place_simple,react_baseline,,examine_loop,reasoning_p_hack,0,0,,,
QwenControl,pick_and_place_simple,react_baseline,,examine_loop,action_p_hack,0,0,,,
QwenControl,pick_and_place_simple,react_baseline,,no_progress_window,reasoning_entropy_mean,0,0,,,
QwenControl,pick_and_place_simple,react_baseline,,no_progress_window,action_entropy_mean,0,0,,,
QwenControl,pick_and_place_simple,react_baseline,,no_progress_window,reasoning_p_hack,0,0,,,
QwenControl,pick_and_place_simple,react_baseline,,no_progress_window,action_p_hack,0,0,,,
QwenControl,pick_and_place_simple,react_baseline,,reward_irrelevant_action,reasoning_entropy_mean,0,0,,,
QwenControl,pick_and_place_simple,react_baseline,,reward_irrelevant_action,action_entropy_mean,0,0,,,
QwenControl,pick_and_place_simple,react_baseline,,reward_irrelevant_action,reasoning_p_hack,0,0,,,
QwenControl,pick_and_place_simple,react_baseline,,reward_irrelevant_action,action_p_hack,0,0,,,
QwenControl,pick_and_place_simple,react_baseline,,ineffective_action,reasoning_entropy_mean,0,0,,,
QwenControl,pick_and_place_simple,react_baseline,,ineffective_action,action_entropy_mean,0,0,,,
QwenControl,pick_and_place_simple,react_baseline,,ineffective_action,reasoning_p_hack,0,0,,,
QwenControl,pick_and_place_simple,react_baseline,,ineffective_action,action_p_hack,0,0,,,
QwenControl,pick_and_place_simple,react_ttc_monitored,8.0,bad_action,reasoning_entropy_mean,86,64,0.6953814529248684,0.6953453967204413,-3.605620442714841e-05
QwenControl,pick_and_place_simple,react_ttc_monitored,8.0,bad_action,action_entropy_mean,86,64,0.48958883361964006,0.41037674510523303,-0.07921208851440703
QwenControl,pick_and_place_simple,react_ttc_monitored,8.0,bad_action,reasoning_p_hack,86,64,0.4794575230780994,0.4154335791063377,-0.0640239439717617
QwenControl,pick_and_place_simple,react_ttc_monitored,8.0,bad_action,action_p_hack,86,64,0.560961878269391,0.5545820275940405,-0.006379850675350518
QwenControl,pick_and_place_simple,react_ttc_monitored,8.0,repeated_action,reasoning_entropy_mean,119,31,0.6846866477075616,0.7363612665950682,0.051674618887506574
QwenControl,pick_and_place_simple,react_ttc_monitored,8.0,repeated_action,action_entropy_mean,119,31,0.4577079751039171,0.4484355593760593,-0.009272415727857808
QwenControl,pick_and_place_simple,react_ttc_monitored,8.0,repeated_action,reasoning_p_hack,119,31,0.45038469752255944,0.458881194914116,0.008496497391556557
QwenControl,pick_and_place_simple,react_ttc_monitored,8.0,repeated_action,action_p_hack,119,31,0.5553089665698812,0.5694904604958178,0.014181493925936595
QwenControl,pick_and_place_simple,react_ttc_monitored,8.0,examine_loop,reasoning_entropy_mean,139,11,0.6770556459264263,0.9267432325339707,0.24968758660754442
QwenControl,pick_and_place_simple,react_ttc_monitored,8.0,examine_loop,action_entropy_mean,139,11,0.4444430259426913,0.5991973429081712,0.15475431696547987
QwenControl,pick_and_place_simple,react_ttc_monitored,8.0,examine_loop,reasoning_p_hack,139,11,0.45352493787998854,0.434648152927614,-0.018876784952374548
QwenControl,pick_and_place_simple,react_ttc_monitored,8.0,examine_loop,action_p_hack,139,11,0.5548987039870896,0.6004592220891606,0.04556051810207096
QwenControl,pick_and_place_simple,react_ttc_monitored,8.0,no_progress_window,reasoning_entropy_mean,12,138,0.6148193348690256,0.7023701327769466,0.08755079790792097
QwenControl,pick_and_place_simple,react_ttc_monitored,8.0,no_progress_window,action_entropy_mean,12,138,0.5017314439238464,0.45179691341259287,-0.049934530511253516
QwenControl,pick_and_place_simple,react_ttc_monitored,8.0,no_progress_window,reasoning_p_hack,12,138,0.440899605812904,0.453118121578024,0.012218515765120008
QwenControl,pick_and_place_simple,react_ttc_monitored,8.0,no_progress_window,action_p_hack,12,138,0.6230479454296448,0.5526043184929746,-0.07044362693667017
QwenControl,pick_and_place_simple,react_ttc_monitored,8.0,reward_irrelevant_action,reasoning_entropy_mean,124,26,0.6813037369274114,0.7624325754864585,0.08112883855904707
QwenControl,pick_and_place_simple,react_ttc_monitored,8.0,reward_irrelevant_action,action_entropy_mean,124,26,0.44150181934799887,0.5239432991873887,0.08244147983938982
QwenControl,pick_and_place_simple,react_ttc_monitored,8.0,reward_irrelevant_action,reasoning_p_hack,124,26,0.4623163016202222,0.40361056333133133,-0.05870573828889086
QwenControl,pick_and_place_simple,react_ttc_monitored,8.0,reward_irrelevant_action,action_p_hack,124,26,0.5536279923343005,0.5802346249128054,0.02660663257850493
QwenControl,pick_and_place_simple,react_ttc_monitored,8.0,ineffective_action,reasoning_entropy_mean,124,26,0.6813037369274114,0.7624325754864585,0.08112883855904707
QwenControl,pick_and_place_simple,react_ttc_monitored,8.0,ineffective_action,action_entropy_mean,124,26,0.44150181934799887,0.5239432991873887,0.08244147983938982
QwenControl,pick_and_place_simple,react_ttc_monitored,8.0,ineffective_action,reasoning_p_hack,124,26,0.4623163016202222,0.40361056333133133,-0.05870573828889086
QwenControl,pick_and_place_simple,react_ttc_monitored,8.0,ineffective_action,action_p_hack,124,26,0.5536279923343005,0.5802346249128054,0.02660663257850493
QwenControl,pick_and_place_simple,react_ttc_monitored,16.0,bad_action,reasoning_entropy_mean,79,71,0.5766616604157754,0.5443032643449889,-0.0323583960707865
QwenControl,pick_and_place_simple,react_ttc_monitored,16.0,bad_action,action_entropy_mean,79,71,0.4206374892877245,0.3733114257919304,-0.0473260634957941
QwenControl,pick_and_place_simple,react_ttc_monitored,16.0,bad_action,reasoning_p_hack,79,71,0.5363545724832992,0.46760172309644105,-0.06875284938685816
QwenControl,pick_and_place_simple,react_ttc_monitored,16.0,bad_action,action_p_hack,79,71,0.595813959282489,0.5817817205645015,-0.014032238717987533
QwenControl,pick_and_place_simple,react_ttc_monitored,16.0,repeated_action,reasoning_entropy_mean,116,34,0.5683197501739516,0.5375503506224137,-0.0307693995515379
QwenControl,pick_and_place_simple,react_ttc_monitored,16.0,repeated_action,action_entropy_mean,116,34,0.4028615378550331,0.3824568968756897,-0.020404640979343414
QwenControl,pick_and_place_simple,react_ttc_monitored,16.0,repeated_action,reasoning_p_hack,116,34,0.5100315921471535,0.4825902610870037,-0.027441331060149843
QwenControl,pick_and_place_simple,react_ttc_monitored,16.0,repeated_action,action_p_hack,116,34,0.589526068198545,0.587964148010735,-0.0015619201878099842
QwenControl,pick_and_place_simple,react_ttc_monitored,16.0,examine_loop,reasoning_entropy_mean,140,10,0.5562911908170605,0.6321036226951977,0.07581243187813724
QwenControl,pick_and_place_simple,react_ttc_monitored,16.0,examine_loop,action_entropy_mean,140,10,0.3924410500386573,0.47937258795452564,0.08693153791586833
QwenControl,pick_and_place_simple,react_ttc_monitored,16.0,examine_loop,reasoning_p_hack,140,10,0.5035939696431407,0.5068577815988253,0.0032638119556845924
QwenControl,pick_and_place_simple,react_ttc_monitored,16.0,examine_loop,action_p_hack,140,10,0.5856832389239551,0.6380151494042504,0.052331910480295285
QwenControl,pick_and_place_simple,react_ttc_monitored,16.0,no_progress_window,reasoning_entropy_mean,12,138,0.5466910750301218,0.5626196379781087,0.015928562947986835
QwenControl,pick_and_place_simple,react_ttc_monitored,16.0,no_progress_window,action_entropy_mean,12,138,0.4347322783307015,0.3950629387318034,-0.03966933959889807
QwenControl,pick_and_place_simple,react_ttc_monitored,16.0,no_progress_window,reasoning_p_hack,12,138,0.521971352974671,0.5022324444226948,-0.019738908551976242
QwenControl,pick_and_place_simple,react_ttc_monitored,16.0,no_progress_window,action_p_hack,12,138,0.5756129764700456,0.5903510813460556,0.014738104876010016
QwenControl,pick_and_place_simple,react_ttc_monitored,16.0,reward_irrelevant_action,reasoning_entropy_mean,121,29,0.5378681934258575,0.6593017771314378,0.12143358370558033
QwenControl,pick_and_place_simple,react_ttc_monitored,16.0,reward_irrelevant_action,action_entropy_mean,121,29,0.37474817298035795,0.4962394467011715,0.12149127372081353
QwenControl,pick_and_place_simple,react_ttc_monitored,16.0,reward_irrelevant_action,reasoning_p_hack,121,29,0.512484198897146,0.46762570687838867,-0.04485849201875736
QwenControl,pick_and_place_simple,react_ttc_monitored,16.0,reward_irrelevant_action,action_p_hack,121,29,0.5848507156752091,0.6072023567826179,0.022351641107408837
QwenControl,pick_and_place_simple,react_ttc_monitored,16.0,ineffective_action,reasoning_entropy_mean,121,29,0.5378681934258575,0.6593017771314378,0.12143358370558033
QwenControl,pick_and_place_simple,react_ttc_monitored,16.0,ineffective_action,action_entropy_mean,121,29,0.37474817298035795,0.4962394467011715,0.12149127372081353
QwenControl,pick_and_place_simple,react_ttc_monitored,16.0,ineffective_action,reasoning_p_hack,121,29,0.512484198897146,0.46762570687838867,-0.04485849201875736
QwenControl,pick_and_place_simple,react_ttc_monitored,16.0,ineffective_action,action_p_hack,121,29,0.5848507156752091,0.6072023567826179,0.022351641107408837
QwenControl,pick_and_place_simple,react_ttc_monitored,32.0,bad_action,reasoning_entropy_mean,85,65,0.6302707263085529,0.614297427152062,-0.015973299156490817
QwenControl,pick_and_place_simple,react_ttc_monitored,32.0,bad_action,action_entropy_mean,85,65,0.44141243020599563,0.3933278625961069,-0.04808456760988872
QwenControl,pick_and_place_simple,react_ttc_monitored,32.0,bad_action,reasoning_p_hack,85,65,0.476021504625835,0.41052302453901657,-0.06549848008681841
QwenControl,pick_and_place_simple,react_ttc_monitored,32.0,bad_action,action_p_hack,85,65,0.5658414587181801,0.5136484213807917,-0.05219303733738845
QwenControl,pick_and_place_simple,react_ttc_monitored,32.0,repeated_action,reasoning_entropy_mean,132,18,0.6192993750931055,0.653045943823394,0.03374656873028847
QwenControl,pick_and_place_simple,react_ttc_monitored,32.0,repeated_action,action_entropy_mean,132,18,0.4207825390461591,0.4190595823424196,-0.0017229567037395088
QwenControl,pick_and_place_simple,react_ttc_monitored,32.0,repeated_action,reasoning_p_hack,132,18,0.4481009711535975,0.4442497942198439,-0.003851176933753586
QwenControl,pick_and_place_simple,react_ttc_monitored,32.0,repeated_action,action_p_hack,132,18,0.5429211762582904,0.5454486730390244,0.002527496780734051
QwenControl,pick_and_place_simple,react_ttc_monitored,32.0,examine_loop,reasoning_entropy_mean,142,8,0.6195591269133355,0.6906185599271754,0.07105943301383988
QwenControl,pick_and_place_simple,react_ttc_monitored,32.0,examine_loop,action_entropy_mean,142,8,0.4202685938577664,0.4260284135567157,0.005759819698949342
QwenControl,pick_and_place_simple,react_ttc_monitored,32.0,examine_loop,reasoning_p_hack,142,8,0.45279775278708717,0.3560679490582106,-0.09672980372887657
QwenControl,pick_and_place_simple,react_ttc_monitored,32.0,examine_loop,action_p_hack,142,8,0.5427589971609951,0.5514867229919349,0.008727725830939836
QwenControl,pick_and_place_simple,react_ttc_monitored,32.0,no_progress_window,reasoning_entropy_mean,12,138,0.7125413810250477,0.615593100933409,-0.0969482800916387
QwenControl,pick_and_place_simple,react_ttc_monitored,32.0,no_progress_window,action_entropy_mean,12,138,0.544332399905663,0.40981433940136675,-0.1345180605042962
QwenControl,pick_and_place_simple,react_ttc_monitored,32.0,no_progress_window,reasoning_p_hack,12,138,0.46976637366998997,0.445714695682552,-0.024051677987437958
QwenControl,pick_and_place_simple,react_ttc_monitored,32.0,no_progress_window,action_p_hack,12,138,0.6041035817433443,0.5379306405788163,-0.06617294116452799
QwenControl,pick_and_place_simple,react_ttc_monitored,32.0,reward_irrelevant_action,reasoning_entropy_mean,115,35,0.6099008664459701,0.6675355674235557,0.05763470097758561
QwenControl,pick_and_place_simple,react_ttc_monitored,32.0,reward_irrelevant_action,action_entropy_mean,115,35,0.40374009013556783,0.47589306487617883,0.072152974740611
QwenControl,pick_and_place_simple,react_ttc_monitored,32.0,reward_irrelevant_action,reasoning_p_hack,115,35,0.4683475874916057,0.3795957693342116,-0.08875181815739414
QwenControl,pick_and_place_simple,react_ttc_monitored,32.0,reward_irrelevant_action,action_p_hack,115,35,0.5447344516518894,0.5382631268808429,-0.006471324771046505
QwenControl,pick_and_place_simple,react_ttc_monitored,32.0,ineffective_action,reasoning_entropy_mean,115,35,0.6099008664459701,0.6675355674235557,0.05763470097758561
QwenControl,pick_and_place_simple,react_ttc_monitored,32.0,ineffective_action,action_entropy_mean,115,35,0.40374009013556783,0.47589306487617883,0.072152974740611
QwenControl,pick_and_place_simple,react_ttc_monitored,32.0,ineffective_action,reasoning_p_hack,115,35,0.4683475874916057,0.3795957693342116,-0.08875181815739414
QwenControl,pick_and_place_simple,react_ttc_monitored,32.0,ineffective_action,action_p_hack,115,35,0.5447344516518894,0.5382631268808429,-0.006471324771046505
QwenControl,pick_and_place_simple,react_ttc_monitored,64.0,bad_action,reasoning_entropy_mean,96,54,0.6414835505782109,0.6661395393284777,0.024655988750266755
QwenControl,pick_and_place_simple,react_ttc_monitored,64.0,bad_action,action_entropy_mean,96,54,0.465331145004183,0.46027229123860125,-0.005058853765581739
QwenControl,pick_and_place_simple,react_ttc_monitored,64.0,bad_action,reasoning_p_hack,96,54,0.5069135202398379,0.45570575001725167,-0.05120777022258627
QwenControl,pick_and_place_simple,react_ttc_monitored,64.0,bad_action,action_p_hack,96,54,0.6041882283526422,0.5868289926856415,-0.017359235667000705
QwenControl,pick_and_place_simple,react_ttc_monitored,64.0,repeated_action,reasoning_entropy_mean,126,24,0.6324069819562724,0.7446115105314887,0.11220452857521623
QwenControl,pick_and_place_simple,react_ttc_monitored,64.0,repeated_action,action_entropy_mean,126,24,0.44645845104686555,0.5530303673075405,0.10657191626067497
QwenControl,pick_and_place_simple,react_ttc_monitored,64.0,repeated_action,reasoning_p_hack,126,24,0.49355049319615957,0.4618519292183307,-0.031698563977828886
QwenControl,pick_and_place_simple,react_ttc_monitored,64.0,repeated_action,action_p_hack,126,24,0.5992481774856067,0.5910652151538266,-0.008182962331780064
QwenControl,pick_and_place_simple,react_ttc_monitored,64.0,examine_loop,reasoning_entropy_mean,143,7,0.6418300637062582,0.824608124178736,0.1827780604724778
QwenControl,pick_and_place_simple,react_ttc_monitored,64.0,examine_loop,action_entropy_mean,143,7,0.4609483420463199,0.5158401049517545,0.05489176290543457
QwenControl,pick_and_place_simple,react_ttc_monitored,64.0,examine_loop,reasoning_p_hack,143,7,0.4937120196063683,0.38156994860648163,-0.11214207099988666
QwenControl,pick_and_place_simple,react_ttc_monitored,64.0,examine_loop,action_p_hack,143,7,0.5989100181625098,0.578100418519913,-0.020809599642596766
QwenControl,pick_and_place_simple,react_ttc_monitored,64.0,no_progress_window,reasoning_entropy_mean,12,138,0.7579533908503201,0.6410037339785668,-0.1169496568717533
QwenControl,pick_and_place_simple,react_ttc_monitored,64.0,no_progress_window,action_entropy_mean,12,138,0.5475314508754915,0.45620374084623283,-0.09132771002925866
QwenControl,pick_and_place_simple,react_ttc_monitored,64.0,no_progress_window,reasoning_p_hack,12,138,0.46489066488661995,0.49052985844432306,0.02563919355770311
QwenControl,pick_and_place_simple,react_ttc_monitored,64.0,no_progress_window,action_p_hack,12,138,0.6424250911684736,0.594070539368526,-0.04835455179994752
QwenControl,pick_and_place_simple,react_ttc_monitored,64.0,reward_irrelevant_action,reasoning_entropy_mean,114,36,0.6240739486510892,0.7335979398061636,0.10952399115507438
QwenControl,pick_and_place_simple,react_ttc_monitored,64.0,reward_irrelevant_action,action_entropy_mean,114,36,0.43926485285539596,0.540286122826969,0.10102126997157301
QwenControl,pick_and_place_simple,react_ttc_monitored,64.0,reward_irrelevant_action,reasoning_p_hack,114,36,0.5107069759033531,0.4180892553048272,-0.09261772059852591
QwenControl,pick_and_place_simple,react_ttc_monitored,64.0,reward_irrelevant_action,action_p_hack,114,36,0.6020032927372906,0.5850683376340876,-0.016934955103202975
QwenControl,pick_and_place_simple,react_ttc_monitored,64.0,ineffective_action,reasoning_entropy_mean,114,36,0.6240739486510892,0.7335979398061636,0.10952399115507438
QwenControl,pick_and_place_simple,react_ttc_monitored,64.0,ineffective_action,action_entropy_mean,114,36,0.43926485285539596,0.540286122826969,0.10102126997157301
QwenControl,pick_and_place_simple,react_ttc_monitored,64.0,ineffective_action,reasoning_p_hack,114,36,0.5107069759033531,0.4180892553048272,-0.09261772059852591
QwenControl,pick_and_place_simple,react_ttc_monitored,64.0,ineffective_action,action_p_hack,114,36,0.6020032927372906,0.5850683376340876,-0.016934955103202975
QwenControl,pick_and_place_simple,react_ttc_monitored,128.0,bad_action,reasoning_entropy_mean,76,74,0.6558139868382968,0.6260781724686513,-0.029735814369645563
QwenControl,pick_and_place_simple,react_ttc_monitored,128.0,bad_action,action_entropy_mean,76,74,0.5546394753682338,0.43042643181342893,-0.12421304355480484
QwenControl,pick_and_place_simple,react_ttc_monitored,128.0,bad_action,reasoning_p_hack,76,74,0.5111566655496,0.4578688736695449,-0.05328779188005517
QwenControl,pick_and_place_simple,react_ttc_monitored,128.0,bad_action,action_p_hack,76,74,0.5705329914507281,0.5674059630157078,-0.0031270284350203292
QwenControl,pick_and_place_simple,react_ttc_monitored,128.0,repeated_action,reasoning_entropy_mean,125,25,0.6223062183097113,0.735334818947074,0.11302860063736264
QwenControl,pick_and_place_simple,react_ttc_monitored,128.0,repeated_action,action_entropy_mean,125,25,0.4967381319960535,0.4764755833069128,-0.02026254868914068
QwenControl,pick_and_place_simple,react_ttc_monitored,128.0,repeated_action,reasoning_p_hack,125,25,0.4921396917148991,0.4485096707581418,-0.043630020956757276
QwenControl,pick_and_place_simple,react_ttc_monitored,128.0,repeated_action,action_p_hack,125,25,0.5723036079145614,0.552423904963902,-0.019879702950659328
QwenControl,pick_and_place_simple,react_ttc_monitored,128.0,examine_loop,reasoning_entropy_mean,141,9,0.6323851840150686,0.7783707573628975,0.1459855733478289
QwenControl,pick_and_place_simple,react_ttc_monitored,128.0,examine_loop,action_entropy_mean,141,9,0.4911648357997651,0.5277682482680706,0.03660341246830545
QwenControl,pick_and_place_simple,react_ttc_monitored,128.0,examine_loop,reasoning_p_hack,141,9,0.49365778072590705,0.34716179455144935,-0.1464959861744577
QwenControl,pick_and_place_simple,react_ttc_monitored,128.0,examine_loop,action_p_hack,141,9,0.5688619781601312,0.5710010769821349,0.0021390988220036933
QwenControl,pick_and_place_simple,react_ttc_monitored,128.0,no_progress_window,reasoning_entropy_mean,12,138,0.5600692664053476,0.6481943229385984,0.08812505653325076
QwenControl,pick_and_place_simple,react_ttc_monitored,128.0,no_progress_window,action_entropy_mean,12,138,0.4351319902968715,0.49842443622186267,0.06329244592499117
QwenControl,pick_and_place_simple,react_ttc_monitored,128.0,no_progress_window,reasoning_p_hack,12,138,0.5192971410906462,0.4818741850741172,-0.03742295601652895
QwenControl,pick_and_place_simple,react_ttc_monitored,128.0,no_progress_window,action_p_hack,12,138,0.6257598518615678,0.5640538434136153,-0.06170600844795249
QwenControl,pick_and_place_simple,react_ttc_monitored,128.0,reward_irrelevant_action,reasoning_entropy_mean,114,36,0.6223175147484414,0.7007625300296787,0.07844501528123726
QwenControl,pick_and_place_simple,react_ttc_monitored,128.0,reward_irrelevant_action,action_entropy_mean,114,36,0.4777847407497527,0.5426859899085472,0.06490124915879453
QwenControl,pick_and_place_simple,react_ttc_monitored,128.0,reward_irrelevant_action,reasoning_p_hack,114,36,0.5150587571833283,0.38926402540045835,-0.12579473178286993
QwenControl,pick_and_place_simple,react_ttc_monitored,128.0,reward_irrelevant_action,action_p_hack,114,36,0.5719808344166717,0.5595203747199209,-0.012460459696750803
QwenControl,pick_and_place_simple,react_ttc_monitored,128.0,ineffective_action,reasoning_entropy_mean,114,36,0.6223175147484414,0.7007625300296787,0.07844501528123726
QwenControl,pick_and_place_simple,react_ttc_monitored,128.0,ineffective_action,action_entropy_mean,114,36,0.4777847407497527,0.5426859899085472,0.06490124915879453
QwenControl,pick_and_place_simple,react_ttc_monitored,128.0,ineffective_action,reasoning_p_hack,114,36,0.5150587571833283,0.38926402540045835,-0.12579473178286993
QwenControl,pick_and_place_simple,react_ttc_monitored,128.0,ineffective_action,action_p_hack,114,36,0.5719808344166717,0.5595203747199209,-0.012460459696750803
QwenControl,pick_and_place_simple,react_ttc_monitored,256.0,bad_action,reasoning_entropy_mean,89,61,0.6001423403456425,0.570134044204241,-0.030008296141401547
QwenControl,pick_and_place_simple,react_ttc_monitored,256.0,bad_action,action_entropy_mean,89,61,0.4520023149505162,0.36369339927843214,-0.08830891567208404
QwenControl,pick_and_place_simple,react_ttc_monitored,256.0,bad_action,reasoning_p_hack,89,61,0.4854248179086402,0.4031221134532153,-0.08230270445542492
QwenControl,pick_and_place_simple,react_ttc_monitored,256.0,bad_action,action_p_hack,89,61,0.5666184252343269,0.4845591141332659,-0.08205931110106102
QwenControl,pick_and_place_simple,react_ttc_monitored,256.0,repeated_action,reasoning_entropy_mean,131,19,0.5813650515749162,0.6332643805740449,0.051899328999128636
QwenControl,pick_and_place_simple,react_ttc_monitored,256.0,repeated_action,action_entropy_mean,131,19,0.417491059012099,0.4064302450523859,-0.01106081395971309
QwenControl,pick_and_place_simple,react_ttc_monitored,256.0,repeated_action,reasoning_p_hack,131,19,0.46382374825438766,0.3701235101679118,-0.09370023808647587
QwenControl,pick_and_place_simple,react_ttc_monitored,256.0,repeated_action,action_p_hack,131,19,0.5424473672073372,0.46981793178016684,-0.07262943542717037
QwenControl,pick_and_place_simple,react_ttc_monitored,256.0,examine_loop,reasoning_entropy_mean,141,9,0.5832280952559702,0.6617426173476749,0.07851452209170473
QwenControl,pick_and_place_simple,react_ttc_monitored,256.0,examine_loop,action_entropy_mean,141,9,0.41546106848833153,0.42594363663617213,0.010482568147840599
QwenControl,pick_and_place_simple,react_ttc_monitored,256.0,examine_loop,reasoning_p_hack,141,9,0.4571592994937386,0.3704218317664405,-0.08673746772729812
QwenControl,pick_and_place_simple,react_ttc_monitored,256.0,examine_loop,action_p_hack,141,9,0.5366110027779986,0.48055493514294984,-0.05605606763504872
QwenControl,pick_and_place_simple,react_ttc_monitored,256.0,no_progress_window,reasoning_entropy_mean,12,138,0.663610750380225,0.5813588114685376,-0.08225193891168736
QwenControl,pick_and_place_simple,react_ttc_monitored,256.0,no_progress_window,action_entropy_mean,12,138,0.4824812219916827,0.4103168748020298,-0.07216434718965292
QwenControl,pick_and_place_simple,react_ttc_monitored,256.0,no_progress_window,reasoning_p_hack,12,138,0.4882397133211098,0.44879986343957823,-0.0394398498815316
QwenControl,pick_and_place_simple,react_ttc_monitored,256.0,no_progress_window,action_p_hack,12,138,0.5922681203422447,0.5281154229266477,-0.06415269741559704
QwenControl,pick_and_place_simple,react_ttc_monitored,256.0,reward_irrelevant_action,reasoning_entropy_mean,125,25,0.5717420008377762,0.6689237952999544,0.09718179446217823
QwenControl,pick_and_place_simple,react_ttc_monitored,256.0,reward_irrelevant_action,action_entropy_mean,125,25,0.3995623807116124,0.4987282319051502,0.09916585119353782
QwenControl,pick_and_place_simple,react_ttc_monitored,256.0,reward_irrelevant_action,reasoning_p_hack,125,25,0.46518540450051893,0.38580328607800973,-0.0793821184225092
QwenControl,pick_and_place_simple,react_ttc_monitored,256.0,reward_irrelevant_action,action_p_hack,125,25,0.5371469479475702,0.513751092581522,-0.023395855366048268
QwenControl,pick_and_place_simple,react_ttc_monitored,256.0,ineffective_action,reasoning_entropy_mean,125,25,0.5717420008377762,0.6689237952999544,0.09718179446217823
QwenControl,pick_and_place_simple,react_ttc_monitored,256.0,ineffective_action,action_entropy_mean,125,25,0.3995623807116124,0.4987282319051502,0.09916585119353782
QwenControl,pick_and_place_simple,react_ttc_monitored,256.0,ineffective_action,reasoning_p_hack,125,25,0.46518540450051893,0.38580328607800973,-0.0793821184225092
QwenControl,pick_and_place_simple,react_ttc_monitored,256.0,ineffective_action,action_p_hack,125,25,0.5371469479475702,0.513751092581522,-0.023395855366048268
QwenHack,pick_and_place_simple,react_baseline,,bad_action,reasoning_entropy_mean,0,0,,,
QwenHack,pick_and_place_simple,react_baseline,,bad_action,action_entropy_mean,0,0,,,
QwenHack,pick_and_place_simple,react_baseline,,bad_action,reasoning_p_hack,0,0,,,
QwenHack,pick_and_place_simple,react_baseline,,bad_action,action_p_hack,0,0,,,
QwenHack,pick_and_place_simple,react_baseline,,repeated_action,reasoning_entropy_mean,0,0,,,
QwenHack,pick_and_place_simple,react_baseline,,repeated_action,action_entropy_mean,0,0,,,
QwenHack,pick_and_place_simple,react_baseline,,repeated_action,reasoning_p_hack,0,0,,,
QwenHack,pick_and_place_simple,react_baseline,,repeated_action,action_p_hack,0,0,,,
QwenHack,pick_and_place_simple,react_baseline,,examine_loop,reasoning_entropy_mean,0,0,,,
QwenHack,pick_and_place_simple,react_baseline,,examine_loop,action_entropy_mean,0,0,,,
QwenHack,pick_and_place_simple,react_baseline,,examine_loop,reasoning_p_hack,0,0,,,
QwenHack,pick_and_place_simple,react_baseline,,examine_loop,action_p_hack,0,0,,,
QwenHack,pick_and_place_simple,react_baseline,,no_progress_window,reasoning_entropy_mean,0,0,,,
QwenHack,pick_and_place_simple,react_baseline,,no_progress_window,action_entropy_mean,0,0,,,
QwenHack,pick_and_place_simple,react_baseline,,no_progress_window,reasoning_p_hack,0,0,,,
QwenHack,pick_and_place_simple,react_baseline,,no_progress_window,action_p_hack,0,0,,,
QwenHack,pick_and_place_simple,react_baseline,,reward_irrelevant_action,reasoning_entropy_mean,0,0,,,
QwenHack,pick_and_place_simple,react_baseline,,reward_irrelevant_action,action_entropy_mean,0,0,,,
QwenHack,pick_and_place_simple,react_baseline,,reward_irrelevant_action,reasoning_p_hack,0,0,,,
QwenHack,pick_and_place_simple,react_baseline,,reward_irrelevant_action,action_p_hack,0,0,,,
QwenHack,pick_and_place_simple,react_baseline,,ineffective_action,reasoning_entropy_mean,0,0,,,
QwenHack,pick_and_place_simple,react_baseline,,ineffective_action,action_entropy_mean,0,0,,,
QwenHack,pick_and_place_simple,react_baseline,,ineffective_action,reasoning_p_hack,0,0,,,
QwenHack,pick_and_place_simple,react_baseline,,ineffective_action,action_p_hack,0,0,,,
QwenHack,pick_and_place_simple,react_ttc_monitored,8.0,bad_action,reasoning_entropy_mean,98,52,0.4569657291664544,0.25901350850241517,-0.19795222066403922
QwenHack,pick_and_place_simple,react_ttc_monitored,8.0,bad_action,action_entropy_mean,98,52,0.6083766627395184,0.4219326898492826,-0.1864439728902358
QwenHack,pick_and_place_simple,react_ttc_monitored,8.0,bad_action,reasoning_p_hack,98,52,0.9511217082344698,0.9676617200789981,0.016540011844528246
QwenHack,pick_and_place_simple,react_ttc_monitored,8.0,bad_action,action_p_hack,98,52,0.9825381606592787,0.9890342053680958,0.00649604470881715
QwenHack,pick_and_place_simple,react_ttc_monitored,8.0,repeated_action,reasoning_entropy_mean,116,34,0.4099324568062021,0.3146817326740786,-0.09525072413212349
QwenHack,pick_and_place_simple,react_ttc_monitored,8.0,repeated_action,action_entropy_mean,116,34,0.5600742942573047,0.4880233731408276,-0.0720509211164771
QwenHack,pick_and_place_simple,react_ttc_monitored,8.0,repeated_action,reasoning_p_hack,116,34,0.955978981806164,0.959846322399144,0.0038673405929799953
QwenHack,pick_and_place_simple,react_ttc_monitored,8.0,repeated_action,action_p_hack,116,34,0.9838065084222894,0.988145983728374,0.004339475306084584
QwenHack,pick_and_place_simple,react_ttc_monitored,8.0,examine_loop,reasoning_entropy_mean,150,0,0.3883422926695874,,
QwenHack,pick_and_place_simple,react_ttc_monitored,8.0,examine_loop,action_entropy_mean,150,0,0.54374275213757,,
QwenHack,pick_and_place_simple,react_ttc_monitored,8.0,examine_loop,reasoning_p_hack,150,0,0.9568555790072397,,
QwenHack,pick_and_place_simple,react_ttc_monitored,8.0,examine_loop,action_p_hack,150,0,0.9847901228250021,,
QwenHack,pick_and_place_simple,react_ttc_monitored,8.0,no_progress_window,reasoning_entropy_mean,12,138,0.911480738650067,0.342851993019111,-0.568628745630956
QwenHack,pick_and_place_simple,react_ttc_monitored,8.0,no_progress_window,action_entropy_mean,12,138,0.7280299347457624,0.5277177797368575,-0.20031215500890487
QwenHack,pick_and_place_simple,react_ttc_monitored,8.0,no_progress_window,reasoning_p_hack,12,138,0.9833051387398016,0.9545556172913645,-0.02874952144843712
QwenHack,pick_and_place_simple,react_ttc_monitored,8.0,no_progress_window,action_p_hack,12,138,0.9897143577417684,0.9843619284844135,-0.005352429257354907
QwenHack,pick_and_place_simple,react_ttc_monitored,8.0,reward_irrelevant_action,reasoning_entropy_mean,148,2,0.3896099999248487,0.2945319557802577,-0.09507804414459098
QwenHack,pick_and_place_simple,react_ttc_monitored,8.0,reward_irrelevant_action,action_entropy_mean,148,2,0.5406705124940069,0.7710884857612352,0.23041797326722835
QwenHack,pick_and_place_simple,react_ttc_monitored,8.0,reward_irrelevant_action,reasoning_p_hack,148,2,0.9567920401160206,0.9615574569574424,0.004765416841421843
QwenHack,pick_and_place_simple,react_ttc_monitored,8.0,reward_irrelevant_action,action_p_hack,148,2,0.9847864021838402,0.9850654502709707,0.000279048087130529
QwenHack,pick_and_place_simple,react_ttc_monitored,8.0,ineffective_action,reasoning_entropy_mean,148,2,0.3896099999248487,0.2945319557802577,-0.09507804414459098
QwenHack,pick_and_place_simple,react_ttc_monitored,8.0,ineffective_action,action_entropy_mean,148,2,0.5406705124940069,0.7710884857612352,0.23041797326722835
QwenHack,pick_and_place_simple,react_ttc_monitored,8.0,ineffective_action,reasoning_p_hack,148,2,0.9567920401160206,0.9615574569574424,0.004765416841421843
QwenHack,pick_and_place_simple,react_ttc_monitored,8.0,ineffective_action,action_p_hack,148,2,0.9847864021838402,0.9850654502709707,0.000279048087130529
QwenHack,pick_and_place_simple,react_ttc_monitored,16.0,bad_action,reasoning_entropy_mean,105,45,0.5202565510948928,0.42593865887724924,-0.09431789221764353
QwenHack,pick_and_place_simple,react_ttc_monitored,16.0,bad_action,action_entropy_mean,105,45,0.7139151561455015,0.6899497328823274,-0.02396542326317408
QwenHack,pick_and_place_simple,react_ttc_monitored,16.0,bad_action,reasoning_p_hack,105,45,0.9503660123723996,0.9497169933910932,-0.0006490189813064262
QwenHack,pick_and_place_simple,react_ttc_monitored,16.0,bad_action,action_p_hack,105,45,0.9802278946708388,0.9807564238628382,0.0005285291919994162
QwenHack,pick_and_place_simple,react_ttc_monitored,16.0,repeated_action,reasoning_entropy_mean,112,38,0.5035641759038116,0.4577628898213963,-0.04580128608241535
QwenHack,pick_and_place_simple,react_ttc_monitored,16.0,repeated_action,action_entropy_mean,112,38,0.7008901373940277,0.7239245786013494,0.023034441207321676
QwenHack,pick_and_place_simple,react_ttc_monitored,16.0,repeated_action,reasoning_p_hack,112,38,0.9519804627475371,0.9448390572099208,-0.00714140553761633
QwenHack,pick_and_place_simple,react_ttc_monitored,16.0,repeated_action,action_p_hack,112,38,0.9810772773220526,0.9783503408998925,-0.0027269364221601533
QwenHack,pick_and_place_simple,react_ttc_monitored,16.0,examine_loop,reasoning_entropy_mean,149,1,0.4900255829363976,0.7803656569167288,0.2903400739803312
QwenHack,pick_and_place_simple,react_ttc_monitored,16.0,examine_loop,action_entropy_mean,149,1,0.7053304139810034,0.914597691812863,0.2092672778318596
QwenHack,pick_and_place_simple,react_ttc_monitored,16.0,examine_loop,reasoning_p_hack,149,1,0.9500513844325548,0.9680397212505341,0.01798833681797929
QwenHack,pick_and_place_simple,react_ttc_monitored,16.0,examine_loop,action_p_hack,149,1,0.9802680829213084,0.99802365899086,0.017755576069551582
QwenHack,pick_and_place_simple,react_ttc_monitored,16.0,no_progress_window,reasoning_entropy_mean,12,138,0.7674536854264629,0.46800531369074205,-0.2994483717357208
QwenHack,pick_and_place_simple,react_ttc_monitored,16.0,no_progress_window,action_entropy_mean,12,138,0.7054584624002307,0.7068357088853595,0.0013772464851288246
QwenHack,pick_and_place_simple,react_ttc_monitored,16.0,no_progress_window,reasoning_p_hack,12,138,0.9595463879051662,0.9493560822234722,-0.01019030568169399
QwenHack,pick_and_place_simple,react_ttc_monitored,16.0,no_progress_window,action_p_hack,12,138,0.9838957921380089,0.98008129354065,-0.0038144985973589396
QwenHack,pick_and_place_simple,react_ttc_monitored,16.0,reward_irrelevant_action,reasoning_entropy_mean,145,5,0.4960264794435914,0.3740675990238395,-0.12195888041975189
QwenHack,pick_and_place_simple,react_ttc_monitored,16.0,reward_irrelevant_action,action_entropy_mean,145,5,0.7046110823545316,0.7680444867150593,0.06343340436052769
QwenHack,pick_and_place_simple,react_ttc_monitored,16.0,reward_irrelevant_action,reasoning_p_hack,145,5,0.9496363725167988,0.9656843973530662,0.016048024836267438
QwenHack,pick_and_place_simple,react_ttc_monitored,16.0,reward_irrelevant_action,action_p_hack,145,5,0.9799422873030547,0.9932672710645767,0.013324983761522025
QwenHack,pick_and_place_simple,react_ttc_monitored,16.0,ineffective_action,reasoning_entropy_mean,145,5,0.4960264794435914,0.3740675990238395,-0.12195888041975189
QwenHack,pick_and_place_simple,react_ttc_monitored,16.0,ineffective_action,action_entropy_mean,145,5,0.7046110823545316,0.7680444867150593,0.06343340436052769
QwenHack,pick_and_place_simple,react_ttc_monitored,16.0,ineffective_action,reasoning_p_hack,145,5,0.9496363725167988,0.9656843973530662,0.016048024836267438
QwenHack,pick_and_place_simple,react_ttc_monitored,16.0,ineffective_action,action_p_hack,145,5,0.9799422873030547,0.9932672710645767,0.013324983761522025
QwenHack,pick_and_place_simple,react_ttc_monitored,32.0,bad_action,reasoning_entropy_mean,58,92,0.6037844519337001,0.37530630341703103,-0.2284781485166691
QwenHack,pick_and_place_simple,react_ttc_monitored,32.0,bad_action,action_entropy_mean,58,92,0.7564165412489542,0.3904461165895054,-0.3659704246594488
QwenHack,pick_and_place_simple,react_ttc_monitored,32.0,bad_action,reasoning_p_hack,58,92,0.9679019590344542,0.9851701298925439,0.017268170858089738
QwenHack,pick_and_place_simple,react_ttc_monitored,32.0,bad_action,action_p_hack,58,92,0.9900409334044054,0.9945887330379606,0.004547799633555227
QwenHack,pick_and_place_simple,react_ttc_monitored,32.0,repeated_action,reasoning_entropy_mean,90,60,0.5009159602638811,0.40775402837953595,-0.09316193188434513
QwenHack,pick_and_place_simple,react_ttc_monitored,32.0,repeated_action,action_entropy_mean,90,60,0.567789228998216,0.47820285848057315,-0.0895863705176429
QwenHack,pick_and_place_simple,react_ttc_monitored,32.0,repeated_action,reasoning_p_hack,90,60,0.9741458639960573,0.9850139635744536,0.010868099578396295
QwenHack,pick_and_place_simple,react_ttc_monitored,32.0,repeated_action,action_p_hack,90,60,0.9905295358566695,0.9962813224974606,0.005751786640791123
QwenHack,pick_and_place_simple,react_ttc_monitored,32.0,examine_loop,reasoning_entropy_mean,150,0,0.46365118751014306,,
QwenHack,pick_and_place_simple,react_ttc_monitored,32.0,examine_loop,action_entropy_mean,150,0,0.5319546807911589,,
QwenHack,pick_and_place_simple,react_ttc_monitored,32.0,examine_loop,reasoning_p_hack,150,0,0.9784931038274158,,
QwenHack,pick_and_place_simple,react_ttc_monitored,32.0,examine_loop,action_p_hack,150,0,0.992830250512986,,
QwenHack,pick_and_place_simple,react_ttc_monitored,32.0,no_progress_window,reasoning_entropy_mean,12,138,1.0990931348611506,0.4083953660013598,-0.6906977688597908
QwenHack,pick_and_place_simple,react_ttc_monitored,32.0,no_progress_window,action_entropy_mean,12,138,1.1196141901641294,0.4808538538891615,-0.6387603362749679
QwenHack,pick_and_place_simple,react_ttc_monitored,32.0,no_progress_window,reasoning_p_hack,12,138,0.9818869148239138,0.9781979898277204,-0.0036889249961933324
QwenHack,pick_and_place_simple,react_ttc_monitored,32.0,no_progress_window,action_p_hack,12,138,0.9924704852558318,0.9928615344483908,0.00039104919255894544
QwenHack,pick_and_place_simple,react_ttc_monitored,32.0,reward_irrelevant_action,reasoning_entropy_mean,148,2,0.46027554203640275,0.713448952566921,0.25317341053051823
QwenHack,pick_and_place_simple,react_ttc_monitored,32.0,reward_irrelevant_action,action_entropy_mean,148,2,0.5294945211454246,0.7140064945754906,0.18451197343006598
QwenHack,pick_and_place_simple,react_ttc_monitored,32.0,reward_irrelevant_action,reasoning_p_hack,148,2,0.9784646800773358,0.9805964613333344,0.002131781255998666
QwenHack,pick_and_place_simple,react_ttc_monitored,32.0,reward_irrelevant_action,action_p_hack,148,2,0.9928633324178643,0.9903821895519892,-0.0024811428658750856
QwenHack,pick_and_place_simple,react_ttc_monitored,32.0,ineffective_action,reasoning_entropy_mean,143,7,0.44584215416264195,0.82746429732338,0.38162214316073806
QwenHack,pick_and_place_simple,react_ttc_monitored,32.0,ineffective_action,action_entropy_mean,143,7,0.4897071356151725,1.3950116751005963,0.9053045394854238
QwenHack,pick_and_place_simple,react_ttc_monitored,32.0,ineffective_action,reasoning_p_hack,143,7,0.9784839517304103,0.9786800680948156,0.00019611636440530766
QwenHack,pick_and_place_simple,react_ttc_monitored,32.0,ineffective_action,action_p_hack,143,7,0.9926698094461506,0.9961078323069072,0.003438022860756673
QwenHack,pick_and_place_simple,react_ttc_monitored,64.0,bad_action,reasoning_entropy_mean,46,104,0.45581293536572504,0.3409221764142669,-0.11489075895145812
QwenHack,pick_and_place_simple,react_ttc_monitored,64.0,bad_action,action_entropy_mean,46,104,0.5337389418779688,0.2838650827429817,-0.24987385913498705
QwenHack,pick_and_place_simple,react_ttc_monitored,64.0,bad_action,reasoning_p_hack,46,104,0.9751654905438469,0.9863385324156035,0.011173041871756606
QwenHack,pick_and_place_simple,react_ttc_monitored,64.0,bad_action,action_p_hack,46,104,0.9880951581796628,0.9932463454996874,0.005151187320024619
QwenHack,pick_and_place_simple,react_ttc_monitored,64.0,repeated_action,reasoning_entropy_mean,69,81,0.4004097412380065,0.3554941880059836,-0.0449155532320229
QwenHack,pick_and_place_simple,react_ttc_monitored,64.0,repeated_action,action_entropy_mean,69,81,0.434906950128886,0.29710346139214233,-0.1378034887367437
QwenHack,pick_and_place_simple,react_ttc_monitored,64.0,repeated_action,reasoning_p_hack,69,81,0.9772860945639164,0.9877046840904876,0.010418589526571265
QwenHack,pick_and_place_simple,react_ttc_monitored,64.0,repeated_action,action_p_hack,69,81,0.9887332406113525,0.9941654766178848,0.005432236006532309
QwenHack,pick_and_place_simple,react_ttc_monitored,64.0,examine_loop,reasoning_entropy_mean,150,0,0.37615534249271404,,
QwenHack,pick_and_place_simple,react_ttc_monitored,64.0,examine_loop,action_entropy_mean,150,0,0.3604930662110444,,
QwenHack,pick_and_place_simple,react_ttc_monitored,64.0,examine_loop,reasoning_p_hack,150,0,0.9829121329082647,,
QwenHack,pick_and_place_simple,react_ttc_monitored,64.0,examine_loop,action_p_hack,150,0,0.9916666480548798,,
QwenHack,pick_and_place_simple,react_ttc_monitored,64.0,no_progress_window,reasoning_entropy_mean,12,138,0.5540152656752199,0.3606892622159744,-0.19332600345924544
QwenHack,pick_and_place_simple,react_ttc_monitored,64.0,no_progress_window,action_entropy_mean,12,138,0.44654869738241404,0.3530099678483166,-0.09353872953409742
QwenHack,pick_and_place_simple,react_ttc_monitored,64.0,no_progress_window,reasoning_p_hack,12,138,0.9756832513875184,0.9835407313013732,0.00785747991385477
QwenHack,pick_and_place_simple,react_ttc_monitored,64.0,no_progress_window,action_p_hack,12,138,0.9912554692654383,0.9917024027322227,0.0004469334667843716
QwenHack,pick_and_place_simple,react_ttc_monitored,64.0,reward_irrelevant_action,reasoning_entropy_mean,124,26,0.3812784377994306,0.35172211872222053,-0.02955631907721007
QwenHack,pick_and_place_simple,react_ttc_monitored,64.0,reward_irrelevant_action,action_entropy_mean,124,26,0.38243147482731377,0.2558637328103755,-0.12656774201693827
QwenHack,pick_and_place_simple,react_ttc_monitored,64.0,reward_irrelevant_action,reasoning_p_hack,124,26,0.9811424557301088,0.9913521317579307,0.010209676027821857
QwenHack,pick_and_place_simple,react_ttc_monitored,64.0,reward_irrelevant_action,action_p_hack,124,26,0.9907255658796901,0.9961548861211692,0.00542932024147913
QwenHack,pick_and_place_simple,react_ttc_monitored,64.0,ineffective_action,reasoning_entropy_mean,124,26,0.3812784377994306,0.35172211872222053,-0.02955631907721007
QwenHack,pick_and_place_simple,react_ttc_monitored,64.0,ineffective_action,action_entropy_mean,124,26,0.38243147482731377,0.2558637328103755,-0.12656774201693827
QwenHack,pick_and_place_simple,react_ttc_monitored,64.0,ineffective_action,reasoning_p_hack,124,26,0.9811424557301088,0.9913521317579307,0.010209676027821857
QwenHack,pick_and_place_simple,react_ttc_monitored,64.0,ineffective_action,action_p_hack,124,26,0.9907255658796901,0.9961548861211692,0.00542932024147913
QwenHack,pick_and_place_simple,react_ttc_monitored,128.0,bad_action,reasoning_entropy_mean,78,72,0.47186073809313256,0.3611161489536658,-0.11074458913946678
QwenHack,pick_and_place_simple,react_ttc_monitored,128.0,bad_action,action_entropy_mean,78,72,0.6217338066977799,0.505341316828837,-0.1163924898689429
QwenHack,pick_and_place_simple,react_ttc_monitored,128.0,bad_action,reasoning_p_hack,78,72,0.9610314025697257,0.9798529109009991,0.018821508331273384
QwenHack,pick_and_place_simple,react_ttc_monitored,128.0,bad_action,action_p_hack,78,72,0.9902012932085875,0.9924247328576351,0.002223439649047587
QwenHack,pick_and_place_simple,react_ttc_monitored,128.0,repeated_action,reasoning_entropy_mean,99,51,0.43492201799888847,0.3872200100791826,-0.04770200791970586
QwenHack,pick_and_place_simple,react_ttc_monitored,128.0,repeated_action,action_entropy_mean,99,51,0.5426947262194942,0.6108438007524148,0.06814907453292063
QwenHack,pick_and_place_simple,react_ttc_monitored,128.0,repeated_action,reasoning_p_hack,99,51,0.9658419625877441,0.9782647978259581,0.01242283523821397
QwenHack,pick_and_place_simple,react_ttc_monitored,128.0,repeated_action,action_p_hack,99,51,0.9907547436400123,0.9922659218756537,0.0015111782356413972
QwenHack,pick_and_place_simple,react_ttc_monitored,128.0,examine_loop,reasoning_entropy_mean,150,0,0.41870333530618853,,
QwenHack,pick_and_place_simple,react_ttc_monitored,128.0,examine_loop,action_entropy_mean,150,0,0.5658654115606873,,
QwenHack,pick_and_place_simple,react_ttc_monitored,128.0,examine_loop,reasoning_p_hack,150,0,0.970065726568737,,
QwenHack,pick_and_place_simple,react_ttc_monitored,128.0,examine_loop,action_p_hack,150,0,0.9912685442401304,,
QwenHack,pick_and_place_simple,react_ttc_monitored,128.0,no_progress_window,reasoning_entropy_mean,12,138,0.6361197214096787,0.39979756260153715,-0.2363221588081415
QwenHack,pick_and_place_simple,react_ttc_monitored,128.0,no_progress_window,action_entropy_mean,12,138,0.5518622163326077,0.567083080710955,0.015220864378347354
QwenHack,pick_and_place_simple,react_ttc_monitored,128.0,no_progress_window,reasoning_p_hack,12,138,0.9819432119412727,0.9690329017537339,-0.012910310187538743
QwenHack,pick_and_place_simple,react_ttc_monitored,128.0,no_progress_window,action_p_hack,12,138,0.9867788024010165,0.9916589565739665,0.004880154172950069
QwenHack,pick_and_place_simple,react_ttc_monitored,128.0,reward_irrelevant_action,reasoning_entropy_mean,148,2,0.4171509311962947,0.5335812394383278,0.1164303082420331
QwenHack,pick_and_place_simple,react_ttc_monitored,128.0,reward_irrelevant_action,action_entropy_mean,148,2,0.5643801509738982,0.6757746949830713,0.11139454400917315
QwenHack,pick_and_place_simple,react_ttc_monitored,128.0,reward_irrelevant_action,reasoning_p_hack,148,2,0.9700186012123009,0.9735530029450143,0.003534401732713466
QwenHack,pick_and_place_simple,react_ttc_monitored,128.0,reward_irrelevant_action,action_p_hack,148,2,0.9915022822952754,0.9739719281593958,-0.017530354135879556
QwenHack,pick_and_place_simple,react_ttc_monitored,128.0,ineffective_action,reasoning_entropy_mean,142,8,0.4007364523715719,0.7376155073956332,0.3368790550240613
QwenHack,pick_and_place_simple,react_ttc_monitored,128.0,ineffective_action,action_entropy_mean,142,8,0.5157484422486651,1.4554416168490811,0.939693174600416
QwenHack,pick_and_place_simple,react_ttc_monitored,128.0,ineffective_action,reasoning_p_hack,142,8,0.9690646037209124,0.9878356571176222,0.018771053396709814
QwenHack,pick_and_place_simple,react_ttc_monitored,128.0,ineffective_action,action_p_hack,142,8,0.9917353799960144,0.9829822095731894,-0.008753170422824974
QwenHack,pick_and_place_simple,react_ttc_monitored,256.0,bad_action,reasoning_entropy_mean,61,89,0.48739881287695724,0.3499500513433152,-0.13744876153364205
QwenHack,pick_and_place_simple,react_ttc_monitored,256.0,bad_action,action_entropy_mean,61,89,0.6597925404570716,0.4353037537628645,-0.22448878669420708
QwenHack,pick_and_place_simple,react_ttc_monitored,256.0,bad_action,reasoning_p_hack,61,89,0.9735590280111475,0.9849786210773167,0.011419593066169242
QwenHack,pick_and_place_simple,react_ttc_monitored,256.0,bad_action,action_p_hack,61,89,0.98724421011015,0.9939237564865953,0.0066795463764453
QwenHack,pick_and_place_simple,react_ttc_monitored,256.0,repeated_action,reasoning_entropy_mean,87,63,0.4124854208944346,0.3966769926545022,-0.015808428239932393
QwenHack,pick_and_place_simple,react_ttc_monitored,256.0,repeated_action,action_entropy_mean,87,63,0.5248931294162176,0.5289472506915142,0.004054121275296585
QwenHack,pick_and_place_simple,react_ttc_monitored,256.0,repeated_action,reasoning_p_hack,87,63,0.9769524980038827,0.9850052485432285,0.008052750539345732
QwenHack,pick_and_place_simple,react_ttc_monitored,256.0,repeated_action,action_p_hack,87,63,0.9891365372358154,0.9940671810239711,0.004930643788155664
QwenHack,pick_and_place_simple,react_ttc_monitored,256.0,examine_loop,reasoning_entropy_mean,150,0,0.405845881033663,,
QwenHack,pick_and_place_simple,react_ttc_monitored,256.0,examine_loop,action_entropy_mean,150,0,0.5265958603518421,,
QwenHack,pick_and_place_simple,react_ttc_monitored,256.0,examine_loop,reasoning_p_hack,150,0,0.9803346532304079,,
QwenHack,pick_and_place_simple,react_ttc_monitored,256.0,examine_loop,action_p_hack,150,0,0.9912074076268408,,
QwenHack,pick_and_place_simple,react_ttc_monitored,256.0,no_progress_window,reasoning_entropy_mean,12,138,0.6287882191685416,0.38645959076106484,-0.2423286284074767
QwenHack,pick_and_place_simple,react_ttc_monitored,256.0,no_progress_window,action_entropy_mean,12,138,0.8035748464599323,0.5025107311250516,-0.30106411533488064
QwenHack,pick_and_place_simple,react_ttc_monitored,256.0,no_progress_window,reasoning_p_hack,12,138,0.9868836490945084,0.9797651753291817,-0.007118473765326705
QwenHack,pick_and_place_simple,react_ttc_monitored,256.0,no_progress_window,action_p_hack,12,138,0.9857200607480038,0.9916845682250006,0.005964507476996839
QwenHack,pick_and_place_simple,react_ttc_monitored,256.0,reward_irrelevant_action,reasoning_entropy_mean,149,1,0.40662844573187246,0.2892437410004537,-0.11738470473141877
QwenHack,pick_and_place_simple,react_ttc_monitored,256.0,reward_irrelevant_action,action_entropy_mean,149,1,0.5257259540803523,0.6562118948038135,0.1304859407234612
QwenHack,pick_and_place_simple,react_ttc_monitored,256.0,reward_irrelevant_action,reasoning_p_hack,149,1,0.980722170262885,0.9225946153913226,-0.058127554871562404
QwenHack,pick_and_place_simple,react_ttc_monitored,256.0,reward_irrelevant_action,action_p_hack,149,1,0.991213325542282,0.9903256382261004,-0.0008876873161816068
QwenHack,pick_and_place_simple,react_ttc_monitored,256.0,ineffective_action,reasoning_entropy_mean,144,6,0.3881300012142559,0.8310269966994325,0.4428969954851766
QwenHack,pick_and_place_simple,react_ttc_monitored,256.0,ineffective_action,action_entropy_mean,144,6,0.4829999923320049,1.5728966928279355,1.0898967004959306
QwenHack,pick_and_place_simple,react_ttc_monitored,256.0,ineffective_action,reasoning_p_hack,144,6,0.980435493831374,0.9779144788072224,-0.002521015024151585
QwenHack,pick_and_place_simple,react_ttc_monitored,256.0,ineffective_action,action_p_hack,144,6,0.9909197347889109,0.9981115557371626,0.007191820948251659
