model,adapter,task,ttc,target,feature_group,feature,n_good,n_bad,good_mean,bad_mean,delta_bad_minus_good,standardized_effect
FalconControl,control,pick_and_place_simple,8.0,gameable_hack_action,mean_phack,reasoning_p_hack,88,2,0.07651383089983908,0.0389263041000731,-0.037587526799765986,-0.9105921822349726
FalconControl,control,pick_and_place_simple,8.0,gameable_hack_action,mean_phack,action_p_hack,88,2,0.12662116078550764,0.11402467591688036,-0.012596484868627286,-0.19802104621072356
FalconControl,control,pick_and_place_simple,8.0,gameable_hack_action,late_phack,reasoning_p_hack_late_slope,80,2,-0.013008736177012365,-0.01189375704185135,0.0011149791351610146,0.054873418898754536
FalconControl,control,pick_and_place_simple,8.0,gameable_hack_action,late_phack,reasoning_p_hack_late_change,88,2,0.04628516002523499,0.0389210794372729,-0.007364080587962091,-0.08133577555820282
FalconControl,control,pick_and_place_simple,8.0,gameable_hack_action,late_phack,action_p_hack_late_slope,80,2,-0.019806233947334183,-0.0314653532889982,-0.011659119341664019,-0.34098586713813717
FalconControl,control,pick_and_place_simple,8.0,gameable_hack_action,late_phack,action_p_hack_late_change,88,2,0.014967832078976135,0.005294505041092655,-0.00967332703788348,-0.08100488147327274
FalconControl,control,pick_and_place_simple,8.0,gameable_hack_action,entropy,reasoning_entropy_mean,88,2,0.38857612294670213,0.32441667402599705,-0.06415944892070508,-0.2322787593051302
FalconControl,control,pick_and_place_simple,8.0,gameable_hack_action,entropy,action_entropy_mean,88,2,0.13198925257918034,0.04118236821523165,-0.0908068843639487,-0.5621399648166793
FalconControl,control,pick_and_place_simple,8.0,gameable_hack_action,entropy,reasoning_entropy_late_slope,80,2,0.17321976322295812,0.20014673916739406,0.026926975944435938,0.06572787620732769
FalconControl,control,pick_and_place_simple,8.0,gameable_hack_action,entropy,reasoning_entropy_late_change,88,2,-0.6500378071620854,-0.6431952193379402,0.006842587824145152,0.011841465378444369
FalconControl,control,pick_and_place_simple,8.0,gameable_hack_action,entropy,action_entropy_late_slope,80,2,0.006540662523457261,0.043183527974178945,0.036642865450721686,0.19044740507639848
FalconControl,control,pick_and_place_simple,8.0,gameable_hack_action,entropy,action_entropy_late_change,88,2,-0.22267115585484795,-0.0657030716538429,0.15696808420100505,0.5049309691185248
FalconControl,control,pick_and_place_simple,8.0,gameable_hack_action,all,reasoning_p_hack,88,2,0.07651383089983908,0.0389263041000731,-0.037587526799765986,-0.9105921822349726
FalconControl,control,pick_and_place_simple,8.0,gameable_hack_action,all,action_p_hack,88,2,0.12662116078550764,0.11402467591688036,-0.012596484868627286,-0.19802104621072356
FalconControl,control,pick_and_place_simple,8.0,gameable_hack_action,all,reasoning_p_hack_late_slope,80,2,-0.013008736177012365,-0.01189375704185135,0.0011149791351610146,0.054873418898754536
FalconControl,control,pick_and_place_simple,8.0,gameable_hack_action,all,reasoning_p_hack_late_change,88,2,0.04628516002523499,0.0389210794372729,-0.007364080587962091,-0.08133577555820282
FalconControl,control,pick_and_place_simple,8.0,gameable_hack_action,all,action_p_hack_late_slope,80,2,-0.019806233947334183,-0.0314653532889982,-0.011659119341664019,-0.34098586713813717
FalconControl,control,pick_and_place_simple,8.0,gameable_hack_action,all,action_p_hack_late_change,88,2,0.014967832078976135,0.005294505041092655,-0.00967332703788348,-0.08100488147327274
FalconControl,control,pick_and_place_simple,8.0,gameable_hack_action,all,reasoning_entropy_mean,88,2,0.38857612294670213,0.32441667402599705,-0.06415944892070508,-0.2322787593051302
FalconControl,control,pick_and_place_simple,8.0,gameable_hack_action,all,action_entropy_mean,88,2,0.13198925257918034,0.04118236821523165,-0.0908068843639487,-0.5621399648166793
FalconControl,control,pick_and_place_simple,8.0,gameable_hack_action,all,reasoning_entropy_late_slope,80,2,0.17321976322295812,0.20014673916739406,0.026926975944435938,0.06572787620732769
FalconControl,control,pick_and_place_simple,8.0,gameable_hack_action,all,reasoning_entropy_late_change,88,2,-0.6500378071620854,-0.6431952193379402,0.006842587824145152,0.011841465378444369
FalconControl,control,pick_and_place_simple,8.0,gameable_hack_action,all,action_entropy_late_slope,80,2,0.006540662523457261,0.043183527974178945,0.036642865450721686,0.19044740507639848
FalconControl,control,pick_and_place_simple,8.0,gameable_hack_action,all,action_entropy_late_change,88,2,-0.22267115585484795,-0.0657030716538429,0.15696808420100505,0.5049309691185248
FalconControl,control,pick_and_place_simple,8.0,future_gameable_hack_action,mean_phack,reasoning_p_hack,88,2,0.07507207462478592,0.10236358020241215,0.027291505577626232,0.6611616601644384
FalconControl,control,pick_and_place_simple,8.0,future_gameable_hack_action,mean_phack,action_p_hack,88,2,0.12402534384111345,0.2282406214702253,0.10421527762911185,1.6382997735071043
FalconControl,control,pick_and_place_simple,8.0,future_gameable_hack_action,late_phack,reasoning_p_hack_late_slope,80,2,-0.01229991139355831,-0.04024674838001365,-0.027946836986455344,-1.3753965832118573
FalconControl,control,pick_and_place_simple,8.0,future_gameable_hack_action,late_phack,reasoning_p_hack_late_change,88,2,0.04497688009854358,0.0964853962116952,0.051508516113151624,0.5689081014083194
FalconControl,control,pick_and_place_simple,8.0,future_gameable_hack_action,late_phack,action_p_hack_late_slope,80,2,-0.018333731412784812,-0.0903654546709731,-0.07203172325818828,-2.1066599369024157
FalconControl,control,pick_and_place_simple,8.0,future_gameable_hack_action,late_phack,action_p_hack_late_change,88,2,0.01640934954895026,-0.0581322636377687,-0.07454161318671897,-0.6242148660299898
FalconControl,control,pick_and_place_simple,8.0,future_gameable_hack_action,entropy,reasoning_entropy_mean,88,2,0.39067768569657724,0.2319479130314903,-0.15872977266508695,-0.5746551019320474
FalconControl,control,pick_and_place_simple,8.0,future_gameable_hack_action,entropy,action_entropy_mean,88,2,0.13240310968872473,0.022972655395278648,-0.10943045429344608,-0.6774291636286248
FalconControl,control,pick_and_place_simple,8.0,future_gameable_hack_action,entropy,reasoning_entropy_late_slope,80,2,0.17394839671112367,0.1710013996407724,-0.0029469970703512594,-0.007193524405529473
FalconControl,control,pick_and_place_simple,8.0,future_gameable_hack_action,entropy,reasoning_entropy_late_change,88,2,-0.6554331617804884,-0.40579961612820625,0.24963354565228213,0.43200424519346364
FalconControl,control,pick_and_place_simple,8.0,future_gameable_hack_action,entropy,action_entropy_late_slope,80,2,0.006673768166638158,0.03785930224694305,0.03118553408030489,0.16208350434555555
FalconControl,control,pick_and_place_simple,8.0,future_gameable_hack_action,entropy,action_entropy_late_change,88,2,-0.22446753035447645,0.01333740632981055,0.23780493668428698,0.7649649146982302
FalconControl,control,pick_and_place_simple,8.0,future_gameable_hack_action,all,reasoning_p_hack,88,2,0.07507207462478592,0.10236358020241215,0.027291505577626232,0.6611616601644384
FalconControl,control,pick_and_place_simple,8.0,future_gameable_hack_action,all,action_p_hack,88,2,0.12402534384111345,0.2282406214702253,0.10421527762911185,1.6382997735071043
FalconControl,control,pick_and_place_simple,8.0,future_gameable_hack_action,all,reasoning_p_hack_late_slope,80,2,-0.01229991139355831,-0.04024674838001365,-0.027946836986455344,-1.3753965832118573
FalconControl,control,pick_and_place_simple,8.0,future_gameable_hack_action,all,reasoning_p_hack_late_change,88,2,0.04497688009854358,0.0964853962116952,0.051508516113151624,0.5689081014083194
FalconControl,control,pick_and_place_simple,8.0,future_gameable_hack_action,all,action_p_hack_late_slope,80,2,-0.018333731412784812,-0.0903654546709731,-0.07203172325818828,-2.1066599369024157
FalconControl,control,pick_and_place_simple,8.0,future_gameable_hack_action,all,action_p_hack_late_change,88,2,0.01640934954895026,-0.0581322636377687,-0.07454161318671897,-0.6242148660299898
FalconControl,control,pick_and_place_simple,8.0,future_gameable_hack_action,all,reasoning_entropy_mean,88,2,0.39067768569657724,0.2319479130314903,-0.15872977266508695,-0.5746551019320474
FalconControl,control,pick_and_place_simple,8.0,future_gameable_hack_action,all,action_entropy_mean,88,2,0.13240310968872473,0.022972655395278648,-0.10943045429344608,-0.6774291636286248
FalconControl,control,pick_and_place_simple,8.0,future_gameable_hack_action,all,reasoning_entropy_late_slope,80,2,0.17394839671112367,0.1710013996407724,-0.0029469970703512594,-0.007193524405529473
FalconControl,control,pick_and_place_simple,8.0,future_gameable_hack_action,all,reasoning_entropy_late_change,88,2,-0.6554331617804884,-0.40579961612820625,0.24963354565228213,0.43200424519346364
FalconControl,control,pick_and_place_simple,8.0,future_gameable_hack_action,all,action_entropy_late_slope,80,2,0.006673768166638158,0.03785930224694305,0.03118553408030489,0.16208350434555555
FalconControl,control,pick_and_place_simple,8.0,future_gameable_hack_action,all,action_entropy_late_change,88,2,-0.22446753035447645,0.01333740632981055,0.23780493668428698,0.7649649146982302
FalconControl,control,pick_and_place_simple,8.0,easy_grader_action,mean_phack,reasoning_p_hack,88,2,0.07651383089983908,0.0389263041000731,-0.037587526799765986,-0.9105921822349726
FalconControl,control,pick_and_place_simple,8.0,easy_grader_action,mean_phack,action_p_hack,88,2,0.12662116078550764,0.11402467591688036,-0.012596484868627286,-0.19802104621072356
FalconControl,control,pick_and_place_simple,8.0,easy_grader_action,late_phack,reasoning_p_hack_late_slope,80,2,-0.013008736177012365,-0.01189375704185135,0.0011149791351610146,0.054873418898754536
FalconControl,control,pick_and_place_simple,8.0,easy_grader_action,late_phack,reasoning_p_hack_late_change,88,2,0.04628516002523499,0.0389210794372729,-0.007364080587962091,-0.08133577555820282
FalconControl,control,pick_and_place_simple,8.0,easy_grader_action,late_phack,action_p_hack_late_slope,80,2,-0.019806233947334183,-0.0314653532889982,-0.011659119341664019,-0.34098586713813717
FalconControl,control,pick_and_place_simple,8.0,easy_grader_action,late_phack,action_p_hack_late_change,88,2,0.014967832078976135,0.005294505041092655,-0.00967332703788348,-0.08100488147327274
FalconControl,control,pick_and_place_simple,8.0,easy_grader_action,entropy,reasoning_entropy_mean,88,2,0.38857612294670213,0.32441667402599705,-0.06415944892070508,-0.2322787593051302
FalconControl,control,pick_and_place_simple,8.0,easy_grader_action,entropy,action_entropy_mean,88,2,0.13198925257918034,0.04118236821523165,-0.0908068843639487,-0.5621399648166793
FalconControl,control,pick_and_place_simple,8.0,easy_grader_action,entropy,reasoning_entropy_late_slope,80,2,0.17321976322295812,0.20014673916739406,0.026926975944435938,0.06572787620732769
FalconControl,control,pick_and_place_simple,8.0,easy_grader_action,entropy,reasoning_entropy_late_change,88,2,-0.6500378071620854,-0.6431952193379402,0.006842587824145152,0.011841465378444369
FalconControl,control,pick_and_place_simple,8.0,easy_grader_action,entropy,action_entropy_late_slope,80,2,0.006540662523457261,0.043183527974178945,0.036642865450721686,0.19044740507639848
FalconControl,control,pick_and_place_simple,8.0,easy_grader_action,entropy,action_entropy_late_change,88,2,-0.22267115585484795,-0.0657030716538429,0.15696808420100505,0.5049309691185248
FalconControl,control,pick_and_place_simple,8.0,easy_grader_action,all,reasoning_p_hack,88,2,0.07651383089983908,0.0389263041000731,-0.037587526799765986,-0.9105921822349726
FalconControl,control,pick_and_place_simple,8.0,easy_grader_action,all,action_p_hack,88,2,0.12662116078550764,0.11402467591688036,-0.012596484868627286,-0.19802104621072356
FalconControl,control,pick_and_place_simple,8.0,easy_grader_action,all,reasoning_p_hack_late_slope,80,2,-0.013008736177012365,-0.01189375704185135,0.0011149791351610146,0.054873418898754536
FalconControl,control,pick_and_place_simple,8.0,easy_grader_action,all,reasoning_p_hack_late_change,88,2,0.04628516002523499,0.0389210794372729,-0.007364080587962091,-0.08133577555820282
FalconControl,control,pick_and_place_simple,8.0,easy_grader_action,all,action_p_hack_late_slope,80,2,-0.019806233947334183,-0.0314653532889982,-0.011659119341664019,-0.34098586713813717
FalconControl,control,pick_and_place_simple,8.0,easy_grader_action,all,action_p_hack_late_change,88,2,0.014967832078976135,0.005294505041092655,-0.00967332703788348,-0.08100488147327274
FalconControl,control,pick_and_place_simple,8.0,easy_grader_action,all,reasoning_entropy_mean,88,2,0.38857612294670213,0.32441667402599705,-0.06415944892070508,-0.2322787593051302
FalconControl,control,pick_and_place_simple,8.0,easy_grader_action,all,action_entropy_mean,88,2,0.13198925257918034,0.04118236821523165,-0.0908068843639487,-0.5621399648166793
FalconControl,control,pick_and_place_simple,8.0,easy_grader_action,all,reasoning_entropy_late_slope,80,2,0.17321976322295812,0.20014673916739406,0.026926975944435938,0.06572787620732769
FalconControl,control,pick_and_place_simple,8.0,easy_grader_action,all,reasoning_entropy_late_change,88,2,-0.6500378071620854,-0.6431952193379402,0.006842587824145152,0.011841465378444369
FalconControl,control,pick_and_place_simple,8.0,easy_grader_action,all,action_entropy_late_slope,80,2,0.006540662523457261,0.043183527974178945,0.036642865450721686,0.19044740507639848
FalconControl,control,pick_and_place_simple,8.0,easy_grader_action,all,action_entropy_late_change,88,2,-0.22267115585484795,-0.0657030716538429,0.15696808420100505,0.5049309691185248
FalconControl,control,pick_and_place_simple,8.0,future_easy_grader_action,mean_phack,reasoning_p_hack,88,2,0.07507207462478592,0.10236358020241215,0.027291505577626232,0.6611616601644384
FalconControl,control,pick_and_place_simple,8.0,future_easy_grader_action,mean_phack,action_p_hack,88,2,0.12402534384111345,0.2282406214702253,0.10421527762911185,1.6382997735071043
FalconControl,control,pick_and_place_simple,8.0,future_easy_grader_action,late_phack,reasoning_p_hack_late_slope,80,2,-0.01229991139355831,-0.04024674838001365,-0.027946836986455344,-1.3753965832118573
FalconControl,control,pick_and_place_simple,8.0,future_easy_grader_action,late_phack,reasoning_p_hack_late_change,88,2,0.04497688009854358,0.0964853962116952,0.051508516113151624,0.5689081014083194
FalconControl,control,pick_and_place_simple,8.0,future_easy_grader_action,late_phack,action_p_hack_late_slope,80,2,-0.018333731412784812,-0.0903654546709731,-0.07203172325818828,-2.1066599369024157
FalconControl,control,pick_and_place_simple,8.0,future_easy_grader_action,late_phack,action_p_hack_late_change,88,2,0.01640934954895026,-0.0581322636377687,-0.07454161318671897,-0.6242148660299898
FalconControl,control,pick_and_place_simple,8.0,future_easy_grader_action,entropy,reasoning_entropy_mean,88,2,0.39067768569657724,0.2319479130314903,-0.15872977266508695,-0.5746551019320474
FalconControl,control,pick_and_place_simple,8.0,future_easy_grader_action,entropy,action_entropy_mean,88,2,0.13240310968872473,0.022972655395278648,-0.10943045429344608,-0.6774291636286248
FalconControl,control,pick_and_place_simple,8.0,future_easy_grader_action,entropy,reasoning_entropy_late_slope,80,2,0.17394839671112367,0.1710013996407724,-0.0029469970703512594,-0.007193524405529473
FalconControl,control,pick_and_place_simple,8.0,future_easy_grader_action,entropy,reasoning_entropy_late_change,88,2,-0.6554331617804884,-0.40579961612820625,0.24963354565228213,0.43200424519346364
FalconControl,control,pick_and_place_simple,8.0,future_easy_grader_action,entropy,action_entropy_late_slope,80,2,0.006673768166638158,0.03785930224694305,0.03118553408030489,0.16208350434555555
FalconControl,control,pick_and_place_simple,8.0,future_easy_grader_action,entropy,action_entropy_late_change,88,2,-0.22446753035447645,0.01333740632981055,0.23780493668428698,0.7649649146982302
FalconControl,control,pick_and_place_simple,8.0,future_easy_grader_action,all,reasoning_p_hack,88,2,0.07507207462478592,0.10236358020241215,0.027291505577626232,0.6611616601644384
FalconControl,control,pick_and_place_simple,8.0,future_easy_grader_action,all,action_p_hack,88,2,0.12402534384111345,0.2282406214702253,0.10421527762911185,1.6382997735071043
FalconControl,control,pick_and_place_simple,8.0,future_easy_grader_action,all,reasoning_p_hack_late_slope,80,2,-0.01229991139355831,-0.04024674838001365,-0.027946836986455344,-1.3753965832118573
FalconControl,control,pick_and_place_simple,8.0,future_easy_grader_action,all,reasoning_p_hack_late_change,88,2,0.04497688009854358,0.0964853962116952,0.051508516113151624,0.5689081014083194
FalconControl,control,pick_and_place_simple,8.0,future_easy_grader_action,all,action_p_hack_late_slope,80,2,-0.018333731412784812,-0.0903654546709731,-0.07203172325818828,-2.1066599369024157
FalconControl,control,pick_and_place_simple,8.0,future_easy_grader_action,all,action_p_hack_late_change,88,2,0.01640934954895026,-0.0581322636377687,-0.07454161318671897,-0.6242148660299898
FalconControl,control,pick_and_place_simple,8.0,future_easy_grader_action,all,reasoning_entropy_mean,88,2,0.39067768569657724,0.2319479130314903,-0.15872977266508695,-0.5746551019320474
FalconControl,control,pick_and_place_simple,8.0,future_easy_grader_action,all,action_entropy_mean,88,2,0.13240310968872473,0.022972655395278648,-0.10943045429344608,-0.6774291636286248
FalconControl,control,pick_and_place_simple,8.0,future_easy_grader_action,all,reasoning_entropy_late_slope,80,2,0.17394839671112367,0.1710013996407724,-0.0029469970703512594,-0.007193524405529473
FalconControl,control,pick_and_place_simple,8.0,future_easy_grader_action,all,reasoning_entropy_late_change,88,2,-0.6554331617804884,-0.40579961612820625,0.24963354565228213,0.43200424519346364
FalconControl,control,pick_and_place_simple,8.0,future_easy_grader_action,all,action_entropy_late_slope,80,2,0.006673768166638158,0.03785930224694305,0.03118553408030489,0.16208350434555555
FalconControl,control,pick_and_place_simple,8.0,future_easy_grader_action,all,action_entropy_late_change,88,2,-0.22446753035447645,0.01333740632981055,0.23780493668428698,0.7649649146982302
FalconControl,control,pick_and_place_simple,16.0,gameable_hack_action,mean_phack,reasoning_p_hack,88,2,0.07256993309190682,0.032351732821553,-0.04021820027035382,-1.0285076672073004
FalconControl,control,pick_and_place_simple,16.0,gameable_hack_action,mean_phack,action_p_hack,88,2,0.13649103230373832,0.12560276396106923,-0.010888268342669094,-0.17166822137297752
FalconControl,control,pick_and_place_simple,16.0,gameable_hack_action,late_phack,reasoning_p_hack_late_slope,86,2,-0.014881965669774332,-0.01013656060968055,0.004745405060093782,0.5461201582176477
FalconControl,control,pick_and_place_simple,16.0,gameable_hack_action,late_phack,reasoning_p_hack_late_change,88,2,0.03925986486468797,0.0239460343582322,-0.015313830506455774,-0.19220647924821158
FalconControl,control,pick_and_place_simple,16.0,gameable_hack_action,late_phack,action_p_hack_late_slope,85,2,-0.01488753431316007,-0.03684663504827765,-0.02195910073511758,-0.8427207344134001
FalconControl,control,pick_and_place_simple,16.0,gameable_hack_action,late_phack,action_p_hack_late_change,88,2,0.01329229009688039,-0.0337653561728075,-0.04705764626968789,-0.32520203971875816
FalconControl,control,pick_and_place_simple,16.0,gameable_hack_action,entropy,reasoning_entropy_mean,88,2,0.33352173573012184,0.5388454151544693,0.20532367942434743,0.9313597563125435
FalconControl,control,pick_and_place_simple,16.0,gameable_hack_action,entropy,action_entropy_mean,88,2,0.10537585960606433,0.07577510055125455,-0.029600759054809772,-0.2360724740189379
FalconControl,control,pick_and_place_simple,16.0,gameable_hack_action,entropy,reasoning_entropy_late_slope,86,2,0.11609588737062417,0.25654067500681776,0.1404447876361936,0.40232272509590744
FalconControl,control,pick_and_place_simple,16.0,gameable_hack_action,entropy,reasoning_entropy_late_change,88,2,-0.6448270597564477,-1.1253338158130646,-0.48050675605661686,-0.9027977212929903
FalconControl,control,pick_and_place_simple,16.0,gameable_hack_action,entropy,action_entropy_late_slope,85,2,0.014314012338667545,0.037873633817071053,0.023559621478403507,0.10649256045721463
FalconControl,control,pick_and_place_simple,16.0,gameable_hack_action,entropy,action_entropy_late_change,88,2,-0.14158161201736552,-0.22266176901757714,-0.08108015700021162,-0.3018740674655238
FalconControl,control,pick_and_place_simple,16.0,gameable_hack_action,all,reasoning_p_hack,88,2,0.07256993309190682,0.032351732821553,-0.04021820027035382,-1.0285076672073004
FalconControl,control,pick_and_place_simple,16.0,gameable_hack_action,all,action_p_hack,88,2,0.13649103230373832,0.12560276396106923,-0.010888268342669094,-0.17166822137297752
FalconControl,control,pick_and_place_simple,16.0,gameable_hack_action,all,reasoning_p_hack_late_slope,86,2,-0.014881965669774332,-0.01013656060968055,0.004745405060093782,0.5461201582176477
FalconControl,control,pick_and_place_simple,16.0,gameable_hack_action,all,reasoning_p_hack_late_change,88,2,0.03925986486468797,0.0239460343582322,-0.015313830506455774,-0.19220647924821158
FalconControl,control,pick_and_place_simple,16.0,gameable_hack_action,all,action_p_hack_late_slope,85,2,-0.01488753431316007,-0.03684663504827765,-0.02195910073511758,-0.8427207344134001
FalconControl,control,pick_and_place_simple,16.0,gameable_hack_action,all,action_p_hack_late_change,88,2,0.01329229009688039,-0.0337653561728075,-0.04705764626968789,-0.32520203971875816
FalconControl,control,pick_and_place_simple,16.0,gameable_hack_action,all,reasoning_entropy_mean,88,2,0.33352173573012184,0.5388454151544693,0.20532367942434743,0.9313597563125435
FalconControl,control,pick_and_place_simple,16.0,gameable_hack_action,all,action_entropy_mean,88,2,0.10537585960606433,0.07577510055125455,-0.029600759054809772,-0.2360724740189379
FalconControl,control,pick_and_place_simple,16.0,gameable_hack_action,all,reasoning_entropy_late_slope,86,2,0.11609588737062417,0.25654067500681776,0.1404447876361936,0.40232272509590744
FalconControl,control,pick_and_place_simple,16.0,gameable_hack_action,all,reasoning_entropy_late_change,88,2,-0.6448270597564477,-1.1253338158130646,-0.48050675605661686,-0.9027977212929903
FalconControl,control,pick_and_place_simple,16.0,gameable_hack_action,all,action_entropy_late_slope,85,2,0.014314012338667545,0.037873633817071053,0.023559621478403507,0.10649256045721463
FalconControl,control,pick_and_place_simple,16.0,gameable_hack_action,all,action_entropy_late_change,88,2,-0.14158161201736552,-0.22266176901757714,-0.08108015700021162,-0.3018740674655238
FalconControl,control,pick_and_place_simple,16.0,future_gameable_hack_action,mean_phack,reasoning_p_hack,88,2,0.07069104611816632,0.1150227596661352,0.04433171354796889,1.1337033228245603
FalconControl,control,pick_and_place_simple,16.0,future_gameable_hack_action,mean_phack,action_p_hack,88,2,0.13417968186412665,0.227302183303982,0.09312250143985534,1.4682017092962034
FalconControl,control,pick_and_place_simple,16.0,future_gameable_hack_action,late_phack,reasoning_p_hack_late_slope,86,2,-0.014318561003586248,-0.034362961255768154,-0.020044400252181904,-2.3067895993020042
FalconControl,control,pick_and_place_simple,16.0,future_gameable_hack_action,late_phack,reasoning_p_hack_late_change,88,2,0.03728582507913808,0.1108037849224274,0.07351795984328932,0.9227363602485389
FalconControl,control,pick_and_place_simple,16.0,future_gameable_hack_action,late_phack,action_p_hack_late_slope,85,2,-0.014324658763832855,-0.060768845894684356,-0.0464441871308515,-1.7823807978416741
FalconControl,control,pick_and_place_simple,16.0,future_gameable_hack_action,late_phack,action_p_hack_late_change,88,2,0.011237837687060772,0.056630549859255606,0.045392712172194837,0.31369615263296863
FalconControl,control,pick_and_place_simple,16.0,future_gameable_hack_action,entropy,reasoning_entropy_mean,88,2,0.334774484847429,0.4837244539929543,0.14894996914552527,0.6756454362939254
FalconControl,control,pick_and_place_simple,16.0,future_gameable_hack_action,entropy,action_entropy_mean,88,2,0.10630876705381107,0.0347271728503983,-0.07158159420341276,-0.5708787401880331
FalconControl,control,pick_and_place_simple,16.0,future_gameable_hack_action,entropy,reasoning_entropy_late_slope,86,2,0.11445110919144284,0.3272661367116143,0.21281502752017145,0.6096368776252893
FalconControl,control,pick_and_place_simple,16.0,future_gameable_hack_action,entropy,reasoning_entropy_late_change,88,2,-0.6357595758327957,-1.5243031084537506,-0.8885435326209549,-1.669435583181069
FalconControl,control,pick_and_place_simple,16.0,future_gameable_hack_action,entropy,action_entropy_late_slope,85,2,0.012881777953589319,0.0987435951828956,0.08586181722930629,0.3881066073425651
FalconControl,control,pick_and_place_simple,16.0,future_gameable_hack_action,entropy,action_entropy_late_change,88,2,-0.1480747909756081,0.06303810514509675,0.21111289612070486,0.7860062314163678
FalconControl,control,pick_and_place_simple,16.0,future_gameable_hack_action,all,reasoning_p_hack,88,2,0.07069104611816632,0.1150227596661352,0.04433171354796889,1.1337033228245603
FalconControl,control,pick_and_place_simple,16.0,future_gameable_hack_action,all,action_p_hack,88,2,0.13417968186412665,0.227302183303982,0.09312250143985534,1.4682017092962034
FalconControl,control,pick_and_place_simple,16.0,future_gameable_hack_action,all,reasoning_p_hack_late_slope,86,2,-0.014318561003586248,-0.034362961255768154,-0.020044400252181904,-2.3067895993020042
FalconControl,control,pick_and_place_simple,16.0,future_gameable_hack_action,all,reasoning_p_hack_late_change,88,2,0.03728582507913808,0.1108037849224274,0.07351795984328932,0.9227363602485389
FalconControl,control,pick_and_place_simple,16.0,future_gameable_hack_action,all,action_p_hack_late_slope,85,2,-0.014324658763832855,-0.060768845894684356,-0.0464441871308515,-1.7823807978416741
FalconControl,control,pick_and_place_simple,16.0,future_gameable_hack_action,all,action_p_hack_late_change,88,2,0.011237837687060772,0.056630549859255606,0.045392712172194837,0.31369615263296863
FalconControl,control,pick_and_place_simple,16.0,future_gameable_hack_action,all,reasoning_entropy_mean,88,2,0.334774484847429,0.4837244539929543,0.14894996914552527,0.6756454362939254
FalconControl,control,pick_and_place_simple,16.0,future_gameable_hack_action,all,action_entropy_mean,88,2,0.10630876705381107,0.0347271728503983,-0.07158159420341276,-0.5708787401880331
FalconControl,control,pick_and_place_simple,16.0,future_gameable_hack_action,all,reasoning_entropy_late_slope,86,2,0.11445110919144284,0.3272661367116143,0.21281502752017145,0.6096368776252893
FalconControl,control,pick_and_place_simple,16.0,future_gameable_hack_action,all,reasoning_entropy_late_change,88,2,-0.6357595758327957,-1.5243031084537506,-0.8885435326209549,-1.669435583181069
FalconControl,control,pick_and_place_simple,16.0,future_gameable_hack_action,all,action_entropy_late_slope,85,2,0.012881777953589319,0.0987435951828956,0.08586181722930629,0.3881066073425651
FalconControl,control,pick_and_place_simple,16.0,future_gameable_hack_action,all,action_entropy_late_change,88,2,-0.1480747909756081,0.06303810514509675,0.21111289612070486,0.7860062314163678
FalconControl,control,pick_and_place_simple,16.0,easy_grader_action,mean_phack,reasoning_p_hack,88,2,0.07256993309190682,0.032351732821553,-0.04021820027035382,-1.0285076672073004
FalconControl,control,pick_and_place_simple,16.0,easy_grader_action,mean_phack,action_p_hack,88,2,0.13649103230373832,0.12560276396106923,-0.010888268342669094,-0.17166822137297752
FalconControl,control,pick_and_place_simple,16.0,easy_grader_action,late_phack,reasoning_p_hack_late_slope,86,2,-0.014881965669774332,-0.01013656060968055,0.004745405060093782,0.5461201582176477
FalconControl,control,pick_and_place_simple,16.0,easy_grader_action,late_phack,reasoning_p_hack_late_change,88,2,0.03925986486468797,0.0239460343582322,-0.015313830506455774,-0.19220647924821158
FalconControl,control,pick_and_place_simple,16.0,easy_grader_action,late_phack,action_p_hack_late_slope,85,2,-0.01488753431316007,-0.03684663504827765,-0.02195910073511758,-0.8427207344134001
FalconControl,control,pick_and_place_simple,16.0,easy_grader_action,late_phack,action_p_hack_late_change,88,2,0.01329229009688039,-0.0337653561728075,-0.04705764626968789,-0.32520203971875816
FalconControl,control,pick_and_place_simple,16.0,easy_grader_action,entropy,reasoning_entropy_mean,88,2,0.33352173573012184,0.5388454151544693,0.20532367942434743,0.9313597563125435
FalconControl,control,pick_and_place_simple,16.0,easy_grader_action,entropy,action_entropy_mean,88,2,0.10537585960606433,0.07577510055125455,-0.029600759054809772,-0.2360724740189379
FalconControl,control,pick_and_place_simple,16.0,easy_grader_action,entropy,reasoning_entropy_late_slope,86,2,0.11609588737062417,0.25654067500681776,0.1404447876361936,0.40232272509590744
FalconControl,control,pick_and_place_simple,16.0,easy_grader_action,entropy,reasoning_entropy_late_change,88,2,-0.6448270597564477,-1.1253338158130646,-0.48050675605661686,-0.9027977212929903
FalconControl,control,pick_and_place_simple,16.0,easy_grader_action,entropy,action_entropy_late_slope,85,2,0.014314012338667545,0.037873633817071053,0.023559621478403507,0.10649256045721463
FalconControl,control,pick_and_place_simple,16.0,easy_grader_action,entropy,action_entropy_late_change,88,2,-0.14158161201736552,-0.22266176901757714,-0.08108015700021162,-0.3018740674655238
FalconControl,control,pick_and_place_simple,16.0,easy_grader_action,all,reasoning_p_hack,88,2,0.07256993309190682,0.032351732821553,-0.04021820027035382,-1.0285076672073004
FalconControl,control,pick_and_place_simple,16.0,easy_grader_action,all,action_p_hack,88,2,0.13649103230373832,0.12560276396106923,-0.010888268342669094,-0.17166822137297752
FalconControl,control,pick_and_place_simple,16.0,easy_grader_action,all,reasoning_p_hack_late_slope,86,2,-0.014881965669774332,-0.01013656060968055,0.004745405060093782,0.5461201582176477
FalconControl,control,pick_and_place_simple,16.0,easy_grader_action,all,reasoning_p_hack_late_change,88,2,0.03925986486468797,0.0239460343582322,-0.015313830506455774,-0.19220647924821158
FalconControl,control,pick_and_place_simple,16.0,easy_grader_action,all,action_p_hack_late_slope,85,2,-0.01488753431316007,-0.03684663504827765,-0.02195910073511758,-0.8427207344134001
FalconControl,control,pick_and_place_simple,16.0,easy_grader_action,all,action_p_hack_late_change,88,2,0.01329229009688039,-0.0337653561728075,-0.04705764626968789,-0.32520203971875816
FalconControl,control,pick_and_place_simple,16.0,easy_grader_action,all,reasoning_entropy_mean,88,2,0.33352173573012184,0.5388454151544693,0.20532367942434743,0.9313597563125435
FalconControl,control,pick_and_place_simple,16.0,easy_grader_action,all,action_entropy_mean,88,2,0.10537585960606433,0.07577510055125455,-0.029600759054809772,-0.2360724740189379
FalconControl,control,pick_and_place_simple,16.0,easy_grader_action,all,reasoning_entropy_late_slope,86,2,0.11609588737062417,0.25654067500681776,0.1404447876361936,0.40232272509590744
FalconControl,control,pick_and_place_simple,16.0,easy_grader_action,all,reasoning_entropy_late_change,88,2,-0.6448270597564477,-1.1253338158130646,-0.48050675605661686,-0.9027977212929903
FalconControl,control,pick_and_place_simple,16.0,easy_grader_action,all,action_entropy_late_slope,85,2,0.014314012338667545,0.037873633817071053,0.023559621478403507,0.10649256045721463
FalconControl,control,pick_and_place_simple,16.0,easy_grader_action,all,action_entropy_late_change,88,2,-0.14158161201736552,-0.22266176901757714,-0.08108015700021162,-0.3018740674655238
FalconControl,control,pick_and_place_simple,16.0,future_easy_grader_action,mean_phack,reasoning_p_hack,88,2,0.07069104611816632,0.1150227596661352,0.04433171354796889,1.1337033228245603
FalconControl,control,pick_and_place_simple,16.0,future_easy_grader_action,mean_phack,action_p_hack,88,2,0.13417968186412665,0.227302183303982,0.09312250143985534,1.4682017092962034
FalconControl,control,pick_and_place_simple,16.0,future_easy_grader_action,late_phack,reasoning_p_hack_late_slope,86,2,-0.014318561003586248,-0.034362961255768154,-0.020044400252181904,-2.3067895993020042
FalconControl,control,pick_and_place_simple,16.0,future_easy_grader_action,late_phack,reasoning_p_hack_late_change,88,2,0.03728582507913808,0.1108037849224274,0.07351795984328932,0.9227363602485389
FalconControl,control,pick_and_place_simple,16.0,future_easy_grader_action,late_phack,action_p_hack_late_slope,85,2,-0.014324658763832855,-0.060768845894684356,-0.0464441871308515,-1.7823807978416741
FalconControl,control,pick_and_place_simple,16.0,future_easy_grader_action,late_phack,action_p_hack_late_change,88,2,0.011237837687060772,0.056630549859255606,0.045392712172194837,0.31369615263296863
FalconControl,control,pick_and_place_simple,16.0,future_easy_grader_action,entropy,reasoning_entropy_mean,88,2,0.334774484847429,0.4837244539929543,0.14894996914552527,0.6756454362939254
FalconControl,control,pick_and_place_simple,16.0,future_easy_grader_action,entropy,action_entropy_mean,88,2,0.10630876705381107,0.0347271728503983,-0.07158159420341276,-0.5708787401880331
FalconControl,control,pick_and_place_simple,16.0,future_easy_grader_action,entropy,reasoning_entropy_late_slope,86,2,0.11445110919144284,0.3272661367116143,0.21281502752017145,0.6096368776252893
FalconControl,control,pick_and_place_simple,16.0,future_easy_grader_action,entropy,reasoning_entropy_late_change,88,2,-0.6357595758327957,-1.5243031084537506,-0.8885435326209549,-1.669435583181069
FalconControl,control,pick_and_place_simple,16.0,future_easy_grader_action,entropy,action_entropy_late_slope,85,2,0.012881777953589319,0.0987435951828956,0.08586181722930629,0.3881066073425651
FalconControl,control,pick_and_place_simple,16.0,future_easy_grader_action,entropy,action_entropy_late_change,88,2,-0.1480747909756081,0.06303810514509675,0.21111289612070486,0.7860062314163678
FalconControl,control,pick_and_place_simple,16.0,future_easy_grader_action,all,reasoning_p_hack,88,2,0.07069104611816632,0.1150227596661352,0.04433171354796889,1.1337033228245603
FalconControl,control,pick_and_place_simple,16.0,future_easy_grader_action,all,action_p_hack,88,2,0.13417968186412665,0.227302183303982,0.09312250143985534,1.4682017092962034
FalconControl,control,pick_and_place_simple,16.0,future_easy_grader_action,all,reasoning_p_hack_late_slope,86,2,-0.014318561003586248,-0.034362961255768154,-0.020044400252181904,-2.3067895993020042
FalconControl,control,pick_and_place_simple,16.0,future_easy_grader_action,all,reasoning_p_hack_late_change,88,2,0.03728582507913808,0.1108037849224274,0.07351795984328932,0.9227363602485389
FalconControl,control,pick_and_place_simple,16.0,future_easy_grader_action,all,action_p_hack_late_slope,85,2,-0.014324658763832855,-0.060768845894684356,-0.0464441871308515,-1.7823807978416741
FalconControl,control,pick_and_place_simple,16.0,future_easy_grader_action,all,action_p_hack_late_change,88,2,0.011237837687060772,0.056630549859255606,0.045392712172194837,0.31369615263296863
FalconControl,control,pick_and_place_simple,16.0,future_easy_grader_action,all,reasoning_entropy_mean,88,2,0.334774484847429,0.4837244539929543,0.14894996914552527,0.6756454362939254
FalconControl,control,pick_and_place_simple,16.0,future_easy_grader_action,all,action_entropy_mean,88,2,0.10630876705381107,0.0347271728503983,-0.07158159420341276,-0.5708787401880331
FalconControl,control,pick_and_place_simple,16.0,future_easy_grader_action,all,reasoning_entropy_late_slope,86,2,0.11445110919144284,0.3272661367116143,0.21281502752017145,0.6096368776252893
FalconControl,control,pick_and_place_simple,16.0,future_easy_grader_action,all,reasoning_entropy_late_change,88,2,-0.6357595758327957,-1.5243031084537506,-0.8885435326209549,-1.669435583181069
FalconControl,control,pick_and_place_simple,16.0,future_easy_grader_action,all,action_entropy_late_slope,85,2,0.012881777953589319,0.0987435951828956,0.08586181722930629,0.3881066073425651
FalconControl,control,pick_and_place_simple,16.0,future_easy_grader_action,all,action_entropy_late_change,88,2,-0.1480747909756081,0.06303810514509675,0.21111289612070486,0.7860062314163678
FalconControl,control,pick_and_place_simple,32.0,gameable_hack_action,mean_phack,reasoning_p_hack,86,4,0.08496449851126572,0.03520389712275568,-0.049760601388510045,-1.0473943345915537
FalconControl,control,pick_and_place_simple,32.0,gameable_hack_action,mean_phack,action_p_hack,86,4,0.17430967514538392,0.1506122207501903,-0.023697454395193635,-0.2909718695289865
FalconControl,control,pick_and_place_simple,32.0,gameable_hack_action,late_phack,reasoning_p_hack_late_slope,83,4,-0.02199795610406492,-0.007964173610010474,0.014033782494054445,0.7274740259278957
FalconControl,control,pick_and_place_simple,32.0,gameable_hack_action,late_phack,reasoning_p_hack_late_change,86,4,0.049265603610213815,0.035017984278510925,-0.01424761933170289,-0.15758058281690995
FalconControl,control,pick_and_place_simple,32.0,gameable_hack_action,late_phack,action_p_hack_late_slope,81,4,-0.029595574109415695,-0.04277499831126378,-0.013179424201848085,-0.33174727999425374
FalconControl,control,pick_and_place_simple,32.0,gameable_hack_action,late_phack,action_p_hack_late_change,86,4,0.0042322830872211946,-0.06541915179695933,-0.06965143488418052,-0.3993823643393356
FalconControl,control,pick_and_place_simple,32.0,gameable_hack_action,entropy,reasoning_entropy_mean,86,4,0.4067086883179121,0.42004215391671096,0.013333465598798833,0.04591849464826502
FalconControl,control,pick_and_place_simple,32.0,gameable_hack_action,entropy,action_entropy_mean,86,4,0.12925451839341423,0.12327633427048562,-0.005978184122928609,-0.03283107965744026
FalconControl,control,pick_and_place_simple,32.0,gameable_hack_action,entropy,reasoning_entropy_late_slope,83,4,0.15613024210971768,0.23743486216881135,0.08130462005909367,0.23082865977084416
FalconControl,control,pick_and_place_simple,32.0,gameable_hack_action,entropy,reasoning_entropy_late_change,86,4,-0.7336953190430817,-0.7932369522750378,-0.05954163323195605,-0.09041466317656671
FalconControl,control,pick_and_place_simple,32.0,gameable_hack_action,entropy,action_entropy_late_slope,81,4,0.01819841289249812,0.04281105304835357,0.02461264015585545,0.19294755061737284
FalconControl,control,pick_and_place_simple,32.0,gameable_hack_action,entropy,action_entropy_late_change,86,4,-0.30748171917958794,-0.3472637049853802,-0.03978198580579223,-0.09507156136557535
FalconControl,control,pick_and_place_simple,32.0,gameable_hack_action,all,reasoning_p_hack,86,4,0.08496449851126572,0.03520389712275568,-0.049760601388510045,-1.0473943345915537
FalconControl,control,pick_and_place_simple,32.0,gameable_hack_action,all,action_p_hack,86,4,0.17430967514538392,0.1506122207501903,-0.023697454395193635,-0.2909718695289865
FalconControl,control,pick_and_place_simple,32.0,gameable_hack_action,all,reasoning_p_hack_late_slope,83,4,-0.02199795610406492,-0.007964173610010474,0.014033782494054445,0.7274740259278957
FalconControl,control,pick_and_place_simple,32.0,gameable_hack_action,all,reasoning_p_hack_late_change,86,4,0.049265603610213815,0.035017984278510925,-0.01424761933170289,-0.15758058281690995
FalconControl,control,pick_and_place_simple,32.0,gameable_hack_action,all,action_p_hack_late_slope,81,4,-0.029595574109415695,-0.04277499831126378,-0.013179424201848085,-0.33174727999425374
FalconControl,control,pick_and_place_simple,32.0,gameable_hack_action,all,action_p_hack_late_change,86,4,0.0042322830872211946,-0.06541915179695933,-0.06965143488418052,-0.3993823643393356
FalconControl,control,pick_and_place_simple,32.0,gameable_hack_action,all,reasoning_entropy_mean,86,4,0.4067086883179121,0.42004215391671096,0.013333465598798833,0.04591849464826502
FalconControl,control,pick_and_place_simple,32.0,gameable_hack_action,all,action_entropy_mean,86,4,0.12925451839341423,0.12327633427048562,-0.005978184122928609,-0.03283107965744026
FalconControl,control,pick_and_place_simple,32.0,gameable_hack_action,all,reasoning_entropy_late_slope,83,4,0.15613024210971768,0.23743486216881135,0.08130462005909367,0.23082865977084416
FalconControl,control,pick_and_place_simple,32.0,gameable_hack_action,all,reasoning_entropy_late_change,86,4,-0.7336953190430817,-0.7932369522750378,-0.05954163323195605,-0.09041466317656671
FalconControl,control,pick_and_place_simple,32.0,gameable_hack_action,all,action_entropy_late_slope,81,4,0.01819841289249812,0.04281105304835357,0.02461264015585545,0.19294755061737284
FalconControl,control,pick_and_place_simple,32.0,gameable_hack_action,all,action_entropy_late_change,86,4,-0.30748171917958794,-0.3472637049853802,-0.03978198580579223,-0.09507156136557535
FalconControl,control,pick_and_place_simple,32.0,future_gameable_hack_action,mean_phack,reasoning_p_hack,86,4,0.08087531660821087,0.12312130803843498,0.0422459914302241,0.8892218110016085
FalconControl,control,pick_and_place_simple,32.0,future_gameable_hack_action,mean_phack,action_p_hack,86,4,0.17012381043539482,0.24060831201495603,0.07048450157956121,0.8654519112223044
FalconControl,control,pick_and_place_simple,32.0,future_gameable_hack_action,late_phack,reasoning_p_hack_late_slope,83,4,-0.020500801606872714,-0.03903012942674872,-0.01852932781987601,-0.9605111603071896
FalconControl,control,pick_and_place_simple,32.0,future_gameable_hack_action,late_phack,reasoning_p_hack_late_change,86,4,0.04530661616002882,0.12013621445748866,0.07482959829745985,0.8276254044372774
FalconControl,control,pick_and_place_simple,32.0,future_gameable_hack_action,late_phack,action_p_hack_late_slope,81,4,-0.028082625249833043,-0.07341221271781245,-0.04532958746797941,-1.141018538856582
FalconControl,control,pick_and_place_simple,32.0,future_gameable_hack_action,late_phack,action_p_hack_late_change,86,4,-0.006927531728465511,0.17451686674030492,0.18144439846877042,1.0404048814943325
FalconControl,control,pick_and_place_simple,32.0,future_gameable_hack_action,entropy,reasoning_entropy_mean,86,4,0.41519081357601345,0.237676460867533,-0.17751435270848046,-0.6113333247410864
FalconControl,control,pick_and_place_simple,32.0,future_gameable_hack_action,entropy,action_entropy_mean,86,4,0.13231095702979007,0.05756290358840482,-0.07474805344138524,-0.4105024613344494
FalconControl,control,pick_and_place_simple,32.0,future_gameable_hack_action,entropy,reasoning_entropy_late_slope,83,4,0.17097663229807866,-0.07062773423967884,-0.24160436653775752,-0.6859291892903538
FalconControl,control,pick_and_place_simple,32.0,future_gameable_hack_action,entropy,reasoning_entropy_late_change,86,4,-0.740058987717035,-0.6564180757850409,0.08364091193199419,0.12700969841810464
FalconControl,control,pick_and_place_simple,32.0,future_gameable_hack_action,entropy,action_entropy_late_slope,81,4,0.01862764016519059,0.03411920077633107,0.01549156061114048,0.12144404892089633
FalconControl,control,pick_and_place_simple,32.0,future_gameable_hack_action,entropy,action_entropy_late_change,86,4,-0.31685787233453633,-0.14567641215398913,0.1711814601805472,0.40909191350206886
FalconControl,control,pick_and_place_simple,32.0,future_gameable_hack_action,all,reasoning_p_hack,86,4,0.08087531660821087,0.12312130803843498,0.0422459914302241,0.8892218110016085
FalconControl,control,pick_and_place_simple,32.0,future_gameable_hack_action,all,action_p_hack,86,4,0.17012381043539482,0.24060831201495603,0.07048450157956121,0.8654519112223044
FalconControl,control,pick_and_place_simple,32.0,future_gameable_hack_action,all,reasoning_p_hack_late_slope,83,4,-0.020500801606872714,-0.03903012942674872,-0.01852932781987601,-0.9605111603071896
FalconControl,control,pick_and_place_simple,32.0,future_gameable_hack_action,all,reasoning_p_hack_late_change,86,4,0.04530661616002882,0.12013621445748866,0.07482959829745985,0.8276254044372774
FalconControl,control,pick_and_place_simple,32.0,future_gameable_hack_action,all,action_p_hack_late_slope,81,4,-0.028082625249833043,-0.07341221271781245,-0.04532958746797941,-1.141018538856582
FalconControl,control,pick_and_place_simple,32.0,future_gameable_hack_action,all,action_p_hack_late_change,86,4,-0.006927531728465511,0.17451686674030492,0.18144439846877042,1.0404048814943325
FalconControl,control,pick_and_place_simple,32.0,future_gameable_hack_action,all,reasoning_entropy_mean,86,4,0.41519081357601345,0.237676460867533,-0.17751435270848046,-0.6113333247410864
FalconControl,control,pick_and_place_simple,32.0,future_gameable_hack_action,all,action_entropy_mean,86,4,0.13231095702979007,0.05756290358840482,-0.07474805344138524,-0.4105024613344494
FalconControl,control,pick_and_place_simple,32.0,future_gameable_hack_action,all,reasoning_entropy_late_slope,83,4,0.17097663229807866,-0.07062773423967884,-0.24160436653775752,-0.6859291892903538
FalconControl,control,pick_and_place_simple,32.0,future_gameable_hack_action,all,reasoning_entropy_late_change,86,4,-0.740058987717035,-0.6564180757850409,0.08364091193199419,0.12700969841810464
FalconControl,control,pick_and_place_simple,32.0,future_gameable_hack_action,all,action_entropy_late_slope,81,4,0.01862764016519059,0.03411920077633107,0.01549156061114048,0.12144404892089633
FalconControl,control,pick_and_place_simple,32.0,future_gameable_hack_action,all,action_entropy_late_change,86,4,-0.31685787233453633,-0.14567641215398913,0.1711814601805472,0.40909191350206886
FalconControl,control,pick_and_place_simple,32.0,easy_grader_action,mean_phack,reasoning_p_hack,86,4,0.08496449851126572,0.03520389712275568,-0.049760601388510045,-1.0473943345915537
FalconControl,control,pick_and_place_simple,32.0,easy_grader_action,mean_phack,action_p_hack,86,4,0.17430967514538392,0.1506122207501903,-0.023697454395193635,-0.2909718695289865
FalconControl,control,pick_and_place_simple,32.0,easy_grader_action,late_phack,reasoning_p_hack_late_slope,83,4,-0.02199795610406492,-0.007964173610010474,0.014033782494054445,0.7274740259278957
FalconControl,control,pick_and_place_simple,32.0,easy_grader_action,late_phack,reasoning_p_hack_late_change,86,4,0.049265603610213815,0.035017984278510925,-0.01424761933170289,-0.15758058281690995
FalconControl,control,pick_and_place_simple,32.0,easy_grader_action,late_phack,action_p_hack_late_slope,81,4,-0.029595574109415695,-0.04277499831126378,-0.013179424201848085,-0.33174727999425374
FalconControl,control,pick_and_place_simple,32.0,easy_grader_action,late_phack,action_p_hack_late_change,86,4,0.0042322830872211946,-0.06541915179695933,-0.06965143488418052,-0.3993823643393356
FalconControl,control,pick_and_place_simple,32.0,easy_grader_action,entropy,reasoning_entropy_mean,86,4,0.4067086883179121,0.42004215391671096,0.013333465598798833,0.04591849464826502
FalconControl,control,pick_and_place_simple,32.0,easy_grader_action,entropy,action_entropy_mean,86,4,0.12925451839341423,0.12327633427048562,-0.005978184122928609,-0.03283107965744026
FalconControl,control,pick_and_place_simple,32.0,easy_grader_action,entropy,reasoning_entropy_late_slope,83,4,0.15613024210971768,0.23743486216881135,0.08130462005909367,0.23082865977084416
FalconControl,control,pick_and_place_simple,32.0,easy_grader_action,entropy,reasoning_entropy_late_change,86,4,-0.7336953190430817,-0.7932369522750378,-0.05954163323195605,-0.09041466317656671
FalconControl,control,pick_and_place_simple,32.0,easy_grader_action,entropy,action_entropy_late_slope,81,4,0.01819841289249812,0.04281105304835357,0.02461264015585545,0.19294755061737284
FalconControl,control,pick_and_place_simple,32.0,easy_grader_action,entropy,action_entropy_late_change,86,4,-0.30748171917958794,-0.3472637049853802,-0.03978198580579223,-0.09507156136557535
FalconControl,control,pick_and_place_simple,32.0,easy_grader_action,all,reasoning_p_hack,86,4,0.08496449851126572,0.03520389712275568,-0.049760601388510045,-1.0473943345915537
FalconControl,control,pick_and_place_simple,32.0,easy_grader_action,all,action_p_hack,86,4,0.17430967514538392,0.1506122207501903,-0.023697454395193635,-0.2909718695289865
FalconControl,control,pick_and_place_simple,32.0,easy_grader_action,all,reasoning_p_hack_late_slope,83,4,-0.02199795610406492,-0.007964173610010474,0.014033782494054445,0.7274740259278957
FalconControl,control,pick_and_place_simple,32.0,easy_grader_action,all,reasoning_p_hack_late_change,86,4,0.049265603610213815,0.035017984278510925,-0.01424761933170289,-0.15758058281690995
FalconControl,control,pick_and_place_simple,32.0,easy_grader_action,all,action_p_hack_late_slope,81,4,-0.029595574109415695,-0.04277499831126378,-0.013179424201848085,-0.33174727999425374
FalconControl,control,pick_and_place_simple,32.0,easy_grader_action,all,action_p_hack_late_change,86,4,0.0042322830872211946,-0.06541915179695933,-0.06965143488418052,-0.3993823643393356
FalconControl,control,pick_and_place_simple,32.0,easy_grader_action,all,reasoning_entropy_mean,86,4,0.4067086883179121,0.42004215391671096,0.013333465598798833,0.04591849464826502
FalconControl,control,pick_and_place_simple,32.0,easy_grader_action,all,action_entropy_mean,86,4,0.12925451839341423,0.12327633427048562,-0.005978184122928609,-0.03283107965744026
FalconControl,control,pick_and_place_simple,32.0,easy_grader_action,all,reasoning_entropy_late_slope,83,4,0.15613024210971768,0.23743486216881135,0.08130462005909367,0.23082865977084416
FalconControl,control,pick_and_place_simple,32.0,easy_grader_action,all,reasoning_entropy_late_change,86,4,-0.7336953190430817,-0.7932369522750378,-0.05954163323195605,-0.09041466317656671
FalconControl,control,pick_and_place_simple,32.0,easy_grader_action,all,action_entropy_late_slope,81,4,0.01819841289249812,0.04281105304835357,0.02461264015585545,0.19294755061737284
FalconControl,control,pick_and_place_simple,32.0,easy_grader_action,all,action_entropy_late_change,86,4,-0.30748171917958794,-0.3472637049853802,-0.03978198580579223,-0.09507156136557535
FalconControl,control,pick_and_place_simple,32.0,future_easy_grader_action,mean_phack,reasoning_p_hack,86,4,0.08087531660821087,0.12312130803843498,0.0422459914302241,0.8892218110016085
FalconControl,control,pick_and_place_simple,32.0,future_easy_grader_action,mean_phack,action_p_hack,86,4,0.17012381043539482,0.24060831201495603,0.07048450157956121,0.8654519112223044
FalconControl,control,pick_and_place_simple,32.0,future_easy_grader_action,late_phack,reasoning_p_hack_late_slope,83,4,-0.020500801606872714,-0.03903012942674872,-0.01852932781987601,-0.9605111603071896
FalconControl,control,pick_and_place_simple,32.0,future_easy_grader_action,late_phack,reasoning_p_hack_late_change,86,4,0.04530661616002882,0.12013621445748866,0.07482959829745985,0.8276254044372774
FalconControl,control,pick_and_place_simple,32.0,future_easy_grader_action,late_phack,action_p_hack_late_slope,81,4,-0.028082625249833043,-0.07341221271781245,-0.04532958746797941,-1.141018538856582
FalconControl,control,pick_and_place_simple,32.0,future_easy_grader_action,late_phack,action_p_hack_late_change,86,4,-0.006927531728465511,0.17451686674030492,0.18144439846877042,1.0404048814943325
FalconControl,control,pick_and_place_simple,32.0,future_easy_grader_action,entropy,reasoning_entropy_mean,86,4,0.41519081357601345,0.237676460867533,-0.17751435270848046,-0.6113333247410864
FalconControl,control,pick_and_place_simple,32.0,future_easy_grader_action,entropy,action_entropy_mean,86,4,0.13231095702979007,0.05756290358840482,-0.07474805344138524,-0.4105024613344494
FalconControl,control,pick_and_place_simple,32.0,future_easy_grader_action,entropy,reasoning_entropy_late_slope,83,4,0.17097663229807866,-0.07062773423967884,-0.24160436653775752,-0.6859291892903538
FalconControl,control,pick_and_place_simple,32.0,future_easy_grader_action,entropy,reasoning_entropy_late_change,86,4,-0.740058987717035,-0.6564180757850409,0.08364091193199419,0.12700969841810464
FalconControl,control,pick_and_place_simple,32.0,future_easy_grader_action,entropy,action_entropy_late_slope,81,4,0.01862764016519059,0.03411920077633107,0.01549156061114048,0.12144404892089633
FalconControl,control,pick_and_place_simple,32.0,future_easy_grader_action,entropy,action_entropy_late_change,86,4,-0.31685787233453633,-0.14567641215398913,0.1711814601805472,0.40909191350206886
FalconControl,control,pick_and_place_simple,32.0,future_easy_grader_action,all,reasoning_p_hack,86,4,0.08087531660821087,0.12312130803843498,0.0422459914302241,0.8892218110016085
FalconControl,control,pick_and_place_simple,32.0,future_easy_grader_action,all,action_p_hack,86,4,0.17012381043539482,0.24060831201495603,0.07048450157956121,0.8654519112223044
FalconControl,control,pick_and_place_simple,32.0,future_easy_grader_action,all,reasoning_p_hack_late_slope,83,4,-0.020500801606872714,-0.03903012942674872,-0.01852932781987601,-0.9605111603071896
FalconControl,control,pick_and_place_simple,32.0,future_easy_grader_action,all,reasoning_p_hack_late_change,86,4,0.04530661616002882,0.12013621445748866,0.07482959829745985,0.8276254044372774
FalconControl,control,pick_and_place_simple,32.0,future_easy_grader_action,all,action_p_hack_late_slope,81,4,-0.028082625249833043,-0.07341221271781245,-0.04532958746797941,-1.141018538856582
FalconControl,control,pick_and_place_simple,32.0,future_easy_grader_action,all,action_p_hack_late_change,86,4,-0.006927531728465511,0.17451686674030492,0.18144439846877042,1.0404048814943325
FalconControl,control,pick_and_place_simple,32.0,future_easy_grader_action,all,reasoning_entropy_mean,86,4,0.41519081357601345,0.237676460867533,-0.17751435270848046,-0.6113333247410864
FalconControl,control,pick_and_place_simple,32.0,future_easy_grader_action,all,action_entropy_mean,86,4,0.13231095702979007,0.05756290358840482,-0.07474805344138524,-0.4105024613344494
FalconControl,control,pick_and_place_simple,32.0,future_easy_grader_action,all,reasoning_entropy_late_slope,83,4,0.17097663229807866,-0.07062773423967884,-0.24160436653775752,-0.6859291892903538
FalconControl,control,pick_and_place_simple,32.0,future_easy_grader_action,all,reasoning_entropy_late_change,86,4,-0.740058987717035,-0.6564180757850409,0.08364091193199419,0.12700969841810464
FalconControl,control,pick_and_place_simple,32.0,future_easy_grader_action,all,action_entropy_late_slope,81,4,0.01862764016519059,0.03411920077633107,0.01549156061114048,0.12144404892089633
FalconControl,control,pick_and_place_simple,32.0,future_easy_grader_action,all,action_entropy_late_change,86,4,-0.31685787233453633,-0.14567641215398913,0.1711814601805472,0.40909191350206886
FalconControl,control,pick_and_place_simple,64.0,gameable_hack_action,mean_phack,reasoning_p_hack,88,2,0.07209507431665131,0.0387792056059765,-0.03331586871067481,-0.8112160050479398
FalconControl,control,pick_and_place_simple,64.0,gameable_hack_action,mean_phack,action_p_hack,88,2,0.1260803198431382,0.12089970322267615,-0.005180616620462042,-0.08636888695801326
FalconControl,control,pick_and_place_simple,64.0,gameable_hack_action,late_phack,reasoning_p_hack_late_slope,80,2,-0.01609611771824092,-0.0118579089441747,0.004238208774066221,0.3908558348918193
FalconControl,control,pick_and_place_simple,64.0,gameable_hack_action,late_phack,reasoning_p_hack_late_change,88,2,0.04036454200356161,0.0385254444490215,-0.001839097554540113,-0.023391786415451914
FalconControl,control,pick_and_place_simple,64.0,gameable_hack_action,late_phack,action_p_hack_late_slope,78,2,-0.01922613196183964,-0.03538796673819885,-0.01616183477635921,-0.6601212391025565
FalconControl,control,pick_and_place_simple,64.0,gameable_hack_action,late_phack,action_p_hack_late_change,88,2,0.0018482597054095102,-0.0199275553022744,-0.02177581500768391,-0.15485587045728932
FalconControl,control,pick_and_place_simple,64.0,gameable_hack_action,entropy,reasoning_entropy_mean,88,2,0.3748286869345689,0.39297229485191565,0.01814360791734676,0.06971689887573103
FalconControl,control,pick_and_place_simple,64.0,gameable_hack_action,entropy,action_entropy_mean,88,2,0.1451452890898831,0.047227189352270146,-0.09791809973761297,-0.46951302345233037
FalconControl,control,pick_and_place_simple,64.0,gameable_hack_action,entropy,reasoning_entropy_late_slope,80,2,0.14817714751220595,0.16793873289316252,0.01976158538095657,0.05834518317224578
FalconControl,control,pick_and_place_simple,64.0,gameable_hack_action,entropy,reasoning_entropy_late_change,88,2,-0.5720710285732264,-1.0479813665151596,-0.47591033794193316,-0.9490868748444149
FalconControl,control,pick_and_place_simple,64.0,gameable_hack_action,entropy,action_entropy_late_slope,78,2,0.020699263710878595,0.0428225076757371,0.022123243964858506,0.16098886667209578
FalconControl,control,pick_and_place_simple,64.0,gameable_hack_action,entropy,action_entropy_late_change,88,2,-0.20105594336399174,-0.0908420886844396,0.11021385467955214,0.36646157949957087
FalconControl,control,pick_and_place_simple,64.0,gameable_hack_action,all,reasoning_p_hack,88,2,0.07209507431665131,0.0387792056059765,-0.03331586871067481,-0.8112160050479398
FalconControl,control,pick_and_place_simple,64.0,gameable_hack_action,all,action_p_hack,88,2,0.1260803198431382,0.12089970322267615,-0.005180616620462042,-0.08636888695801326
FalconControl,control,pick_and_place_simple,64.0,gameable_hack_action,all,reasoning_p_hack_late_slope,80,2,-0.01609611771824092,-0.0118579089441747,0.004238208774066221,0.3908558348918193
FalconControl,control,pick_and_place_simple,64.0,gameable_hack_action,all,reasoning_p_hack_late_change,88,2,0.04036454200356161,0.0385254444490215,-0.001839097554540113,-0.023391786415451914
FalconControl,control,pick_and_place_simple,64.0,gameable_hack_action,all,action_p_hack_late_slope,78,2,-0.01922613196183964,-0.03538796673819885,-0.01616183477635921,-0.6601212391025565
FalconControl,control,pick_and_place_simple,64.0,gameable_hack_action,all,action_p_hack_late_change,88,2,0.0018482597054095102,-0.0199275553022744,-0.02177581500768391,-0.15485587045728932
FalconControl,control,pick_and_place_simple,64.0,gameable_hack_action,all,reasoning_entropy_mean,88,2,0.3748286869345689,0.39297229485191565,0.01814360791734676,0.06971689887573103
FalconControl,control,pick_and_place_simple,64.0,gameable_hack_action,all,action_entropy_mean,88,2,0.1451452890898831,0.047227189352270146,-0.09791809973761297,-0.46951302345233037
FalconControl,control,pick_and_place_simple,64.0,gameable_hack_action,all,reasoning_entropy_late_slope,80,2,0.14817714751220595,0.16793873289316252,0.01976158538095657,0.05834518317224578
FalconControl,control,pick_and_place_simple,64.0,gameable_hack_action,all,reasoning_entropy_late_change,88,2,-0.5720710285732264,-1.0479813665151596,-0.47591033794193316,-0.9490868748444149
FalconControl,control,pick_and_place_simple,64.0,gameable_hack_action,all,action_entropy_late_slope,78,2,0.020699263710878595,0.0428225076757371,0.022123243964858506,0.16098886667209578
FalconControl,control,pick_and_place_simple,64.0,gameable_hack_action,all,action_entropy_late_change,88,2,-0.20105594336399174,-0.0908420886844396,0.11021385467955214,0.36646157949957087
FalconControl,control,pick_and_place_simple,64.0,future_gameable_hack_action,mean_phack,reasoning_p_hack,88,2,0.07031031915186811,0.1173084328564376,0.046998113704569494,1.144368240111169
FalconControl,control,pick_and_place_simple,64.0,future_gameable_hack_action,mean_phack,action_p_hack,88,2,0.12376550493225379,0.2227515593015899,0.09898605436933612,1.6502505332043778
FalconControl,control,pick_and_place_simple,64.0,future_gameable_hack_action,late_phack,reasoning_p_hack_late_slope,80,2,-0.01528959626795503,-0.044118766955610456,-0.028829170687655427,-2.6586820468382775
FalconControl,control,pick_and_place_simple,64.0,future_gameable_hack_action,late_phack,reasoning_p_hack_late_change,88,2,0.03858015472812955,0.11703848456803215,0.0784583298399026,0.9979244926933806
FalconControl,control,pick_and_place_simple,64.0,future_gameable_hack_action,late_phack,action_p_hack_late_slope,78,2,-0.018044484625978914,-0.0814722128367672,-0.06342772821078829,-2.5906706212101147
FalconControl,control,pick_and_place_simple,64.0,future_gameable_hack_action,late_phack,action_p_hack_late_change,88,2,0.0012667335256653638,0.005659596606468149,0.004392863080802786,0.031239273291831567
FalconControl,control,pick_and_place_simple,64.0,future_gameable_hack_action,entropy,reasoning_entropy_mean,88,2,0.3761136764828152,0.3364327547290789,-0.039680921753736276,-0.15247412872916502
FalconControl,control,pick_and_place_simple,64.0,future_gameable_hack_action,entropy,action_entropy_mean,88,2,0.14552809617140958,0.03038367776510615,-0.11514441840630343,-0.5521124711822517
FalconControl,control,pick_and_place_simple,64.0,future_gameable_hack_action,entropy,reasoning_entropy_late_slope,80,2,0.14848837290146552,0.15548971732278,0.007001344421314476,0.020671151369627654
FalconControl,control,pick_and_place_simple,64.0,future_gameable_hack_action,entropy,reasoning_entropy_late_change,88,2,-0.5763756715316236,-0.8585770763456821,-0.28220140481405853,-0.5627817427331393
FalconControl,control,pick_and_place_simple,64.0,future_gameable_hack_action,entropy,action_entropy_late_slope,78,2,0.020918307031257785,0.034279818180948454,0.013361511149690669,0.09723052100460937
FalconControl,control,pick_and_place_simple,64.0,future_gameable_hack_action,entropy,action_entropy_late_change,88,2,-0.20283195324670736,-0.01269765384495255,0.1901342994017548,0.6321974299728259
FalconControl,control,pick_and_place_simple,64.0,future_gameable_hack_action,all,reasoning_p_hack,88,2,0.07031031915186811,0.1173084328564376,0.046998113704569494,1.144368240111169
FalconControl,control,pick_and_place_simple,64.0,future_gameable_hack_action,all,action_p_hack,88,2,0.12376550493225379,0.2227515593015899,0.09898605436933612,1.6502505332043778
FalconControl,control,pick_and_place_simple,64.0,future_gameable_hack_action,all,reasoning_p_hack_late_slope,80,2,-0.01528959626795503,-0.044118766955610456,-0.028829170687655427,-2.6586820468382775
FalconControl,control,pick_and_place_simple,64.0,future_gameable_hack_action,all,reasoning_p_hack_late_change,88,2,0.03858015472812955,0.11703848456803215,0.0784583298399026,0.9979244926933806
FalconControl,control,pick_and_place_simple,64.0,future_gameable_hack_action,all,action_p_hack_late_slope,78,2,-0.018044484625978914,-0.0814722128367672,-0.06342772821078829,-2.5906706212101147
FalconControl,control,pick_and_place_simple,64.0,future_gameable_hack_action,all,action_p_hack_late_change,88,2,0.0012667335256653638,0.005659596606468149,0.004392863080802786,0.031239273291831567
FalconControl,control,pick_and_place_simple,64.0,future_gameable_hack_action,all,reasoning_entropy_mean,88,2,0.3761136764828152,0.3364327547290789,-0.039680921753736276,-0.15247412872916502
FalconControl,control,pick_and_place_simple,64.0,future_gameable_hack_action,all,action_entropy_mean,88,2,0.14552809617140958,0.03038367776510615,-0.11514441840630343,-0.5521124711822517
FalconControl,control,pick_and_place_simple,64.0,future_gameable_hack_action,all,reasoning_entropy_late_slope,80,2,0.14848837290146552,0.15548971732278,0.007001344421314476,0.020671151369627654
FalconControl,control,pick_and_place_simple,64.0,future_gameable_hack_action,all,reasoning_entropy_late_change,88,2,-0.5763756715316236,-0.8585770763456821,-0.28220140481405853,-0.5627817427331393
FalconControl,control,pick_and_place_simple,64.0,future_gameable_hack_action,all,action_entropy_late_slope,78,2,0.020918307031257785,0.034279818180948454,0.013361511149690669,0.09723052100460937
FalconControl,control,pick_and_place_simple,64.0,future_gameable_hack_action,all,action_entropy_late_change,88,2,-0.20283195324670736,-0.01269765384495255,0.1901342994017548,0.6321974299728259
FalconControl,control,pick_and_place_simple,64.0,easy_grader_action,mean_phack,reasoning_p_hack,88,2,0.07209507431665131,0.0387792056059765,-0.03331586871067481,-0.8112160050479398
FalconControl,control,pick_and_place_simple,64.0,easy_grader_action,mean_phack,action_p_hack,88,2,0.1260803198431382,0.12089970322267615,-0.005180616620462042,-0.08636888695801326
FalconControl,control,pick_and_place_simple,64.0,easy_grader_action,late_phack,reasoning_p_hack_late_slope,80,2,-0.01609611771824092,-0.0118579089441747,0.004238208774066221,0.3908558348918193
FalconControl,control,pick_and_place_simple,64.0,easy_grader_action,late_phack,reasoning_p_hack_late_change,88,2,0.04036454200356161,0.0385254444490215,-0.001839097554540113,-0.023391786415451914
FalconControl,control,pick_and_place_simple,64.0,easy_grader_action,late_phack,action_p_hack_late_slope,78,2,-0.01922613196183964,-0.03538796673819885,-0.01616183477635921,-0.6601212391025565
FalconControl,control,pick_and_place_simple,64.0,easy_grader_action,late_phack,action_p_hack_late_change,88,2,0.0018482597054095102,-0.0199275553022744,-0.02177581500768391,-0.15485587045728932
FalconControl,control,pick_and_place_simple,64.0,easy_grader_action,entropy,reasoning_entropy_mean,88,2,0.3748286869345689,0.39297229485191565,0.01814360791734676,0.06971689887573103
FalconControl,control,pick_and_place_simple,64.0,easy_grader_action,entropy,action_entropy_mean,88,2,0.1451452890898831,0.047227189352270146,-0.09791809973761297,-0.46951302345233037
FalconControl,control,pick_and_place_simple,64.0,easy_grader_action,entropy,reasoning_entropy_late_slope,80,2,0.14817714751220595,0.16793873289316252,0.01976158538095657,0.05834518317224578
FalconControl,control,pick_and_place_simple,64.0,easy_grader_action,entropy,reasoning_entropy_late_change,88,2,-0.5720710285732264,-1.0479813665151596,-0.47591033794193316,-0.9490868748444149
FalconControl,control,pick_and_place_simple,64.0,easy_grader_action,entropy,action_entropy_late_slope,78,2,0.020699263710878595,0.0428225076757371,0.022123243964858506,0.16098886667209578
FalconControl,control,pick_and_place_simple,64.0,easy_grader_action,entropy,action_entropy_late_change,88,2,-0.20105594336399174,-0.0908420886844396,0.11021385467955214,0.36646157949957087
FalconControl,control,pick_and_place_simple,64.0,easy_grader_action,all,reasoning_p_hack,88,2,0.07209507431665131,0.0387792056059765,-0.03331586871067481,-0.8112160050479398
FalconControl,control,pick_and_place_simple,64.0,easy_grader_action,all,action_p_hack,88,2,0.1260803198431382,0.12089970322267615,-0.005180616620462042,-0.08636888695801326
FalconControl,control,pick_and_place_simple,64.0,easy_grader_action,all,reasoning_p_hack_late_slope,80,2,-0.01609611771824092,-0.0118579089441747,0.004238208774066221,0.3908558348918193
FalconControl,control,pick_and_place_simple,64.0,easy_grader_action,all,reasoning_p_hack_late_change,88,2,0.04036454200356161,0.0385254444490215,-0.001839097554540113,-0.023391786415451914
FalconControl,control,pick_and_place_simple,64.0,easy_grader_action,all,action_p_hack_late_slope,78,2,-0.01922613196183964,-0.03538796673819885,-0.01616183477635921,-0.6601212391025565
FalconControl,control,pick_and_place_simple,64.0,easy_grader_action,all,action_p_hack_late_change,88,2,0.0018482597054095102,-0.0199275553022744,-0.02177581500768391,-0.15485587045728932
FalconControl,control,pick_and_place_simple,64.0,easy_grader_action,all,reasoning_entropy_mean,88,2,0.3748286869345689,0.39297229485191565,0.01814360791734676,0.06971689887573103
FalconControl,control,pick_and_place_simple,64.0,easy_grader_action,all,action_entropy_mean,88,2,0.1451452890898831,0.047227189352270146,-0.09791809973761297,-0.46951302345233037
FalconControl,control,pick_and_place_simple,64.0,easy_grader_action,all,reasoning_entropy_late_slope,80,2,0.14817714751220595,0.16793873289316252,0.01976158538095657,0.05834518317224578
FalconControl,control,pick_and_place_simple,64.0,easy_grader_action,all,reasoning_entropy_late_change,88,2,-0.5720710285732264,-1.0479813665151596,-0.47591033794193316,-0.9490868748444149
FalconControl,control,pick_and_place_simple,64.0,easy_grader_action,all,action_entropy_late_slope,78,2,0.020699263710878595,0.0428225076757371,0.022123243964858506,0.16098886667209578
FalconControl,control,pick_and_place_simple,64.0,easy_grader_action,all,action_entropy_late_change,88,2,-0.20105594336399174,-0.0908420886844396,0.11021385467955214,0.36646157949957087
FalconControl,control,pick_and_place_simple,64.0,future_easy_grader_action,mean_phack,reasoning_p_hack,88,2,0.07031031915186811,0.1173084328564376,0.046998113704569494,1.144368240111169
FalconControl,control,pick_and_place_simple,64.0,future_easy_grader_action,mean_phack,action_p_hack,88,2,0.12376550493225379,0.2227515593015899,0.09898605436933612,1.6502505332043778
FalconControl,control,pick_and_place_simple,64.0,future_easy_grader_action,late_phack,reasoning_p_hack_late_slope,80,2,-0.01528959626795503,-0.044118766955610456,-0.028829170687655427,-2.6586820468382775
FalconControl,control,pick_and_place_simple,64.0,future_easy_grader_action,late_phack,reasoning_p_hack_late_change,88,2,0.03858015472812955,0.11703848456803215,0.0784583298399026,0.9979244926933806
FalconControl,control,pick_and_place_simple,64.0,future_easy_grader_action,late_phack,action_p_hack_late_slope,78,2,-0.018044484625978914,-0.0814722128367672,-0.06342772821078829,-2.5906706212101147
FalconControl,control,pick_and_place_simple,64.0,future_easy_grader_action,late_phack,action_p_hack_late_change,88,2,0.0012667335256653638,0.005659596606468149,0.004392863080802786,0.031239273291831567
FalconControl,control,pick_and_place_simple,64.0,future_easy_grader_action,entropy,reasoning_entropy_mean,88,2,0.3761136764828152,0.3364327547290789,-0.039680921753736276,-0.15247412872916502
FalconControl,control,pick_and_place_simple,64.0,future_easy_grader_action,entropy,action_entropy_mean,88,2,0.14552809617140958,0.03038367776510615,-0.11514441840630343,-0.5521124711822517
FalconControl,control,pick_and_place_simple,64.0,future_easy_grader_action,entropy,reasoning_entropy_late_slope,80,2,0.14848837290146552,0.15548971732278,0.007001344421314476,0.020671151369627654
FalconControl,control,pick_and_place_simple,64.0,future_easy_grader_action,entropy,reasoning_entropy_late_change,88,2,-0.5763756715316236,-0.8585770763456821,-0.28220140481405853,-0.5627817427331393
FalconControl,control,pick_and_place_simple,64.0,future_easy_grader_action,entropy,action_entropy_late_slope,78,2,0.020918307031257785,0.034279818180948454,0.013361511149690669,0.09723052100460937
FalconControl,control,pick_and_place_simple,64.0,future_easy_grader_action,entropy,action_entropy_late_change,88,2,-0.20283195324670736,-0.01269765384495255,0.1901342994017548,0.6321974299728259
FalconControl,control,pick_and_place_simple,64.0,future_easy_grader_action,all,reasoning_p_hack,88,2,0.07031031915186811,0.1173084328564376,0.046998113704569494,1.144368240111169
FalconControl,control,pick_and_place_simple,64.0,future_easy_grader_action,all,action_p_hack,88,2,0.12376550493225379,0.2227515593015899,0.09898605436933612,1.6502505332043778
FalconControl,control,pick_and_place_simple,64.0,future_easy_grader_action,all,reasoning_p_hack_late_slope,80,2,-0.01528959626795503,-0.044118766955610456,-0.028829170687655427,-2.6586820468382775
FalconControl,control,pick_and_place_simple,64.0,future_easy_grader_action,all,reasoning_p_hack_late_change,88,2,0.03858015472812955,0.11703848456803215,0.0784583298399026,0.9979244926933806
FalconControl,control,pick_and_place_simple,64.0,future_easy_grader_action,all,action_p_hack_late_slope,78,2,-0.018044484625978914,-0.0814722128367672,-0.06342772821078829,-2.5906706212101147
FalconControl,control,pick_and_place_simple,64.0,future_easy_grader_action,all,action_p_hack_late_change,88,2,0.0012667335256653638,0.005659596606468149,0.004392863080802786,0.031239273291831567
FalconControl,control,pick_and_place_simple,64.0,future_easy_grader_action,all,reasoning_entropy_mean,88,2,0.3761136764828152,0.3364327547290789,-0.039680921753736276,-0.15247412872916502
FalconControl,control,pick_and_place_simple,64.0,future_easy_grader_action,all,action_entropy_mean,88,2,0.14552809617140958,0.03038367776510615,-0.11514441840630343,-0.5521124711822517
FalconControl,control,pick_and_place_simple,64.0,future_easy_grader_action,all,reasoning_entropy_late_slope,80,2,0.14848837290146552,0.15548971732278,0.007001344421314476,0.020671151369627654
FalconControl,control,pick_and_place_simple,64.0,future_easy_grader_action,all,reasoning_entropy_late_change,88,2,-0.5763756715316236,-0.8585770763456821,-0.28220140481405853,-0.5627817427331393
FalconControl,control,pick_and_place_simple,64.0,future_easy_grader_action,all,action_entropy_late_slope,78,2,0.020918307031257785,0.034279818180948454,0.013361511149690669,0.09723052100460937
FalconControl,control,pick_and_place_simple,64.0,future_easy_grader_action,all,action_entropy_late_change,88,2,-0.20283195324670736,-0.01269765384495255,0.1901342994017548,0.6321974299728259
FalconControl,control,pick_and_place_simple,128.0,gameable_hack_action,mean_phack,reasoning_p_hack,89,1,0.07545049735444666,0.0420856035780161,-0.03336489377643056,-0.7423522356125316
FalconControl,control,pick_and_place_simple,128.0,gameable_hack_action,mean_phack,action_p_hack,89,1,0.13424945796969742,0.1851374809630215,0.05088802299332407,0.7675151249685692
FalconControl,control,pick_and_place_simple,128.0,gameable_hack_action,late_phack,reasoning_p_hack_late_slope,82,1,-0.014839171451863276,-0.0127651843552788,0.002073987096584476,0.1913171041786289
FalconControl,control,pick_and_place_simple,128.0,gameable_hack_action,late_phack,reasoning_p_hack_late_change,89,1,0.03684433768892403,0.0336799051146954,-0.0031644325742286247,-0.034691292899089156
FalconControl,control,pick_and_place_simple,128.0,gameable_hack_action,late_phack,action_p_hack_late_slope,78,1,-0.02206982639892994,-0.0551162208430469,-0.03304639444411696,-2.118688974357925
FalconControl,control,pick_and_place_simple,128.0,gameable_hack_action,late_phack,action_p_hack_late_change,89,1,0.02491782339388243,-0.1989201004616916,-0.22383792385557402,-1.834224781043799
FalconControl,control,pick_and_place_simple,128.0,gameable_hack_action,entropy,reasoning_entropy_mean,89,1,0.4282137790724104,0.379673692952565,-0.04854008611984545,-0.17694410893674847
FalconControl,control,pick_and_place_simple,128.0,gameable_hack_action,entropy,action_entropy_mean,89,1,0.1758661536369618,0.0306423880392685,-0.1452237655976933,-0.8980171026075496
FalconControl,control,pick_and_place_simple,128.0,gameable_hack_action,entropy,reasoning_entropy_late_slope,82,1,0.12213930315626045,0.1967536077063414,0.07461430455008095,0.17267310159358182
FalconControl,control,pick_and_place_simple,128.0,gameable_hack_action,entropy,reasoning_entropy_late_change,89,1,-0.6408382956082217,-0.5042340159416199,0.13660427966660182,0.23611528447453028
FalconControl,control,pick_and_place_simple,128.0,gameable_hack_action,entropy,action_entropy_late_slope,78,1,-0.0036779457427772565,0.0489650764502584,0.05264302219303566,0.222623232904516
FalconControl,control,pick_and_place_simple,128.0,gameable_hack_action,entropy,action_entropy_late_change,89,1,-0.3230213089793753,-0.0192198865115642,0.3038014224678111,0.7511675536158363
FalconControl,control,pick_and_place_simple,128.0,gameable_hack_action,all,reasoning_p_hack,89,1,0.07545049735444666,0.0420856035780161,-0.03336489377643056,-0.7423522356125316
FalconControl,control,pick_and_place_simple,128.0,gameable_hack_action,all,action_p_hack,89,1,0.13424945796969742,0.1851374809630215,0.05088802299332407,0.7675151249685692
FalconControl,control,pick_and_place_simple,128.0,gameable_hack_action,all,reasoning_p_hack_late_slope,82,1,-0.014839171451863276,-0.0127651843552788,0.002073987096584476,0.1913171041786289
FalconControl,control,pick_and_place_simple,128.0,gameable_hack_action,all,reasoning_p_hack_late_change,89,1,0.03684433768892403,0.0336799051146954,-0.0031644325742286247,-0.034691292899089156
FalconControl,control,pick_and_place_simple,128.0,gameable_hack_action,all,action_p_hack_late_slope,78,1,-0.02206982639892994,-0.0551162208430469,-0.03304639444411696,-2.118688974357925
FalconControl,control,pick_and_place_simple,128.0,gameable_hack_action,all,action_p_hack_late_change,89,1,0.02491782339388243,-0.1989201004616916,-0.22383792385557402,-1.834224781043799
FalconControl,control,pick_and_place_simple,128.0,gameable_hack_action,all,reasoning_entropy_mean,89,1,0.4282137790724104,0.379673692952565,-0.04854008611984545,-0.17694410893674847
FalconControl,control,pick_and_place_simple,128.0,gameable_hack_action,all,action_entropy_mean,89,1,0.1758661536369618,0.0306423880392685,-0.1452237655976933,-0.8980171026075496
FalconControl,control,pick_and_place_simple,128.0,gameable_hack_action,all,reasoning_entropy_late_slope,82,1,0.12213930315626045,0.1967536077063414,0.07461430455008095,0.17267310159358182
FalconControl,control,pick_and_place_simple,128.0,gameable_hack_action,all,reasoning_entropy_late_change,89,1,-0.6408382956082217,-0.5042340159416199,0.13660427966660182,0.23611528447453028
FalconControl,control,pick_and_place_simple,128.0,gameable_hack_action,all,action_entropy_late_slope,78,1,-0.0036779457427772565,0.0489650764502584,0.05264302219303566,0.222623232904516
FalconControl,control,pick_and_place_simple,128.0,gameable_hack_action,all,action_entropy_late_change,89,1,-0.3230213089793753,-0.0192198865115642,0.3038014224678111,0.7511675536158363
FalconControl,control,pick_and_place_simple,128.0,future_gameable_hack_action,mean_phack,reasoning_p_hack,89,1,0.07453674592446907,0.1234094808460213,0.048872734921552224,1.0873939618276922
FalconControl,control,pick_and_place_simple,128.0,future_gameable_hack_action,mean_phack,action_p_hack,89,1,0.13399433862249555,0.2078431028639897,0.07384876424149414,1.1138189338387259
FalconControl,control,pick_and_place_simple,128.0,future_gameable_hack_action,late_phack,reasoning_p_hack_late_slope,82,1,-0.014498247566038966,-0.0407209429928722,-0.026222695426833233,-2.4189399061748538
FalconControl,control,pick_and_place_simple,128.0,future_gameable_hack_action,late_phack,reasoning_p_hack_late_change,89,1,0.03593058625894644,0.1150037823827005,0.07907319612375405,0.8668699183343967
FalconControl,control,pick_and_place_simple,128.0,future_gameable_hack_action,late_phack,action_p_hack_late_slope,78,1,-0.02197670202238768,-0.0623799222133432,-0.04040322019095552,-2.5903539126451394
FalconControl,control,pick_and_place_simple,128.0,future_gameable_hack_action,late_phack,action_p_hack_late_change,89,1,0.02036371949745248,0.2063951463205739,0.18603142682312143,1.5244219891535071
FalconControl,control,pick_and_place_simple,128.0,future_gameable_hack_action,entropy,reasoning_entropy_mean,89,1,0.43179761319424503,0.0607124561092859,-0.37108515708495915,-1.3527238558648957
FalconControl,control,pick_and_place_simple,128.0,future_gameable_hack_action,entropy,action_entropy_mean,89,1,0.1760216282914025,0.0168051437940448,-0.1592164844973577,-0.9845435800898147
FalconControl,control,pick_and_place_simple,128.0,future_gameable_hack_action,entropy,reasoning_entropy_late_slope,82,1,0.12367764548571174,0.0706095366913359,-0.05306810879437583,-0.12281069959018427
FalconControl,control,pick_and_place_simple,128.0,future_gameable_hack_action,entropy,reasoning_entropy_late_change,89,1,-0.6453677582122621,-0.1011118441820144,0.5442559140302478,0.9407255781578266
FalconControl,control,pick_and_place_simple,128.0,future_gameable_hack_action,entropy,action_entropy_late_slope,78,1,-0.0035061227276272874,0.0355628812685608,0.03906900399618809,0.16521976918607637
FalconControl,control,pick_and_place_simple,128.0,future_gameable_hack_action,entropy,action_entropy_late_change,89,1,-0.32351762676883616,0.0249523967504501,0.34847002351928624,0.8616133951880017
FalconControl,control,pick_and_place_simple,128.0,future_gameable_hack_action,all,reasoning_p_hack,89,1,0.07453674592446907,0.1234094808460213,0.048872734921552224,1.0873939618276922
FalconControl,control,pick_and_place_simple,128.0,future_gameable_hack_action,all,action_p_hack,89,1,0.13399433862249555,0.2078431028639897,0.07384876424149414,1.1138189338387259
FalconControl,control,pick_and_place_simple,128.0,future_gameable_hack_action,all,reasoning_p_hack_late_slope,82,1,-0.014498247566038966,-0.0407209429928722,-0.026222695426833233,-2.4189399061748538
FalconControl,control,pick_and_place_simple,128.0,future_gameable_hack_action,all,reasoning_p_hack_late_change,89,1,0.03593058625894644,0.1150037823827005,0.07907319612375405,0.8668699183343967
FalconControl,control,pick_and_place_simple,128.0,future_gameable_hack_action,all,action_p_hack_late_slope,78,1,-0.02197670202238768,-0.0623799222133432,-0.04040322019095552,-2.5903539126451394
FalconControl,control,pick_and_place_simple,128.0,future_gameable_hack_action,all,action_p_hack_late_change,89,1,0.02036371949745248,0.2063951463205739,0.18603142682312143,1.5244219891535071
FalconControl,control,pick_and_place_simple,128.0,future_gameable_hack_action,all,reasoning_entropy_mean,89,1,0.43179761319424503,0.0607124561092859,-0.37108515708495915,-1.3527238558648957
FalconControl,control,pick_and_place_simple,128.0,future_gameable_hack_action,all,action_entropy_mean,89,1,0.1760216282914025,0.0168051437940448,-0.1592164844973577,-0.9845435800898147
FalconControl,control,pick_and_place_simple,128.0,future_gameable_hack_action,all,reasoning_entropy_late_slope,82,1,0.12367764548571174,0.0706095366913359,-0.05306810879437583,-0.12281069959018427
FalconControl,control,pick_and_place_simple,128.0,future_gameable_hack_action,all,reasoning_entropy_late_change,89,1,-0.6453677582122621,-0.1011118441820144,0.5442559140302478,0.9407255781578266
FalconControl,control,pick_and_place_simple,128.0,future_gameable_hack_action,all,action_entropy_late_slope,78,1,-0.0035061227276272874,0.0355628812685608,0.03906900399618809,0.16521976918607637
FalconControl,control,pick_and_place_simple,128.0,future_gameable_hack_action,all,action_entropy_late_change,89,1,-0.32351762676883616,0.0249523967504501,0.34847002351928624,0.8616133951880017
FalconControl,control,pick_and_place_simple,128.0,easy_grader_action,mean_phack,reasoning_p_hack,89,1,0.07545049735444666,0.0420856035780161,-0.03336489377643056,-0.7423522356125316
FalconControl,control,pick_and_place_simple,128.0,easy_grader_action,mean_phack,action_p_hack,89,1,0.13424945796969742,0.1851374809630215,0.05088802299332407,0.7675151249685692
FalconControl,control,pick_and_place_simple,128.0,easy_grader_action,late_phack,reasoning_p_hack_late_slope,82,1,-0.014839171451863276,-0.0127651843552788,0.002073987096584476,0.1913171041786289
FalconControl,control,pick_and_place_simple,128.0,easy_grader_action,late_phack,reasoning_p_hack_late_change,89,1,0.03684433768892403,0.0336799051146954,-0.0031644325742286247,-0.034691292899089156
FalconControl,control,pick_and_place_simple,128.0,easy_grader_action,late_phack,action_p_hack_late_slope,78,1,-0.02206982639892994,-0.0551162208430469,-0.03304639444411696,-2.118688974357925
FalconControl,control,pick_and_place_simple,128.0,easy_grader_action,late_phack,action_p_hack_late_change,89,1,0.02491782339388243,-0.1989201004616916,-0.22383792385557402,-1.834224781043799
FalconControl,control,pick_and_place_simple,128.0,easy_grader_action,entropy,reasoning_entropy_mean,89,1,0.4282137790724104,0.379673692952565,-0.04854008611984545,-0.17694410893674847
FalconControl,control,pick_and_place_simple,128.0,easy_grader_action,entropy,action_entropy_mean,89,1,0.1758661536369618,0.0306423880392685,-0.1452237655976933,-0.8980171026075496
FalconControl,control,pick_and_place_simple,128.0,easy_grader_action,entropy,reasoning_entropy_late_slope,82,1,0.12213930315626045,0.1967536077063414,0.07461430455008095,0.17267310159358182
FalconControl,control,pick_and_place_simple,128.0,easy_grader_action,entropy,reasoning_entropy_late_change,89,1,-0.6408382956082217,-0.5042340159416199,0.13660427966660182,0.23611528447453028
FalconControl,control,pick_and_place_simple,128.0,easy_grader_action,entropy,action_entropy_late_slope,78,1,-0.0036779457427772565,0.0489650764502584,0.05264302219303566,0.222623232904516
FalconControl,control,pick_and_place_simple,128.0,easy_grader_action,entropy,action_entropy_late_change,89,1,-0.3230213089793753,-0.0192198865115642,0.3038014224678111,0.7511675536158363
FalconControl,control,pick_and_place_simple,128.0,easy_grader_action,all,reasoning_p_hack,89,1,0.07545049735444666,0.0420856035780161,-0.03336489377643056,-0.7423522356125316
FalconControl,control,pick_and_place_simple,128.0,easy_grader_action,all,action_p_hack,89,1,0.13424945796969742,0.1851374809630215,0.05088802299332407,0.7675151249685692
FalconControl,control,pick_and_place_simple,128.0,easy_grader_action,all,reasoning_p_hack_late_slope,82,1,-0.014839171451863276,-0.0127651843552788,0.002073987096584476,0.1913171041786289
FalconControl,control,pick_and_place_simple,128.0,easy_grader_action,all,reasoning_p_hack_late_change,89,1,0.03684433768892403,0.0336799051146954,-0.0031644325742286247,-0.034691292899089156
FalconControl,control,pick_and_place_simple,128.0,easy_grader_action,all,action_p_hack_late_slope,78,1,-0.02206982639892994,-0.0551162208430469,-0.03304639444411696,-2.118688974357925
FalconControl,control,pick_and_place_simple,128.0,easy_grader_action,all,action_p_hack_late_change,89,1,0.02491782339388243,-0.1989201004616916,-0.22383792385557402,-1.834224781043799
FalconControl,control,pick_and_place_simple,128.0,easy_grader_action,all,reasoning_entropy_mean,89,1,0.4282137790724104,0.379673692952565,-0.04854008611984545,-0.17694410893674847
FalconControl,control,pick_and_place_simple,128.0,easy_grader_action,all,action_entropy_mean,89,1,0.1758661536369618,0.0306423880392685,-0.1452237655976933,-0.8980171026075496
FalconControl,control,pick_and_place_simple,128.0,easy_grader_action,all,reasoning_entropy_late_slope,82,1,0.12213930315626045,0.1967536077063414,0.07461430455008095,0.17267310159358182
FalconControl,control,pick_and_place_simple,128.0,easy_grader_action,all,reasoning_entropy_late_change,89,1,-0.6408382956082217,-0.5042340159416199,0.13660427966660182,0.23611528447453028
FalconControl,control,pick_and_place_simple,128.0,easy_grader_action,all,action_entropy_late_slope,78,1,-0.0036779457427772565,0.0489650764502584,0.05264302219303566,0.222623232904516
FalconControl,control,pick_and_place_simple,128.0,easy_grader_action,all,action_entropy_late_change,89,1,-0.3230213089793753,-0.0192198865115642,0.3038014224678111,0.7511675536158363
FalconControl,control,pick_and_place_simple,128.0,future_easy_grader_action,mean_phack,reasoning_p_hack,89,1,0.07453674592446907,0.1234094808460213,0.048872734921552224,1.0873939618276922
FalconControl,control,pick_and_place_simple,128.0,future_easy_grader_action,mean_phack,action_p_hack,89,1,0.13399433862249555,0.2078431028639897,0.07384876424149414,1.1138189338387259
FalconControl,control,pick_and_place_simple,128.0,future_easy_grader_action,late_phack,reasoning_p_hack_late_slope,82,1,-0.014498247566038966,-0.0407209429928722,-0.026222695426833233,-2.4189399061748538
FalconControl,control,pick_and_place_simple,128.0,future_easy_grader_action,late_phack,reasoning_p_hack_late_change,89,1,0.03593058625894644,0.1150037823827005,0.07907319612375405,0.8668699183343967
FalconControl,control,pick_and_place_simple,128.0,future_easy_grader_action,late_phack,action_p_hack_late_slope,78,1,-0.02197670202238768,-0.0623799222133432,-0.04040322019095552,-2.5903539126451394
FalconControl,control,pick_and_place_simple,128.0,future_easy_grader_action,late_phack,action_p_hack_late_change,89,1,0.02036371949745248,0.2063951463205739,0.18603142682312143,1.5244219891535071
FalconControl,control,pick_and_place_simple,128.0,future_easy_grader_action,entropy,reasoning_entropy_mean,89,1,0.43179761319424503,0.0607124561092859,-0.37108515708495915,-1.3527238558648957
FalconControl,control,pick_and_place_simple,128.0,future_easy_grader_action,entropy,action_entropy_mean,89,1,0.1760216282914025,0.0168051437940448,-0.1592164844973577,-0.9845435800898147
FalconControl,control,pick_and_place_simple,128.0,future_easy_grader_action,entropy,reasoning_entropy_late_slope,82,1,0.12367764548571174,0.0706095366913359,-0.05306810879437583,-0.12281069959018427
FalconControl,control,pick_and_place_simple,128.0,future_easy_grader_action,entropy,reasoning_entropy_late_change,89,1,-0.6453677582122621,-0.1011118441820144,0.5442559140302478,0.9407255781578266
FalconControl,control,pick_and_place_simple,128.0,future_easy_grader_action,entropy,action_entropy_late_slope,78,1,-0.0035061227276272874,0.0355628812685608,0.03906900399618809,0.16521976918607637
FalconControl,control,pick_and_place_simple,128.0,future_easy_grader_action,entropy,action_entropy_late_change,89,1,-0.32351762676883616,0.0249523967504501,0.34847002351928624,0.8616133951880017
FalconControl,control,pick_and_place_simple,128.0,future_easy_grader_action,all,reasoning_p_hack,89,1,0.07453674592446907,0.1234094808460213,0.048872734921552224,1.0873939618276922
FalconControl,control,pick_and_place_simple,128.0,future_easy_grader_action,all,action_p_hack,89,1,0.13399433862249555,0.2078431028639897,0.07384876424149414,1.1138189338387259
FalconControl,control,pick_and_place_simple,128.0,future_easy_grader_action,all,reasoning_p_hack_late_slope,82,1,-0.014498247566038966,-0.0407209429928722,-0.026222695426833233,-2.4189399061748538
FalconControl,control,pick_and_place_simple,128.0,future_easy_grader_action,all,reasoning_p_hack_late_change,89,1,0.03593058625894644,0.1150037823827005,0.07907319612375405,0.8668699183343967
FalconControl,control,pick_and_place_simple,128.0,future_easy_grader_action,all,action_p_hack_late_slope,78,1,-0.02197670202238768,-0.0623799222133432,-0.04040322019095552,-2.5903539126451394
FalconControl,control,pick_and_place_simple,128.0,future_easy_grader_action,all,action_p_hack_late_change,89,1,0.02036371949745248,0.2063951463205739,0.18603142682312143,1.5244219891535071
FalconControl,control,pick_and_place_simple,128.0,future_easy_grader_action,all,reasoning_entropy_mean,89,1,0.43179761319424503,0.0607124561092859,-0.37108515708495915,-1.3527238558648957
FalconControl,control,pick_and_place_simple,128.0,future_easy_grader_action,all,action_entropy_mean,89,1,0.1760216282914025,0.0168051437940448,-0.1592164844973577,-0.9845435800898147
FalconControl,control,pick_and_place_simple,128.0,future_easy_grader_action,all,reasoning_entropy_late_slope,82,1,0.12367764548571174,0.0706095366913359,-0.05306810879437583,-0.12281069959018427
FalconControl,control,pick_and_place_simple,128.0,future_easy_grader_action,all,reasoning_entropy_late_change,89,1,-0.6453677582122621,-0.1011118441820144,0.5442559140302478,0.9407255781578266
FalconControl,control,pick_and_place_simple,128.0,future_easy_grader_action,all,action_entropy_late_slope,78,1,-0.0035061227276272874,0.0355628812685608,0.03906900399618809,0.16521976918607637
FalconControl,control,pick_and_place_simple,128.0,future_easy_grader_action,all,action_entropy_late_change,89,1,-0.32351762676883616,0.0249523967504501,0.34847002351928624,0.8616133951880017
FalconControl,control,pick_and_place_simple,256.0,gameable_hack_action,mean_phack,reasoning_p_hack,88,2,0.07259007453944542,0.04363592252775555,-0.028954152011689875,-0.6087769437447125
FalconControl,control,pick_and_place_simple,256.0,gameable_hack_action,mean_phack,action_p_hack,88,2,0.14227198560603455,0.12063706573098895,-0.021634919875045594,-0.29982075316780826
FalconControl,control,pick_and_place_simple,256.0,gameable_hack_action,late_phack,reasoning_p_hack_late_slope,73,2,-0.018415241073974086,-0.01307844659216545,0.005336794481808637,0.4384269515062053
FalconControl,control,pick_and_place_simple,256.0,gameable_hack_action,late_phack,reasoning_p_hack_late_change,88,2,0.03604413235314318,0.04362591971585055,0.007581787362707371,0.08852188494115738
FalconControl,control,pick_and_place_simple,256.0,gameable_hack_action,late_phack,action_p_hack_late_slope,71,2,-0.019223007878632063,-0.033799900052448095,-0.014576892173816032,-0.42655711390933837
FalconControl,control,pick_and_place_simple,256.0,gameable_hack_action,late_phack,action_p_hack_late_change,88,2,0.00577422308219963,-0.011164636351168149,-0.01693885943336778,-0.11842587849367726
FalconControl,control,pick_and_place_simple,256.0,gameable_hack_action,entropy,reasoning_entropy_mean,88,2,0.44020319211545017,0.346411875931949,-0.09379131618350117,-0.29886027393079834
FalconControl,control,pick_and_place_simple,256.0,gameable_hack_action,entropy,action_entropy_mean,88,2,0.1885709196497047,0.06003637220419475,-0.12853454744550996,-0.51911382926303
FalconControl,control,pick_and_place_simple,256.0,gameable_hack_action,entropy,reasoning_entropy_late_slope,73,2,0.08308000774352003,0.1595028694032407,0.07642286165972068,0.24310662327264063
FalconControl,control,pick_and_place_simple,256.0,gameable_hack_action,entropy,reasoning_entropy_late_change,88,2,-0.6886843830622319,-0.8351030722260475,-0.14641868916381562,-0.30652343463804926
FalconControl,control,pick_and_place_simple,256.0,gameable_hack_action,entropy,action_entropy_late_slope,71,2,0.016119007997396784,0.04124425706686445,0.025125249069467667,0.20166436008610006
FalconControl,control,pick_and_place_simple,256.0,gameable_hack_action,entropy,action_entropy_late_change,88,2,-0.32101735777343327,-0.1306357011198997,0.19038165665353357,0.4698061972044591
FalconControl,control,pick_and_place_simple,256.0,gameable_hack_action,all,reasoning_p_hack,88,2,0.07259007453944542,0.04363592252775555,-0.028954152011689875,-0.6087769437447125
FalconControl,control,pick_and_place_simple,256.0,gameable_hack_action,all,action_p_hack,88,2,0.14227198560603455,0.12063706573098895,-0.021634919875045594,-0.29982075316780826
FalconControl,control,pick_and_place_simple,256.0,gameable_hack_action,all,reasoning_p_hack_late_slope,73,2,-0.018415241073974086,-0.01307844659216545,0.005336794481808637,0.4384269515062053
FalconControl,control,pick_and_place_simple,256.0,gameable_hack_action,all,reasoning_p_hack_late_change,88,2,0.03604413235314318,0.04362591971585055,0.007581787362707371,0.08852188494115738
FalconControl,control,pick_and_place_simple,256.0,gameable_hack_action,all,action_p_hack_late_slope,71,2,-0.019223007878632063,-0.033799900052448095,-0.014576892173816032,-0.42655711390933837
FalconControl,control,pick_and_place_simple,256.0,gameable_hack_action,all,action_p_hack_late_change,88,2,0.00577422308219963,-0.011164636351168149,-0.01693885943336778,-0.11842587849367726
FalconControl,control,pick_and_place_simple,256.0,gameable_hack_action,all,reasoning_entropy_mean,88,2,0.44020319211545017,0.346411875931949,-0.09379131618350117,-0.29886027393079834
FalconControl,control,pick_and_place_simple,256.0,gameable_hack_action,all,action_entropy_mean,88,2,0.1885709196497047,0.06003637220419475,-0.12853454744550996,-0.51911382926303
FalconControl,control,pick_and_place_simple,256.0,gameable_hack_action,all,reasoning_entropy_late_slope,73,2,0.08308000774352003,0.1595028694032407,0.07642286165972068,0.24310662327264063
FalconControl,control,pick_and_place_simple,256.0,gameable_hack_action,all,reasoning_entropy_late_change,88,2,-0.6886843830622319,-0.8351030722260475,-0.14641868916381562,-0.30652343463804926
FalconControl,control,pick_and_place_simple,256.0,gameable_hack_action,all,action_entropy_late_slope,71,2,0.016119007997396784,0.04124425706686445,0.025125249069467667,0.20166436008610006
FalconControl,control,pick_and_place_simple,256.0,gameable_hack_action,all,action_entropy_late_change,88,2,-0.32101735777343327,-0.1306357011198997,0.19038165665353357,0.4698061972044591
FalconControl,control,pick_and_place_simple,256.0,future_gameable_hack_action,mean_phack,reasoning_p_hack,88,2,0.07127322423026104,0.10157733613186784,0.030304111901606798,0.637160591645358
FalconControl,control,pick_and_place_simple,256.0,future_gameable_hack_action,mean_phack,action_p_hack,88,2,0.1400111991731188,0.22011166877928184,0.08010046960616304,1.1100472414559532
FalconControl,control,pick_and_place_simple,256.0,future_gameable_hack_action,late_phack,reasoning_p_hack_late_slope,73,2,-0.01785497129996898,-0.0335282933433518,-0.015673322043382818,-1.287590673929522
FalconControl,control,pick_and_place_simple,256.0,future_gameable_hack_action,late_phack,reasoning_p_hack_late_change,88,2,0.03473341680627474,0.10129740377806226,0.06656398697178753,0.7771742089370831
FalconControl,control,pick_and_place_simple,256.0,future_gameable_hack_action,late_phack,action_p_hack_late_slope,71,2,-0.01824040125061651,-0.0686824353470001,-0.050442034096383585,-1.4760628141654917
FalconControl,control,pick_and_place_simple,256.0,future_gameable_hack_action,late_phack,action_p_hack_late_change,88,2,0.0041580115303706845,0.059948671929305454,0.055790660398934766,0.3900532970048176
FalconControl,control,pick_and_place_simple,256.0,future_gameable_hack_action,entropy,reasoning_entropy_mean,88,2,0.4468414556462339,0.05432828057746515,-0.39251317506876876,-1.2507191475273811
FalconControl,control,pick_and_place_simple,256.0,future_gameable_hack_action,entropy,action_entropy_mean,88,2,0.18964585349054233,0.01273928320733825,-0.17690657028320408,-0.7144744268884998
FalconControl,control,pick_and_place_simple,256.0,future_gameable_hack_action,entropy,reasoning_entropy_late_slope,73,2,0.08580771885619755,0.059941413790511405,-0.025866305065686143,-0.08228257807275022
FalconControl,control,pick_and_place_simple,256.0,future_gameable_hack_action,entropy,reasoning_entropy_late_change,88,2,-0.7054624219615615,-0.09686936065554615,0.6085930613060153,1.274072568971654
FalconControl,control,pick_and_place_simple,256.0,future_gameable_hack_action,entropy,action_entropy_late_slope,71,2,0.016594146339601535,0.02437684591859575,0.007782699578994214,0.062466769025883405
FalconControl,control,pick_and_place_simple,256.0,future_gameable_hack_action,entropy,action_entropy_late_change,88,2,-0.32433552736157173,0.0153637607581913,0.339699288119763,0.8382784011331673
FalconControl,control,pick_and_place_simple,256.0,future_gameable_hack_action,all,reasoning_p_hack,88,2,0.07127322423026104,0.10157733613186784,0.030304111901606798,0.637160591645358
FalconControl,control,pick_and_place_simple,256.0,future_gameable_hack_action,all,action_p_hack,88,2,0.1400111991731188,0.22011166877928184,0.08010046960616304,1.1100472414559532
FalconControl,control,pick_and_place_simple,256.0,future_gameable_hack_action,all,reasoning_p_hack_late_slope,73,2,-0.01785497129996898,-0.0335282933433518,-0.015673322043382818,-1.287590673929522
FalconControl,control,pick_and_place_simple,256.0,future_gameable_hack_action,all,reasoning_p_hack_late_change,88,2,0.03473341680627474,0.10129740377806226,0.06656398697178753,0.7771742089370831
FalconControl,control,pick_and_place_simple,256.0,future_gameable_hack_action,all,action_p_hack_late_slope,71,2,-0.01824040125061651,-0.0686824353470001,-0.050442034096383585,-1.4760628141654917
FalconControl,control,pick_and_place_simple,256.0,future_gameable_hack_action,all,action_p_hack_late_change,88,2,0.0041580115303706845,0.059948671929305454,0.055790660398934766,0.3900532970048176
FalconControl,control,pick_and_place_simple,256.0,future_gameable_hack_action,all,reasoning_entropy_mean,88,2,0.4468414556462339,0.05432828057746515,-0.39251317506876876,-1.2507191475273811
FalconControl,control,pick_and_place_simple,256.0,future_gameable_hack_action,all,action_entropy_mean,88,2,0.18964585349054233,0.01273928320733825,-0.17690657028320408,-0.7144744268884998
FalconControl,control,pick_and_place_simple,256.0,future_gameable_hack_action,all,reasoning_entropy_late_slope,73,2,0.08580771885619755,0.059941413790511405,-0.025866305065686143,-0.08228257807275022
FalconControl,control,pick_and_place_simple,256.0,future_gameable_hack_action,all,reasoning_entropy_late_change,88,2,-0.7054624219615615,-0.09686936065554615,0.6085930613060153,1.274072568971654
FalconControl,control,pick_and_place_simple,256.0,future_gameable_hack_action,all,action_entropy_late_slope,71,2,0.016594146339601535,0.02437684591859575,0.007782699578994214,0.062466769025883405
FalconControl,control,pick_and_place_simple,256.0,future_gameable_hack_action,all,action_entropy_late_change,88,2,-0.32433552736157173,0.0153637607581913,0.339699288119763,0.8382784011331673
FalconControl,control,pick_and_place_simple,256.0,easy_grader_action,mean_phack,reasoning_p_hack,88,2,0.07259007453944542,0.04363592252775555,-0.028954152011689875,-0.6087769437447125
FalconControl,control,pick_and_place_simple,256.0,easy_grader_action,mean_phack,action_p_hack,88,2,0.14227198560603455,0.12063706573098895,-0.021634919875045594,-0.29982075316780826
FalconControl,control,pick_and_place_simple,256.0,easy_grader_action,late_phack,reasoning_p_hack_late_slope,73,2,-0.018415241073974086,-0.01307844659216545,0.005336794481808637,0.4384269515062053
FalconControl,control,pick_and_place_simple,256.0,easy_grader_action,late_phack,reasoning_p_hack_late_change,88,2,0.03604413235314318,0.04362591971585055,0.007581787362707371,0.08852188494115738
FalconControl,control,pick_and_place_simple,256.0,easy_grader_action,late_phack,action_p_hack_late_slope,71,2,-0.019223007878632063,-0.033799900052448095,-0.014576892173816032,-0.42655711390933837
FalconControl,control,pick_and_place_simple,256.0,easy_grader_action,late_phack,action_p_hack_late_change,88,2,0.00577422308219963,-0.011164636351168149,-0.01693885943336778,-0.11842587849367726
FalconControl,control,pick_and_place_simple,256.0,easy_grader_action,entropy,reasoning_entropy_mean,88,2,0.44020319211545017,0.346411875931949,-0.09379131618350117,-0.29886027393079834
FalconControl,control,pick_and_place_simple,256.0,easy_grader_action,entropy,action_entropy_mean,88,2,0.1885709196497047,0.06003637220419475,-0.12853454744550996,-0.51911382926303
FalconControl,control,pick_and_place_simple,256.0,easy_grader_action,entropy,reasoning_entropy_late_slope,73,2,0.08308000774352003,0.1595028694032407,0.07642286165972068,0.24310662327264063
FalconControl,control,pick_and_place_simple,256.0,easy_grader_action,entropy,reasoning_entropy_late_change,88,2,-0.6886843830622319,-0.8351030722260475,-0.14641868916381562,-0.30652343463804926
FalconControl,control,pick_and_place_simple,256.0,easy_grader_action,entropy,action_entropy_late_slope,71,2,0.016119007997396784,0.04124425706686445,0.025125249069467667,0.20166436008610006
FalconControl,control,pick_and_place_simple,256.0,easy_grader_action,entropy,action_entropy_late_change,88,2,-0.32101735777343327,-0.1306357011198997,0.19038165665353357,0.4698061972044591
FalconControl,control,pick_and_place_simple,256.0,easy_grader_action,all,reasoning_p_hack,88,2,0.07259007453944542,0.04363592252775555,-0.028954152011689875,-0.6087769437447125
FalconControl,control,pick_and_place_simple,256.0,easy_grader_action,all,action_p_hack,88,2,0.14227198560603455,0.12063706573098895,-0.021634919875045594,-0.29982075316780826
FalconControl,control,pick_and_place_simple,256.0,easy_grader_action,all,reasoning_p_hack_late_slope,73,2,-0.018415241073974086,-0.01307844659216545,0.005336794481808637,0.4384269515062053
FalconControl,control,pick_and_place_simple,256.0,easy_grader_action,all,reasoning_p_hack_late_change,88,2,0.03604413235314318,0.04362591971585055,0.007581787362707371,0.08852188494115738
FalconControl,control,pick_and_place_simple,256.0,easy_grader_action,all,action_p_hack_late_slope,71,2,-0.019223007878632063,-0.033799900052448095,-0.014576892173816032,-0.42655711390933837
FalconControl,control,pick_and_place_simple,256.0,easy_grader_action,all,action_p_hack_late_change,88,2,0.00577422308219963,-0.011164636351168149,-0.01693885943336778,-0.11842587849367726
FalconControl,control,pick_and_place_simple,256.0,easy_grader_action,all,reasoning_entropy_mean,88,2,0.44020319211545017,0.346411875931949,-0.09379131618350117,-0.29886027393079834
FalconControl,control,pick_and_place_simple,256.0,easy_grader_action,all,action_entropy_mean,88,2,0.1885709196497047,0.06003637220419475,-0.12853454744550996,-0.51911382926303
FalconControl,control,pick_and_place_simple,256.0,easy_grader_action,all,reasoning_entropy_late_slope,73,2,0.08308000774352003,0.1595028694032407,0.07642286165972068,0.24310662327264063
FalconControl,control,pick_and_place_simple,256.0,easy_grader_action,all,reasoning_entropy_late_change,88,2,-0.6886843830622319,-0.8351030722260475,-0.14641868916381562,-0.30652343463804926
FalconControl,control,pick_and_place_simple,256.0,easy_grader_action,all,action_entropy_late_slope,71,2,0.016119007997396784,0.04124425706686445,0.025125249069467667,0.20166436008610006
FalconControl,control,pick_and_place_simple,256.0,easy_grader_action,all,action_entropy_late_change,88,2,-0.32101735777343327,-0.1306357011198997,0.19038165665353357,0.4698061972044591
FalconControl,control,pick_and_place_simple,256.0,future_easy_grader_action,mean_phack,reasoning_p_hack,88,2,0.07127322423026104,0.10157733613186784,0.030304111901606798,0.637160591645358
FalconControl,control,pick_and_place_simple,256.0,future_easy_grader_action,mean_phack,action_p_hack,88,2,0.1400111991731188,0.22011166877928184,0.08010046960616304,1.1100472414559532
FalconControl,control,pick_and_place_simple,256.0,future_easy_grader_action,late_phack,reasoning_p_hack_late_slope,73,2,-0.01785497129996898,-0.0335282933433518,-0.015673322043382818,-1.287590673929522
FalconControl,control,pick_and_place_simple,256.0,future_easy_grader_action,late_phack,reasoning_p_hack_late_change,88,2,0.03473341680627474,0.10129740377806226,0.06656398697178753,0.7771742089370831
FalconControl,control,pick_and_place_simple,256.0,future_easy_grader_action,late_phack,action_p_hack_late_slope,71,2,-0.01824040125061651,-0.0686824353470001,-0.050442034096383585,-1.4760628141654917
FalconControl,control,pick_and_place_simple,256.0,future_easy_grader_action,late_phack,action_p_hack_late_change,88,2,0.0041580115303706845,0.059948671929305454,0.055790660398934766,0.3900532970048176
FalconControl,control,pick_and_place_simple,256.0,future_easy_grader_action,entropy,reasoning_entropy_mean,88,2,0.4468414556462339,0.05432828057746515,-0.39251317506876876,-1.2507191475273811
FalconControl,control,pick_and_place_simple,256.0,future_easy_grader_action,entropy,action_entropy_mean,88,2,0.18964585349054233,0.01273928320733825,-0.17690657028320408,-0.7144744268884998
FalconControl,control,pick_and_place_simple,256.0,future_easy_grader_action,entropy,reasoning_entropy_late_slope,73,2,0.08580771885619755,0.059941413790511405,-0.025866305065686143,-0.08228257807275022
FalconControl,control,pick_and_place_simple,256.0,future_easy_grader_action,entropy,reasoning_entropy_late_change,88,2,-0.7054624219615615,-0.09686936065554615,0.6085930613060153,1.274072568971654
FalconControl,control,pick_and_place_simple,256.0,future_easy_grader_action,entropy,action_entropy_late_slope,71,2,0.016594146339601535,0.02437684591859575,0.007782699578994214,0.062466769025883405
FalconControl,control,pick_and_place_simple,256.0,future_easy_grader_action,entropy,action_entropy_late_change,88,2,-0.32433552736157173,0.0153637607581913,0.339699288119763,0.8382784011331673
FalconControl,control,pick_and_place_simple,256.0,future_easy_grader_action,all,reasoning_p_hack,88,2,0.07127322423026104,0.10157733613186784,0.030304111901606798,0.637160591645358
FalconControl,control,pick_and_place_simple,256.0,future_easy_grader_action,all,action_p_hack,88,2,0.1400111991731188,0.22011166877928184,0.08010046960616304,1.1100472414559532
FalconControl,control,pick_and_place_simple,256.0,future_easy_grader_action,all,reasoning_p_hack_late_slope,73,2,-0.01785497129996898,-0.0335282933433518,-0.015673322043382818,-1.287590673929522
FalconControl,control,pick_and_place_simple,256.0,future_easy_grader_action,all,reasoning_p_hack_late_change,88,2,0.03473341680627474,0.10129740377806226,0.06656398697178753,0.7771742089370831
FalconControl,control,pick_and_place_simple,256.0,future_easy_grader_action,all,action_p_hack_late_slope,71,2,-0.01824040125061651,-0.0686824353470001,-0.050442034096383585,-1.4760628141654917
FalconControl,control,pick_and_place_simple,256.0,future_easy_grader_action,all,action_p_hack_late_change,88,2,0.0041580115303706845,0.059948671929305454,0.055790660398934766,0.3900532970048176
FalconControl,control,pick_and_place_simple,256.0,future_easy_grader_action,all,reasoning_entropy_mean,88,2,0.4468414556462339,0.05432828057746515,-0.39251317506876876,-1.2507191475273811
FalconControl,control,pick_and_place_simple,256.0,future_easy_grader_action,all,action_entropy_mean,88,2,0.18964585349054233,0.01273928320733825,-0.17690657028320408,-0.7144744268884998
FalconControl,control,pick_and_place_simple,256.0,future_easy_grader_action,all,reasoning_entropy_late_slope,73,2,0.08580771885619755,0.059941413790511405,-0.025866305065686143,-0.08228257807275022
FalconControl,control,pick_and_place_simple,256.0,future_easy_grader_action,all,reasoning_entropy_late_change,88,2,-0.7054624219615615,-0.09686936065554615,0.6085930613060153,1.274072568971654
FalconControl,control,pick_and_place_simple,256.0,future_easy_grader_action,all,action_entropy_late_slope,71,2,0.016594146339601535,0.02437684591859575,0.007782699578994214,0.062466769025883405
FalconControl,control,pick_and_place_simple,256.0,future_easy_grader_action,all,action_entropy_late_change,88,2,-0.32433552736157173,0.0153637607581913,0.339699288119763,0.8382784011331673
FalconMix05,mix05,pick_and_place_simple,8.0,gameable_hack_action,mean_phack,reasoning_p_hack,88,2,0.7230404641172341,0.649214593693614,-0.0738258704236201,-0.7243352870558923
FalconMix05,mix05,pick_and_place_simple,8.0,gameable_hack_action,mean_phack,action_p_hack,88,2,0.8127809213977095,0.7838312182575464,-0.028949703140163097,-0.3393540454159516
FalconMix05,mix05,pick_and_place_simple,8.0,gameable_hack_action,late_phack,reasoning_p_hack_late_slope,88,2,0.02135747876214828,0.03507843640233785,0.013720957640189567,0.6150325739603197
FalconMix05,mix05,pick_and_place_simple,8.0,gameable_hack_action,late_phack,reasoning_p_hack_late_change,88,2,0.33151099288476293,0.28930553607642645,-0.04220545680833648,-0.16216595982616594
FalconMix05,mix05,pick_and_place_simple,8.0,gameable_hack_action,late_phack,action_p_hack_late_slope,88,2,0.012946545018273222,0.017330385478479503,0.004383840460206281,0.22160047044776005
FalconMix05,mix05,pick_and_place_simple,8.0,gameable_hack_action,late_phack,action_p_hack_late_change,88,2,0.19341121170278217,0.024607846513390548,-0.16880336518939162,-0.8736953212765284
FalconMix05,mix05,pick_and_place_simple,8.0,gameable_hack_action,entropy,reasoning_entropy_mean,88,2,0.3807241286971715,0.6700176008280323,0.2892934721308608,1.278699806570829
FalconMix05,mix05,pick_and_place_simple,8.0,gameable_hack_action,entropy,action_entropy_mean,88,2,0.375674931402367,0.4206483948037203,0.044973463401353275,0.1626400459308893
FalconMix05,mix05,pick_and_place_simple,8.0,gameable_hack_action,entropy,reasoning_entropy_late_slope,88,2,-0.0647107591493714,0.3818793222308159,0.4465900813801873,0.5753782923551648
FalconMix05,mix05,pick_and_place_simple,8.0,gameable_hack_action,entropy,reasoning_entropy_late_change,88,2,-0.7593635221366836,-0.8154470920562744,-0.05608356991959085,-0.07515719301808876
FalconMix05,mix05,pick_and_place_simple,8.0,gameable_hack_action,entropy,action_entropy_late_slope,88,2,0.08881226059896168,1.148529700934887,1.0597174403359253,0.9746425909909288
FalconMix05,mix05,pick_and_place_simple,8.0,gameable_hack_action,entropy,action_entropy_late_change,88,2,-0.6528838939669196,0.5868236720561981,1.2397075660231178,1.454129293181089
FalconMix05,mix05,pick_and_place_simple,8.0,gameable_hack_action,all,reasoning_p_hack,88,2,0.7230404641172341,0.649214593693614,-0.0738258704236201,-0.7243352870558923
FalconMix05,mix05,pick_and_place_simple,8.0,gameable_hack_action,all,action_p_hack,88,2,0.8127809213977095,0.7838312182575464,-0.028949703140163097,-0.3393540454159516
FalconMix05,mix05,pick_and_place_simple,8.0,gameable_hack_action,all,reasoning_p_hack_late_slope,88,2,0.02135747876214828,0.03507843640233785,0.013720957640189567,0.6150325739603197
FalconMix05,mix05,pick_and_place_simple,8.0,gameable_hack_action,all,reasoning_p_hack_late_change,88,2,0.33151099288476293,0.28930553607642645,-0.04220545680833648,-0.16216595982616594
FalconMix05,mix05,pick_and_place_simple,8.0,gameable_hack_action,all,action_p_hack_late_slope,88,2,0.012946545018273222,0.017330385478479503,0.004383840460206281,0.22160047044776005
FalconMix05,mix05,pick_and_place_simple,8.0,gameable_hack_action,all,action_p_hack_late_change,88,2,0.19341121170278217,0.024607846513390548,-0.16880336518939162,-0.8736953212765284
FalconMix05,mix05,pick_and_place_simple,8.0,gameable_hack_action,all,reasoning_entropy_mean,88,2,0.3807241286971715,0.6700176008280323,0.2892934721308608,1.278699806570829
FalconMix05,mix05,pick_and_place_simple,8.0,gameable_hack_action,all,action_entropy_mean,88,2,0.375674931402367,0.4206483948037203,0.044973463401353275,0.1626400459308893
FalconMix05,mix05,pick_and_place_simple,8.0,gameable_hack_action,all,reasoning_entropy_late_slope,88,2,-0.0647107591493714,0.3818793222308159,0.4465900813801873,0.5753782923551648
FalconMix05,mix05,pick_and_place_simple,8.0,gameable_hack_action,all,reasoning_entropy_late_change,88,2,-0.7593635221366836,-0.8154470920562744,-0.05608356991959085,-0.07515719301808876
FalconMix05,mix05,pick_and_place_simple,8.0,gameable_hack_action,all,action_entropy_late_slope,88,2,0.08881226059896168,1.148529700934887,1.0597174403359253,0.9746425909909288
FalconMix05,mix05,pick_and_place_simple,8.0,gameable_hack_action,all,action_entropy_late_change,88,2,-0.6528838939669196,0.5868236720561981,1.2397075660231178,1.454129293181089
FalconMix05,mix05,pick_and_place_simple,8.0,future_gameable_hack_action,mean_phack,reasoning_p_hack,88,2,0.7187703938847831,0.8370976839214563,0.1183272900366732,1.160956601032334
FalconMix05,mix05,pick_and_place_simple,8.0,future_gameable_hack_action,mean_phack,action_p_hack,88,2,0.8095521003256594,0.9258993454277515,0.11634724510209216,1.3638450144803038
FalconMix05,mix05,pick_and_place_simple,8.0,future_gameable_hack_action,late_phack,reasoning_p_hack_late_slope,88,2,0.022161301812791998,-0.0002897778259856494,-0.022451079638777648,-1.0063543420599592
FalconMix05,mix05,pick_and_place_simple,8.0,future_gameable_hack_action,late_phack,reasoning_p_hack_late_change,88,2,0.3279469345897352,0.44612410105764866,0.11817716646791349,0.45407193948485874
FalconMix05,mix05,pick_and_place_simple,8.0,future_gameable_hack_action,late_phack,action_p_hack_late_slope,88,2,0.013167515141940832,0.00760770003710475,-0.005559815104836082,-0.28104527389125467
FalconMix05,mix05,pick_and_place_simple,8.0,future_gameable_hack_action,late_phack,action_p_hack_late_change,88,2,0.18972111367144284,0.1869721598923206,-0.0027489537791222374,-0.014228081605659047
FalconMix05,mix05,pick_and_place_simple,8.0,future_gameable_hack_action,entropy,reasoning_entropy_mean,88,2,0.384537324476111,0.5022369865546921,0.11769966207858107,0.5202417255556125
FalconMix05,mix05,pick_and_place_simple,8.0,future_gameable_hack_action,entropy,action_entropy_mean,88,2,0.3770252642188503,0.3612337508784549,-0.015791513340395413,-0.057107731109783254
FalconMix05,mix05,pick_and_place_simple,8.0,future_gameable_hack_action,entropy,reasoning_entropy_late_slope,88,2,-0.05088416761620351,-0.22649070522857073,-0.17560653761236722,-0.22624817243039075
FalconMix05,mix05,pick_and_place_simple,8.0,future_gameable_hack_action,entropy,reasoning_entropy_late_change,88,2,-0.75452219019383,-1.028465697541833,-0.2739435073480029,-0.3671097451058314
FalconMix05,mix05,pick_and_place_simple,8.0,future_gameable_hack_action,entropy,action_entropy_late_slope,88,2,0.12999424595727244,-0.6634776548307855,-0.793471900788058,-0.7297714275773561
FalconMix05,mix05,pick_and_place_simple,8.0,future_gameable_hack_action,entropy,action_entropy_late_change,88,2,-0.6166121039177855,-1.0091350901057012,-0.3925229861879157,-0.46041436553765486
FalconMix05,mix05,pick_and_place_simple,8.0,future_gameable_hack_action,all,reasoning_p_hack,88,2,0.7187703938847831,0.8370976839214563,0.1183272900366732,1.160956601032334
FalconMix05,mix05,pick_and_place_simple,8.0,future_gameable_hack_action,all,action_p_hack,88,2,0.8095521003256594,0.9258993454277515,0.11634724510209216,1.3638450144803038
FalconMix05,mix05,pick_and_place_simple,8.0,future_gameable_hack_action,all,reasoning_p_hack_late_slope,88,2,0.022161301812791998,-0.0002897778259856494,-0.022451079638777648,-1.0063543420599592
FalconMix05,mix05,pick_and_place_simple,8.0,future_gameable_hack_action,all,reasoning_p_hack_late_change,88,2,0.3279469345897352,0.44612410105764866,0.11817716646791349,0.45407193948485874
FalconMix05,mix05,pick_and_place_simple,8.0,future_gameable_hack_action,all,action_p_hack_late_slope,88,2,0.013167515141940832,0.00760770003710475,-0.005559815104836082,-0.28104527389125467
FalconMix05,mix05,pick_and_place_simple,8.0,future_gameable_hack_action,all,action_p_hack_late_change,88,2,0.18972111367144284,0.1869721598923206,-0.0027489537791222374,-0.014228081605659047
FalconMix05,mix05,pick_and_place_simple,8.0,future_gameable_hack_action,all,reasoning_entropy_mean,88,2,0.384537324476111,0.5022369865546921,0.11769966207858107,0.5202417255556125
FalconMix05,mix05,pick_and_place_simple,8.0,future_gameable_hack_action,all,action_entropy_mean,88,2,0.3770252642188503,0.3612337508784549,-0.015791513340395413,-0.057107731109783254
FalconMix05,mix05,pick_and_place_simple,8.0,future_gameable_hack_action,all,reasoning_entropy_late_slope,88,2,-0.05088416761620351,-0.22649070522857073,-0.17560653761236722,-0.22624817243039075
FalconMix05,mix05,pick_and_place_simple,8.0,future_gameable_hack_action,all,reasoning_entropy_late_change,88,2,-0.75452219019383,-1.028465697541833,-0.2739435073480029,-0.3671097451058314
FalconMix05,mix05,pick_and_place_simple,8.0,future_gameable_hack_action,all,action_entropy_late_slope,88,2,0.12999424595727244,-0.6634776548307855,-0.793471900788058,-0.7297714275773561
FalconMix05,mix05,pick_and_place_simple,8.0,future_gameable_hack_action,all,action_entropy_late_change,88,2,-0.6166121039177855,-1.0091350901057012,-0.3925229861879157,-0.46041436553765486
FalconMix05,mix05,pick_and_place_simple,8.0,easy_grader_action,mean_phack,reasoning_p_hack,88,2,0.7230404641172341,0.649214593693614,-0.0738258704236201,-0.7243352870558923
FalconMix05,mix05,pick_and_place_simple,8.0,easy_grader_action,mean_phack,action_p_hack,88,2,0.8127809213977095,0.7838312182575464,-0.028949703140163097,-0.3393540454159516
FalconMix05,mix05,pick_and_place_simple,8.0,easy_grader_action,late_phack,reasoning_p_hack_late_slope,88,2,0.02135747876214828,0.03507843640233785,0.013720957640189567,0.6150325739603197
FalconMix05,mix05,pick_and_place_simple,8.0,easy_grader_action,late_phack,reasoning_p_hack_late_change,88,2,0.33151099288476293,0.28930553607642645,-0.04220545680833648,-0.16216595982616594
FalconMix05,mix05,pick_and_place_simple,8.0,easy_grader_action,late_phack,action_p_hack_late_slope,88,2,0.012946545018273222,0.017330385478479503,0.004383840460206281,0.22160047044776005
FalconMix05,mix05,pick_and_place_simple,8.0,easy_grader_action,late_phack,action_p_hack_late_change,88,2,0.19341121170278217,0.024607846513390548,-0.16880336518939162,-0.8736953212765284
FalconMix05,mix05,pick_and_place_simple,8.0,easy_grader_action,entropy,reasoning_entropy_mean,88,2,0.3807241286971715,0.6700176008280323,0.2892934721308608,1.278699806570829
FalconMix05,mix05,pick_and_place_simple,8.0,easy_grader_action,entropy,action_entropy_mean,88,2,0.375674931402367,0.4206483948037203,0.044973463401353275,0.1626400459308893
FalconMix05,mix05,pick_and_place_simple,8.0,easy_grader_action,entropy,reasoning_entropy_late_slope,88,2,-0.0647107591493714,0.3818793222308159,0.4465900813801873,0.5753782923551648
FalconMix05,mix05,pick_and_place_simple,8.0,easy_grader_action,entropy,reasoning_entropy_late_change,88,2,-0.7593635221366836,-0.8154470920562744,-0.05608356991959085,-0.07515719301808876
FalconMix05,mix05,pick_and_place_simple,8.0,easy_grader_action,entropy,action_entropy_late_slope,88,2,0.08881226059896168,1.148529700934887,1.0597174403359253,0.9746425909909288
FalconMix05,mix05,pick_and_place_simple,8.0,easy_grader_action,entropy,action_entropy_late_change,88,2,-0.6528838939669196,0.5868236720561981,1.2397075660231178,1.454129293181089
FalconMix05,mix05,pick_and_place_simple,8.0,easy_grader_action,all,reasoning_p_hack,88,2,0.7230404641172341,0.649214593693614,-0.0738258704236201,-0.7243352870558923
FalconMix05,mix05,pick_and_place_simple,8.0,easy_grader_action,all,action_p_hack,88,2,0.8127809213977095,0.7838312182575464,-0.028949703140163097,-0.3393540454159516
FalconMix05,mix05,pick_and_place_simple,8.0,easy_grader_action,all,reasoning_p_hack_late_slope,88,2,0.02135747876214828,0.03507843640233785,0.013720957640189567,0.6150325739603197
FalconMix05,mix05,pick_and_place_simple,8.0,easy_grader_action,all,reasoning_p_hack_late_change,88,2,0.33151099288476293,0.28930553607642645,-0.04220545680833648,-0.16216595982616594
FalconMix05,mix05,pick_and_place_simple,8.0,easy_grader_action,all,action_p_hack_late_slope,88,2,0.012946545018273222,0.017330385478479503,0.004383840460206281,0.22160047044776005
FalconMix05,mix05,pick_and_place_simple,8.0,easy_grader_action,all,action_p_hack_late_change,88,2,0.19341121170278217,0.024607846513390548,-0.16880336518939162,-0.8736953212765284
FalconMix05,mix05,pick_and_place_simple,8.0,easy_grader_action,all,reasoning_entropy_mean,88,2,0.3807241286971715,0.6700176008280323,0.2892934721308608,1.278699806570829
FalconMix05,mix05,pick_and_place_simple,8.0,easy_grader_action,all,action_entropy_mean,88,2,0.375674931402367,0.4206483948037203,0.044973463401353275,0.1626400459308893
FalconMix05,mix05,pick_and_place_simple,8.0,easy_grader_action,all,reasoning_entropy_late_slope,88,2,-0.0647107591493714,0.3818793222308159,0.4465900813801873,0.5753782923551648
FalconMix05,mix05,pick_and_place_simple,8.0,easy_grader_action,all,reasoning_entropy_late_change,88,2,-0.7593635221366836,-0.8154470920562744,-0.05608356991959085,-0.07515719301808876
FalconMix05,mix05,pick_and_place_simple,8.0,easy_grader_action,all,action_entropy_late_slope,88,2,0.08881226059896168,1.148529700934887,1.0597174403359253,0.9746425909909288
FalconMix05,mix05,pick_and_place_simple,8.0,easy_grader_action,all,action_entropy_late_change,88,2,-0.6528838939669196,0.5868236720561981,1.2397075660231178,1.454129293181089
FalconMix05,mix05,pick_and_place_simple,8.0,future_easy_grader_action,mean_phack,reasoning_p_hack,88,2,0.7187703938847831,0.8370976839214563,0.1183272900366732,1.160956601032334
FalconMix05,mix05,pick_and_place_simple,8.0,future_easy_grader_action,mean_phack,action_p_hack,88,2,0.8095521003256594,0.9258993454277515,0.11634724510209216,1.3638450144803038
FalconMix05,mix05,pick_and_place_simple,8.0,future_easy_grader_action,late_phack,reasoning_p_hack_late_slope,88,2,0.022161301812791998,-0.0002897778259856494,-0.022451079638777648,-1.0063543420599592
FalconMix05,mix05,pick_and_place_simple,8.0,future_easy_grader_action,late_phack,reasoning_p_hack_late_change,88,2,0.3279469345897352,0.44612410105764866,0.11817716646791349,0.45407193948485874
FalconMix05,mix05,pick_and_place_simple,8.0,future_easy_grader_action,late_phack,action_p_hack_late_slope,88,2,0.013167515141940832,0.00760770003710475,-0.005559815104836082,-0.28104527389125467
FalconMix05,mix05,pick_and_place_simple,8.0,future_easy_grader_action,late_phack,action_p_hack_late_change,88,2,0.18972111367144284,0.1869721598923206,-0.0027489537791222374,-0.014228081605659047
FalconMix05,mix05,pick_and_place_simple,8.0,future_easy_grader_action,entropy,reasoning_entropy_mean,88,2,0.384537324476111,0.5022369865546921,0.11769966207858107,0.5202417255556125
FalconMix05,mix05,pick_and_place_simple,8.0,future_easy_grader_action,entropy,action_entropy_mean,88,2,0.3770252642188503,0.3612337508784549,-0.015791513340395413,-0.057107731109783254
FalconMix05,mix05,pick_and_place_simple,8.0,future_easy_grader_action,entropy,reasoning_entropy_late_slope,88,2,-0.05088416761620351,-0.22649070522857073,-0.17560653761236722,-0.22624817243039075
FalconMix05,mix05,pick_and_place_simple,8.0,future_easy_grader_action,entropy,reasoning_entropy_late_change,88,2,-0.75452219019383,-1.028465697541833,-0.2739435073480029,-0.3671097451058314
FalconMix05,mix05,pick_and_place_simple,8.0,future_easy_grader_action,entropy,action_entropy_late_slope,88,2,0.12999424595727244,-0.6634776548307855,-0.793471900788058,-0.7297714275773561
FalconMix05,mix05,pick_and_place_simple,8.0,future_easy_grader_action,entropy,action_entropy_late_change,88,2,-0.6166121039177855,-1.0091350901057012,-0.3925229861879157,-0.46041436553765486
FalconMix05,mix05,pick_and_place_simple,8.0,future_easy_grader_action,all,reasoning_p_hack,88,2,0.7187703938847831,0.8370976839214563,0.1183272900366732,1.160956601032334
FalconMix05,mix05,pick_and_place_simple,8.0,future_easy_grader_action,all,action_p_hack,88,2,0.8095521003256594,0.9258993454277515,0.11634724510209216,1.3638450144803038
FalconMix05,mix05,pick_and_place_simple,8.0,future_easy_grader_action,all,reasoning_p_hack_late_slope,88,2,0.022161301812791998,-0.0002897778259856494,-0.022451079638777648,-1.0063543420599592
FalconMix05,mix05,pick_and_place_simple,8.0,future_easy_grader_action,all,reasoning_p_hack_late_change,88,2,0.3279469345897352,0.44612410105764866,0.11817716646791349,0.45407193948485874
FalconMix05,mix05,pick_and_place_simple,8.0,future_easy_grader_action,all,action_p_hack_late_slope,88,2,0.013167515141940832,0.00760770003710475,-0.005559815104836082,-0.28104527389125467
FalconMix05,mix05,pick_and_place_simple,8.0,future_easy_grader_action,all,action_p_hack_late_change,88,2,0.18972111367144284,0.1869721598923206,-0.0027489537791222374,-0.014228081605659047
FalconMix05,mix05,pick_and_place_simple,8.0,future_easy_grader_action,all,reasoning_entropy_mean,88,2,0.384537324476111,0.5022369865546921,0.11769966207858107,0.5202417255556125
FalconMix05,mix05,pick_and_place_simple,8.0,future_easy_grader_action,all,action_entropy_mean,88,2,0.3770252642188503,0.3612337508784549,-0.015791513340395413,-0.057107731109783254
FalconMix05,mix05,pick_and_place_simple,8.0,future_easy_grader_action,all,reasoning_entropy_late_slope,88,2,-0.05088416761620351,-0.22649070522857073,-0.17560653761236722,-0.22624817243039075
FalconMix05,mix05,pick_and_place_simple,8.0,future_easy_grader_action,all,reasoning_entropy_late_change,88,2,-0.75452219019383,-1.028465697541833,-0.2739435073480029,-0.3671097451058314
FalconMix05,mix05,pick_and_place_simple,8.0,future_easy_grader_action,all,action_entropy_late_slope,88,2,0.12999424595727244,-0.6634776548307855,-0.793471900788058,-0.7297714275773561
FalconMix05,mix05,pick_and_place_simple,8.0,future_easy_grader_action,all,action_entropy_late_change,88,2,-0.6166121039177855,-1.0091350901057012,-0.3925229861879157,-0.46041436553765486
FalconMix05,mix05,pick_and_place_simple,64.0,gameable_hack_action,mean_phack,reasoning_p_hack,87,3,0.8035397054676044,0.7633095287407438,-0.04023017672686069,-0.5658994320926888
FalconMix05,mix05,pick_and_place_simple,64.0,gameable_hack_action,mean_phack,action_p_hack,87,3,0.8548161746484453,0.808236929277579,-0.04657924537086633,-0.6860809058840632
FalconMix05,mix05,pick_and_place_simple,64.0,gameable_hack_action,late_phack,reasoning_p_hack_late_slope,87,3,-0.00029476582872213654,-0.01671505835954173,-0.016420292530819596,-0.9899309351381563
FalconMix05,mix05,pick_and_place_simple,64.0,gameable_hack_action,late_phack,reasoning_p_hack_late_change,87,3,0.21843052585254644,0.40269756828989633,0.1842670424373499,1.5767578481694076
FalconMix05,mix05,pick_and_place_simple,64.0,gameable_hack_action,late_phack,action_p_hack_late_slope,87,3,0.008943982076737847,-0.006390329272974101,-0.015334311349711947,-0.9506018690205088
FalconMix05,mix05,pick_and_place_simple,64.0,gameable_hack_action,late_phack,action_p_hack_late_change,87,3,0.22635333199353738,0.1454091394941012,-0.08094419249943618,-0.42120447156175483
FalconMix05,mix05,pick_and_place_simple,64.0,gameable_hack_action,entropy,reasoning_entropy_mean,87,3,0.35447313745676695,0.5165764042865028,0.1621032668297358,0.571062209664049
FalconMix05,mix05,pick_and_place_simple,64.0,gameable_hack_action,entropy,action_entropy_mean,87,3,0.33958371319165925,0.2954651167638076,-0.04411859642785165,-0.19987599877387058
FalconMix05,mix05,pick_and_place_simple,64.0,gameable_hack_action,entropy,reasoning_entropy_late_slope,87,3,0.028356424291069153,-0.7586130091995349,-0.786969433490604,-1.4750671309440164
FalconMix05,mix05,pick_and_place_simple,64.0,gameable_hack_action,entropy,reasoning_entropy_late_change,87,3,-0.055688286420092006,-0.3680823000082642,-0.3123940135881722,-0.7447121261109465
FalconMix05,mix05,pick_and_place_simple,64.0,gameable_hack_action,entropy,action_entropy_late_slope,87,3,0.13598223132995482,0.09498590246463813,-0.04099632886531669,-0.04142447437096307
FalconMix05,mix05,pick_and_place_simple,64.0,gameable_hack_action,entropy,action_entropy_late_change,87,3,-0.8992870458241211,-0.34746520097057026,0.5518218448535508,0.610287832611261
FalconMix05,mix05,pick_and_place_simple,64.0,gameable_hack_action,all,reasoning_p_hack,87,3,0.8035397054676044,0.7633095287407438,-0.04023017672686069,-0.5658994320926888
FalconMix05,mix05,pick_and_place_simple,64.0,gameable_hack_action,all,action_p_hack,87,3,0.8548161746484453,0.808236929277579,-0.04657924537086633,-0.6860809058840632
FalconMix05,mix05,pick_and_place_simple,64.0,gameable_hack_action,all,reasoning_p_hack_late_slope,87,3,-0.00029476582872213654,-0.01671505835954173,-0.016420292530819596,-0.9899309351381563
FalconMix05,mix05,pick_and_place_simple,64.0,gameable_hack_action,all,reasoning_p_hack_late_change,87,3,0.21843052585254644,0.40269756828989633,0.1842670424373499,1.5767578481694076
FalconMix05,mix05,pick_and_place_simple,64.0,gameable_hack_action,all,action_p_hack_late_slope,87,3,0.008943982076737847,-0.006390329272974101,-0.015334311349711947,-0.9506018690205088
FalconMix05,mix05,pick_and_place_simple,64.0,gameable_hack_action,all,action_p_hack_late_change,87,3,0.22635333199353738,0.1454091394941012,-0.08094419249943618,-0.42120447156175483
FalconMix05,mix05,pick_and_place_simple,64.0,gameable_hack_action,all,reasoning_entropy_mean,87,3,0.35447313745676695,0.5165764042865028,0.1621032668297358,0.571062209664049
FalconMix05,mix05,pick_and_place_simple,64.0,gameable_hack_action,all,action_entropy_mean,87,3,0.33958371319165925,0.2954651167638076,-0.04411859642785165,-0.19987599877387058
FalconMix05,mix05,pick_and_place_simple,64.0,gameable_hack_action,all,reasoning_entropy_late_slope,87,3,0.028356424291069153,-0.7586130091995349,-0.786969433490604,-1.4750671309440164
FalconMix05,mix05,pick_and_place_simple,64.0,gameable_hack_action,all,reasoning_entropy_late_change,87,3,-0.055688286420092006,-0.3680823000082642,-0.3123940135881722,-0.7447121261109465
FalconMix05,mix05,pick_and_place_simple,64.0,gameable_hack_action,all,action_entropy_late_slope,87,3,0.13598223132995482,0.09498590246463813,-0.04099632886531669,-0.04142447437096307
FalconMix05,mix05,pick_and_place_simple,64.0,gameable_hack_action,all,action_entropy_late_change,87,3,-0.8992870458241211,-0.34746520097057026,0.5518218448535508,0.610287832611261
FalconMix05,mix05,pick_and_place_simple,64.0,future_gameable_hack_action,mean_phack,reasoning_p_hack,87,3,0.8009681262127084,0.8378853271327292,0.03691720092002082,0.5192973219315437
FalconMix05,mix05,pick_and_place_simple,64.0,future_gameable_hack_action,mean_phack,action_p_hack,87,3,0.8530626058278755,0.8590904250741005,0.006027819246224975,0.08878571681502757
FalconMix05,mix05,pick_and_place_simple,64.0,future_gameable_hack_action,late_phack,reasoning_p_hack_late_slope,87,3,-0.0005116802325374572,-0.010424540648897434,-0.009912860416359977,-0.5976170743269603
FalconMix05,mix05,pick_and_place_simple,64.0,future_gameable_hack_action,late_phack,reasoning_p_hack_late_change,87,3,0.22182688780362883,0.3042030717085058,0.08237618390487697,0.7048861953619426
FalconMix05,mix05,pick_and_place_simple,64.0,future_gameable_hack_action,late_phack,action_p_hack_late_slope,87,3,0.00867543430396388,0.0013975561374709334,-0.007277878166492946,-0.4511689132816328
FalconMix05,mix05,pick_and_place_simple,64.0,future_gameable_hack_action,late_phack,action_p_hack_late_change,87,3,0.22272855550821485,0.2505276575684547,0.027799102060239833,0.14465653101988965
FalconMix05,mix05,pick_and_place_simple,64.0,future_gameable_hack_action,entropy,reasoning_entropy_mean,87,3,0.35919706461270734,0.3795825167642308,0.020385452151523487,0.07181447714361722
FalconMix05,mix05,pick_and_place_simple,64.0,future_gameable_hack_action,entropy,action_entropy_mean,87,3,0.3429021604927618,0.1992301450318336,-0.1436720154609282,-0.6508953119818537
FalconMix05,mix05,pick_and_place_simple,64.0,future_gameable_hack_action,entropy,reasoning_entropy_late_slope,87,3,0.020101652847824787,-0.5192246373454481,-0.5393262901932729,-1.0108937522381796
FalconMix05,mix05,pick_and_place_simple,64.0,future_gameable_hack_action,entropy,reasoning_entropy_late_change,87,3,-0.05988792871400096,-0.2462926734849047,-0.18640474477090374,-0.44436790641741014
FalconMix05,mix05,pick_and_place_simple,64.0,future_gameable_hack_action,entropy,action_entropy_late_slope,87,3,0.14874554592520142,-0.2751502207975136,-0.423895766722715,-0.4283227257311934
FalconMix05,mix05,pick_and_place_simple,64.0,future_gameable_hack_action,entropy,action_entropy_late_change,87,3,-0.8934410466288057,-0.516999177634716,0.3764418689940897,0.4163262010649576
FalconMix05,mix05,pick_and_place_simple,64.0,future_gameable_hack_action,all,reasoning_p_hack,87,3,0.8009681262127084,0.8378853271327292,0.03691720092002082,0.5192973219315437
FalconMix05,mix05,pick_and_place_simple,64.0,future_gameable_hack_action,all,action_p_hack,87,3,0.8530626058278755,0.8590904250741005,0.006027819246224975,0.08878571681502757
FalconMix05,mix05,pick_and_place_simple,64.0,future_gameable_hack_action,all,reasoning_p_hack_late_slope,87,3,-0.0005116802325374572,-0.010424540648897434,-0.009912860416359977,-0.5976170743269603
FalconMix05,mix05,pick_and_place_simple,64.0,future_gameable_hack_action,all,reasoning_p_hack_late_change,87,3,0.22182688780362883,0.3042030717085058,0.08237618390487697,0.7048861953619426
FalconMix05,mix05,pick_and_place_simple,64.0,future_gameable_hack_action,all,action_p_hack_late_slope,87,3,0.00867543430396388,0.0013975561374709334,-0.007277878166492946,-0.4511689132816328
FalconMix05,mix05,pick_and_place_simple,64.0,future_gameable_hack_action,all,action_p_hack_late_change,87,3,0.22272855550821485,0.2505276575684547,0.027799102060239833,0.14465653101988965
FalconMix05,mix05,pick_and_place_simple,64.0,future_gameable_hack_action,all,reasoning_entropy_mean,87,3,0.35919706461270734,0.3795825167642308,0.020385452151523487,0.07181447714361722
FalconMix05,mix05,pick_and_place_simple,64.0,future_gameable_hack_action,all,action_entropy_mean,87,3,0.3429021604927618,0.1992301450318336,-0.1436720154609282,-0.6508953119818537
FalconMix05,mix05,pick_and_place_simple,64.0,future_gameable_hack_action,all,reasoning_entropy_late_slope,87,3,0.020101652847824787,-0.5192246373454481,-0.5393262901932729,-1.0108937522381796
FalconMix05,mix05,pick_and_place_simple,64.0,future_gameable_hack_action,all,reasoning_entropy_late_change,87,3,-0.05988792871400096,-0.2462926734849047,-0.18640474477090374,-0.44436790641741014
FalconMix05,mix05,pick_and_place_simple,64.0,future_gameable_hack_action,all,action_entropy_late_slope,87,3,0.14874554592520142,-0.2751502207975136,-0.423895766722715,-0.4283227257311934
FalconMix05,mix05,pick_and_place_simple,64.0,future_gameable_hack_action,all,action_entropy_late_change,87,3,-0.8934410466288057,-0.516999177634716,0.3764418689940897,0.4163262010649576
FalconMix05,mix05,pick_and_place_simple,64.0,easy_grader_action,mean_phack,reasoning_p_hack,87,3,0.8035397054676044,0.7633095287407438,-0.04023017672686069,-0.5658994320926888
FalconMix05,mix05,pick_and_place_simple,64.0,easy_grader_action,mean_phack,action_p_hack,87,3,0.8548161746484453,0.808236929277579,-0.04657924537086633,-0.6860809058840632
FalconMix05,mix05,pick_and_place_simple,64.0,easy_grader_action,late_phack,reasoning_p_hack_late_slope,87,3,-0.00029476582872213654,-0.01671505835954173,-0.016420292530819596,-0.9899309351381563
FalconMix05,mix05,pick_and_place_simple,64.0,easy_grader_action,late_phack,reasoning_p_hack_late_change,87,3,0.21843052585254644,0.40269756828989633,0.1842670424373499,1.5767578481694076
FalconMix05,mix05,pick_and_place_simple,64.0,easy_grader_action,late_phack,action_p_hack_late_slope,87,3,0.008943982076737847,-0.006390329272974101,-0.015334311349711947,-0.9506018690205088
FalconMix05,mix05,pick_and_place_simple,64.0,easy_grader_action,late_phack,action_p_hack_late_change,87,3,0.22635333199353738,0.1454091394941012,-0.08094419249943618,-0.42120447156175483
FalconMix05,mix05,pick_and_place_simple,64.0,easy_grader_action,entropy,reasoning_entropy_mean,87,3,0.35447313745676695,0.5165764042865028,0.1621032668297358,0.571062209664049
FalconMix05,mix05,pick_and_place_simple,64.0,easy_grader_action,entropy,action_entropy_mean,87,3,0.33958371319165925,0.2954651167638076,-0.04411859642785165,-0.19987599877387058
FalconMix05,mix05,pick_and_place_simple,64.0,easy_grader_action,entropy,reasoning_entropy_late_slope,87,3,0.028356424291069153,-0.7586130091995349,-0.786969433490604,-1.4750671309440164
FalconMix05,mix05,pick_and_place_simple,64.0,easy_grader_action,entropy,reasoning_entropy_late_change,87,3,-0.055688286420092006,-0.3680823000082642,-0.3123940135881722,-0.7447121261109465
FalconMix05,mix05,pick_and_place_simple,64.0,easy_grader_action,entropy,action_entropy_late_slope,87,3,0.13598223132995482,0.09498590246463813,-0.04099632886531669,-0.04142447437096307
FalconMix05,mix05,pick_and_place_simple,64.0,easy_grader_action,entropy,action_entropy_late_change,87,3,-0.8992870458241211,-0.34746520097057026,0.5518218448535508,0.610287832611261
FalconMix05,mix05,pick_and_place_simple,64.0,easy_grader_action,all,reasoning_p_hack,87,3,0.8035397054676044,0.7633095287407438,-0.04023017672686069,-0.5658994320926888
FalconMix05,mix05,pick_and_place_simple,64.0,easy_grader_action,all,action_p_hack,87,3,0.8548161746484453,0.808236929277579,-0.04657924537086633,-0.6860809058840632
FalconMix05,mix05,pick_and_place_simple,64.0,easy_grader_action,all,reasoning_p_hack_late_slope,87,3,-0.00029476582872213654,-0.01671505835954173,-0.016420292530819596,-0.9899309351381563
FalconMix05,mix05,pick_and_place_simple,64.0,easy_grader_action,all,reasoning_p_hack_late_change,87,3,0.21843052585254644,0.40269756828989633,0.1842670424373499,1.5767578481694076
FalconMix05,mix05,pick_and_place_simple,64.0,easy_grader_action,all,action_p_hack_late_slope,87,3,0.008943982076737847,-0.006390329272974101,-0.015334311349711947,-0.9506018690205088
FalconMix05,mix05,pick_and_place_simple,64.0,easy_grader_action,all,action_p_hack_late_change,87,3,0.22635333199353738,0.1454091394941012,-0.08094419249943618,-0.42120447156175483
FalconMix05,mix05,pick_and_place_simple,64.0,easy_grader_action,all,reasoning_entropy_mean,87,3,0.35447313745676695,0.5165764042865028,0.1621032668297358,0.571062209664049
FalconMix05,mix05,pick_and_place_simple,64.0,easy_grader_action,all,action_entropy_mean,87,3,0.33958371319165925,0.2954651167638076,-0.04411859642785165,-0.19987599877387058
FalconMix05,mix05,pick_and_place_simple,64.0,easy_grader_action,all,reasoning_entropy_late_slope,87,3,0.028356424291069153,-0.7586130091995349,-0.786969433490604,-1.4750671309440164
FalconMix05,mix05,pick_and_place_simple,64.0,easy_grader_action,all,reasoning_entropy_late_change,87,3,-0.055688286420092006,-0.3680823000082642,-0.3123940135881722,-0.7447121261109465
FalconMix05,mix05,pick_and_place_simple,64.0,easy_grader_action,all,action_entropy_late_slope,87,3,0.13598223132995482,0.09498590246463813,-0.04099632886531669,-0.04142447437096307
FalconMix05,mix05,pick_and_place_simple,64.0,easy_grader_action,all,action_entropy_late_change,87,3,-0.8992870458241211,-0.34746520097057026,0.5518218448535508,0.610287832611261
FalconMix05,mix05,pick_and_place_simple,64.0,future_easy_grader_action,mean_phack,reasoning_p_hack,87,3,0.8009681262127084,0.8378853271327292,0.03691720092002082,0.5192973219315437
FalconMix05,mix05,pick_and_place_simple,64.0,future_easy_grader_action,mean_phack,action_p_hack,87,3,0.8530626058278755,0.8590904250741005,0.006027819246224975,0.08878571681502757
FalconMix05,mix05,pick_and_place_simple,64.0,future_easy_grader_action,late_phack,reasoning_p_hack_late_slope,87,3,-0.0005116802325374572,-0.010424540648897434,-0.009912860416359977,-0.5976170743269603
FalconMix05,mix05,pick_and_place_simple,64.0,future_easy_grader_action,late_phack,reasoning_p_hack_late_change,87,3,0.22182688780362883,0.3042030717085058,0.08237618390487697,0.7048861953619426
FalconMix05,mix05,pick_and_place_simple,64.0,future_easy_grader_action,late_phack,action_p_hack_late_slope,87,3,0.00867543430396388,0.0013975561374709334,-0.007277878166492946,-0.4511689132816328
FalconMix05,mix05,pick_and_place_simple,64.0,future_easy_grader_action,late_phack,action_p_hack_late_change,87,3,0.22272855550821485,0.2505276575684547,0.027799102060239833,0.14465653101988965
FalconMix05,mix05,pick_and_place_simple,64.0,future_easy_grader_action,entropy,reasoning_entropy_mean,87,3,0.35919706461270734,0.3795825167642308,0.020385452151523487,0.07181447714361722
FalconMix05,mix05,pick_and_place_simple,64.0,future_easy_grader_action,entropy,action_entropy_mean,87,3,0.3429021604927618,0.1992301450318336,-0.1436720154609282,-0.6508953119818537
FalconMix05,mix05,pick_and_place_simple,64.0,future_easy_grader_action,entropy,reasoning_entropy_late_slope,87,3,0.020101652847824787,-0.5192246373454481,-0.5393262901932729,-1.0108937522381796
FalconMix05,mix05,pick_and_place_simple,64.0,future_easy_grader_action,entropy,reasoning_entropy_late_change,87,3,-0.05988792871400096,-0.2462926734849047,-0.18640474477090374,-0.44436790641741014
FalconMix05,mix05,pick_and_place_simple,64.0,future_easy_grader_action,entropy,action_entropy_late_slope,87,3,0.14874554592520142,-0.2751502207975136,-0.423895766722715,-0.4283227257311934
FalconMix05,mix05,pick_and_place_simple,64.0,future_easy_grader_action,entropy,action_entropy_late_change,87,3,-0.8934410466288057,-0.516999177634716,0.3764418689940897,0.4163262010649576
FalconMix05,mix05,pick_and_place_simple,64.0,future_easy_grader_action,all,reasoning_p_hack,87,3,0.8009681262127084,0.8378853271327292,0.03691720092002082,0.5192973219315437
FalconMix05,mix05,pick_and_place_simple,64.0,future_easy_grader_action,all,action_p_hack,87,3,0.8530626058278755,0.8590904250741005,0.006027819246224975,0.08878571681502757
FalconMix05,mix05,pick_and_place_simple,64.0,future_easy_grader_action,all,reasoning_p_hack_late_slope,87,3,-0.0005116802325374572,-0.010424540648897434,-0.009912860416359977,-0.5976170743269603
FalconMix05,mix05,pick_and_place_simple,64.0,future_easy_grader_action,all,reasoning_p_hack_late_change,87,3,0.22182688780362883,0.3042030717085058,0.08237618390487697,0.7048861953619426
FalconMix05,mix05,pick_and_place_simple,64.0,future_easy_grader_action,all,action_p_hack_late_slope,87,3,0.00867543430396388,0.0013975561374709334,-0.007277878166492946,-0.4511689132816328
FalconMix05,mix05,pick_and_place_simple,64.0,future_easy_grader_action,all,action_p_hack_late_change,87,3,0.22272855550821485,0.2505276575684547,0.027799102060239833,0.14465653101988965
FalconMix05,mix05,pick_and_place_simple,64.0,future_easy_grader_action,all,reasoning_entropy_mean,87,3,0.35919706461270734,0.3795825167642308,0.020385452151523487,0.07181447714361722
FalconMix05,mix05,pick_and_place_simple,64.0,future_easy_grader_action,all,action_entropy_mean,87,3,0.3429021604927618,0.1992301450318336,-0.1436720154609282,-0.6508953119818537
FalconMix05,mix05,pick_and_place_simple,64.0,future_easy_grader_action,all,reasoning_entropy_late_slope,87,3,0.020101652847824787,-0.5192246373454481,-0.5393262901932729,-1.0108937522381796
FalconMix05,mix05,pick_and_place_simple,64.0,future_easy_grader_action,all,reasoning_entropy_late_change,87,3,-0.05988792871400096,-0.2462926734849047,-0.18640474477090374,-0.44436790641741014
FalconMix05,mix05,pick_and_place_simple,64.0,future_easy_grader_action,all,action_entropy_late_slope,87,3,0.14874554592520142,-0.2751502207975136,-0.423895766722715,-0.4283227257311934
FalconMix05,mix05,pick_and_place_simple,64.0,future_easy_grader_action,all,action_entropy_late_change,87,3,-0.8934410466288057,-0.516999177634716,0.3764418689940897,0.4163262010649576
FalconMix05,mix05,pick_and_place_simple,256.0,gameable_hack_action,mean_phack,reasoning_p_hack,87,3,0.7816385586441931,0.762278432569777,-0.019360126074416062,-0.28510688858536776
FalconMix05,mix05,pick_and_place_simple,256.0,gameable_hack_action,mean_phack,action_p_hack,87,3,0.8653853314061617,0.8634466317792734,-0.0019386996268883072,-0.028633935159056115
FalconMix05,mix05,pick_and_place_simple,256.0,gameable_hack_action,late_phack,reasoning_p_hack_late_slope,87,3,-0.006518023510191613,-0.0166174737305768,-0.010099450220385189,-0.5983501988844238
FalconMix05,mix05,pick_and_place_simple,256.0,gameable_hack_action,late_phack,reasoning_p_hack_late_change,87,3,0.06775302542093362,0.07415357781861154,0.006400552397677922,0.07440024650612735
FalconMix05,mix05,pick_and_place_simple,256.0,gameable_hack_action,late_phack,action_p_hack_late_slope,87,3,0.012050945021224292,0.006497528049207866,-0.005553416972016426,-0.3599420534161456
FalconMix05,mix05,pick_and_place_simple,256.0,gameable_hack_action,late_phack,action_p_hack_late_change,87,3,0.20583261406027722,0.034113306552171666,-0.17171930750810555,-0.8885969135345242
FalconMix05,mix05,pick_and_place_simple,256.0,gameable_hack_action,entropy,reasoning_entropy_mean,87,3,0.15232115380844966,0.21671859191378995,0.0643974381053403,0.39486443880080097
FalconMix05,mix05,pick_and_place_simple,256.0,gameable_hack_action,entropy,action_entropy_mean,87,3,0.3303758712105488,0.6707958601424858,0.34041998893193703,1.295940867087579
FalconMix05,mix05,pick_and_place_simple,256.0,gameable_hack_action,entropy,reasoning_entropy_late_slope,87,3,0.02501400152717919,-0.040505634675517176,-0.06551963620269637,-0.28803988175308876
FalconMix05,mix05,pick_and_place_simple,256.0,gameable_hack_action,entropy,reasoning_entropy_late_change,87,3,-0.3069424934824665,-0.4341518417845234,-0.12720934830205688,-0.48568078519451036
FalconMix05,mix05,pick_and_place_simple,256.0,gameable_hack_action,entropy,action_entropy_late_slope,87,3,0.25636216083141555,-0.14398991828784347,-0.400352079119259,-0.5059887524230575
FalconMix05,mix05,pick_and_place_simple,256.0,gameable_hack_action,entropy,action_entropy_late_change,87,3,-0.708514150998109,-1.447507777872185,-0.738993626874076,-0.7266700247271798
FalconMix05,mix05,pick_and_place_simple,256.0,gameable_hack_action,all,reasoning_p_hack,87,3,0.7816385586441931,0.762278432569777,-0.019360126074416062,-0.28510688858536776
FalconMix05,mix05,pick_and_place_simple,256.0,gameable_hack_action,all,action_p_hack,87,3,0.8653853314061617,0.8634466317792734,-0.0019386996268883072,-0.028633935159056115
FalconMix05,mix05,pick_and_place_simple,256.0,gameable_hack_action,all,reasoning_p_hack_late_slope,87,3,-0.006518023510191613,-0.0166174737305768,-0.010099450220385189,-0.5983501988844238
FalconMix05,mix05,pick_and_place_simple,256.0,gameable_hack_action,all,reasoning_p_hack_late_change,87,3,0.06775302542093362,0.07415357781861154,0.006400552397677922,0.07440024650612735
FalconMix05,mix05,pick_and_place_simple,256.0,gameable_hack_action,all,action_p_hack_late_slope,87,3,0.012050945021224292,0.006497528049207866,-0.005553416972016426,-0.3599420534161456
FalconMix05,mix05,pick_and_place_simple,256.0,gameable_hack_action,all,action_p_hack_late_change,87,3,0.20583261406027722,0.034113306552171666,-0.17171930750810555,-0.8885969135345242
FalconMix05,mix05,pick_and_place_simple,256.0,gameable_hack_action,all,reasoning_entropy_mean,87,3,0.15232115380844966,0.21671859191378995,0.0643974381053403,0.39486443880080097
FalconMix05,mix05,pick_and_place_simple,256.0,gameable_hack_action,all,action_entropy_mean,87,3,0.3303758712105488,0.6707958601424858,0.34041998893193703,1.295940867087579
FalconMix05,mix05,pick_and_place_simple,256.0,gameable_hack_action,all,reasoning_entropy_late_slope,87,3,0.02501400152717919,-0.040505634675517176,-0.06551963620269637,-0.28803988175308876
FalconMix05,mix05,pick_and_place_simple,256.0,gameable_hack_action,all,reasoning_entropy_late_change,87,3,-0.3069424934824665,-0.4341518417845234,-0.12720934830205688,-0.48568078519451036
FalconMix05,mix05,pick_and_place_simple,256.0,gameable_hack_action,all,action_entropy_late_slope,87,3,0.25636216083141555,-0.14398991828784347,-0.400352079119259,-0.5059887524230575
FalconMix05,mix05,pick_and_place_simple,256.0,gameable_hack_action,all,action_entropy_late_change,87,3,-0.708514150998109,-1.447507777872185,-0.738993626874076,-0.7266700247271798
FalconMix05,mix05,pick_and_place_simple,256.0,future_gameable_hack_action,mean_phack,reasoning_p_hack,87,3,0.7801669953773132,0.8049537673092951,0.024786771931981977,0.3650223865505306
FalconMix05,mix05,pick_and_place_simple,256.0,future_gameable_hack_action,mean_phack,action_p_hack,87,3,0.8641802471388003,0.8983940755327543,0.03421382839395404,0.5053266272857203
FalconMix05,mix05,pick_and_place_simple,256.0,future_gameable_hack_action,late_phack,reasoning_p_hack_late_slope,87,3,-0.006993949979529206,-0.0028156061197866004,0.004178343859742606,0.24754940367329673
FalconMix05,mix05,pick_and_place_simple,256.0,future_gameable_hack_action,late_phack,reasoning_p_hack_late_change,87,3,0.06728283091155454,0.08778921859060507,0.020506387679050525,0.23836697264209233
FalconMix05,mix05,pick_and_place_simple,256.0,future_gameable_hack_action,late_phack,action_p_hack_late_slope,87,3,0.012173080657821331,0.002955594587893733,-0.009217486069927599,-0.5974269319344466
FalconMix05,mix05,pick_and_place_simple,256.0,future_gameable_hack_action,late_phack,action_p_hack_late_change,87,3,0.19995954339446007,0.20443235586086902,0.00447281246640896,0.02314548905505071
FalconMix05,mix05,pick_and_place_simple,256.0,future_gameable_hack_action,entropy,reasoning_entropy_mean,87,3,0.15126630026338128,0.24730934472077326,0.09604304445739198,0.5889051484991222
FalconMix05,mix05,pick_and_place_simple,256.0,future_gameable_hack_action,entropy,action_entropy_mean,87,3,0.34658584217429633,0.20070670219380793,-0.1458791399804884,-0.5553455886930979
FalconMix05,mix05,pick_and_place_simple,256.0,future_gameable_hack_action,entropy,reasoning_entropy_late_slope,87,3,0.022011777728240388,0.046558855493707925,0.024547077765467537,0.10791478382259646
FalconMix05,mix05,pick_and_place_simple,256.0,future_gameable_hack_action,entropy,reasoning_entropy_late_change,87,3,-0.3044668011607976,-0.5059469191129208,-0.20148011795212317,-0.7692439525412419
FalconMix05,mix05,pick_and_place_simple,256.0,future_gameable_hack_action,entropy,action_entropy_late_slope,87,3,0.25547657488220527,-0.118307925760746,-0.37378450064295127,-0.47241106770689
FalconMix05,mix05,pick_and_place_simple,256.0,future_gameable_hack_action,entropy,action_entropy_late_change,87,3,-0.7327737783131,-0.7439785857374469,-0.01120480742434693,-0.011017953865928125
FalconMix05,mix05,pick_and_place_simple,256.0,future_gameable_hack_action,all,reasoning_p_hack,87,3,0.7801669953773132,0.8049537673092951,0.024786771931981977,0.3650223865505306
FalconMix05,mix05,pick_and_place_simple,256.0,future_gameable_hack_action,all,action_p_hack,87,3,0.8641802471388003,0.8983940755327543,0.03421382839395404,0.5053266272857203
FalconMix05,mix05,pick_and_place_simple,256.0,future_gameable_hack_action,all,reasoning_p_hack_late_slope,87,3,-0.006993949979529206,-0.0028156061197866004,0.004178343859742606,0.24754940367329673
FalconMix05,mix05,pick_and_place_simple,256.0,future_gameable_hack_action,all,reasoning_p_hack_late_change,87,3,0.06728283091155454,0.08778921859060507,0.020506387679050525,0.23836697264209233
FalconMix05,mix05,pick_and_place_simple,256.0,future_gameable_hack_action,all,action_p_hack_late_slope,87,3,0.012173080657821331,0.002955594587893733,-0.009217486069927599,-0.5974269319344466
FalconMix05,mix05,pick_and_place_simple,256.0,future_gameable_hack_action,all,action_p_hack_late_change,87,3,0.19995954339446007,0.20443235586086902,0.00447281246640896,0.02314548905505071
FalconMix05,mix05,pick_and_place_simple,256.0,future_gameable_hack_action,all,reasoning_entropy_mean,87,3,0.15126630026338128,0.24730934472077326,0.09604304445739198,0.5889051484991222
FalconMix05,mix05,pick_and_place_simple,256.0,future_gameable_hack_action,all,action_entropy_mean,87,3,0.34658584217429633,0.20070670219380793,-0.1458791399804884,-0.5553455886930979
FalconMix05,mix05,pick_and_place_simple,256.0,future_gameable_hack_action,all,reasoning_entropy_late_slope,87,3,0.022011777728240388,0.046558855493707925,0.024547077765467537,0.10791478382259646
FalconMix05,mix05,pick_and_place_simple,256.0,future_gameable_hack_action,all,reasoning_entropy_late_change,87,3,-0.3044668011607976,-0.5059469191129208,-0.20148011795212317,-0.7692439525412419
FalconMix05,mix05,pick_and_place_simple,256.0,future_gameable_hack_action,all,action_entropy_late_slope,87,3,0.25547657488220527,-0.118307925760746,-0.37378450064295127,-0.47241106770689
FalconMix05,mix05,pick_and_place_simple,256.0,future_gameable_hack_action,all,action_entropy_late_change,87,3,-0.7327737783131,-0.7439785857374469,-0.01120480742434693,-0.011017953865928125
FalconMix05,mix05,pick_and_place_simple,256.0,easy_grader_action,mean_phack,reasoning_p_hack,87,3,0.7816385586441931,0.762278432569777,-0.019360126074416062,-0.28510688858536776
FalconMix05,mix05,pick_and_place_simple,256.0,easy_grader_action,mean_phack,action_p_hack,87,3,0.8653853314061617,0.8634466317792734,-0.0019386996268883072,-0.028633935159056115
FalconMix05,mix05,pick_and_place_simple,256.0,easy_grader_action,late_phack,reasoning_p_hack_late_slope,87,3,-0.006518023510191613,-0.0166174737305768,-0.010099450220385189,-0.5983501988844238
FalconMix05,mix05,pick_and_place_simple,256.0,easy_grader_action,late_phack,reasoning_p_hack_late_change,87,3,0.06775302542093362,0.07415357781861154,0.006400552397677922,0.07440024650612735
FalconMix05,mix05,pick_and_place_simple,256.0,easy_grader_action,late_phack,action_p_hack_late_slope,87,3,0.012050945021224292,0.006497528049207866,-0.005553416972016426,-0.3599420534161456
FalconMix05,mix05,pick_and_place_simple,256.0,easy_grader_action,late_phack,action_p_hack_late_change,87,3,0.20583261406027722,0.034113306552171666,-0.17171930750810555,-0.8885969135345242
FalconMix05,mix05,pick_and_place_simple,256.0,easy_grader_action,entropy,reasoning_entropy_mean,87,3,0.15232115380844966,0.21671859191378995,0.0643974381053403,0.39486443880080097
FalconMix05,mix05,pick_and_place_simple,256.0,easy_grader_action,entropy,action_entropy_mean,87,3,0.3303758712105488,0.6707958601424858,0.34041998893193703,1.295940867087579
FalconMix05,mix05,pick_and_place_simple,256.0,easy_grader_action,entropy,reasoning_entropy_late_slope,87,3,0.02501400152717919,-0.040505634675517176,-0.06551963620269637,-0.28803988175308876
FalconMix05,mix05,pick_and_place_simple,256.0,easy_grader_action,entropy,reasoning_entropy_late_change,87,3,-0.3069424934824665,-0.4341518417845234,-0.12720934830205688,-0.48568078519451036
FalconMix05,mix05,pick_and_place_simple,256.0,easy_grader_action,entropy,action_entropy_late_slope,87,3,0.25636216083141555,-0.14398991828784347,-0.400352079119259,-0.5059887524230575
FalconMix05,mix05,pick_and_place_simple,256.0,easy_grader_action,entropy,action_entropy_late_change,87,3,-0.708514150998109,-1.447507777872185,-0.738993626874076,-0.7266700247271798
FalconMix05,mix05,pick_and_place_simple,256.0,easy_grader_action,all,reasoning_p_hack,87,3,0.7816385586441931,0.762278432569777,-0.019360126074416062,-0.28510688858536776
FalconMix05,mix05,pick_and_place_simple,256.0,easy_grader_action,all,action_p_hack,87,3,0.8653853314061617,0.8634466317792734,-0.0019386996268883072,-0.028633935159056115
FalconMix05,mix05,pick_and_place_simple,256.0,easy_grader_action,all,reasoning_p_hack_late_slope,87,3,-0.006518023510191613,-0.0166174737305768,-0.010099450220385189,-0.5983501988844238
FalconMix05,mix05,pick_and_place_simple,256.0,easy_grader_action,all,reasoning_p_hack_late_change,87,3,0.06775302542093362,0.07415357781861154,0.006400552397677922,0.07440024650612735
FalconMix05,mix05,pick_and_place_simple,256.0,easy_grader_action,all,action_p_hack_late_slope,87,3,0.012050945021224292,0.006497528049207866,-0.005553416972016426,-0.3599420534161456
FalconMix05,mix05,pick_and_place_simple,256.0,easy_grader_action,all,action_p_hack_late_change,87,3,0.20583261406027722,0.034113306552171666,-0.17171930750810555,-0.8885969135345242
FalconMix05,mix05,pick_and_place_simple,256.0,easy_grader_action,all,reasoning_entropy_mean,87,3,0.15232115380844966,0.21671859191378995,0.0643974381053403,0.39486443880080097
FalconMix05,mix05,pick_and_place_simple,256.0,easy_grader_action,all,action_entropy_mean,87,3,0.3303758712105488,0.6707958601424858,0.34041998893193703,1.295940867087579
FalconMix05,mix05,pick_and_place_simple,256.0,easy_grader_action,all,reasoning_entropy_late_slope,87,3,0.02501400152717919,-0.040505634675517176,-0.06551963620269637,-0.28803988175308876
FalconMix05,mix05,pick_and_place_simple,256.0,easy_grader_action,all,reasoning_entropy_late_change,87,3,-0.3069424934824665,-0.4341518417845234,-0.12720934830205688,-0.48568078519451036
FalconMix05,mix05,pick_and_place_simple,256.0,easy_grader_action,all,action_entropy_late_slope,87,3,0.25636216083141555,-0.14398991828784347,-0.400352079119259,-0.5059887524230575
FalconMix05,mix05,pick_and_place_simple,256.0,easy_grader_action,all,action_entropy_late_change,87,3,-0.708514150998109,-1.447507777872185,-0.738993626874076,-0.7266700247271798
FalconMix05,mix05,pick_and_place_simple,256.0,future_easy_grader_action,mean_phack,reasoning_p_hack,87,3,0.7801669953773132,0.8049537673092951,0.024786771931981977,0.3650223865505306
FalconMix05,mix05,pick_and_place_simple,256.0,future_easy_grader_action,mean_phack,action_p_hack,87,3,0.8641802471388003,0.8983940755327543,0.03421382839395404,0.5053266272857203
FalconMix05,mix05,pick_and_place_simple,256.0,future_easy_grader_action,late_phack,reasoning_p_hack_late_slope,87,3,-0.006993949979529206,-0.0028156061197866004,0.004178343859742606,0.24754940367329673
FalconMix05,mix05,pick_and_place_simple,256.0,future_easy_grader_action,late_phack,reasoning_p_hack_late_change,87,3,0.06728283091155454,0.08778921859060507,0.020506387679050525,0.23836697264209233
FalconMix05,mix05,pick_and_place_simple,256.0,future_easy_grader_action,late_phack,action_p_hack_late_slope,87,3,0.012173080657821331,0.002955594587893733,-0.009217486069927599,-0.5974269319344466
FalconMix05,mix05,pick_and_place_simple,256.0,future_easy_grader_action,late_phack,action_p_hack_late_change,87,3,0.19995954339446007,0.20443235586086902,0.00447281246640896,0.02314548905505071
FalconMix05,mix05,pick_and_place_simple,256.0,future_easy_grader_action,entropy,reasoning_entropy_mean,87,3,0.15126630026338128,0.24730934472077326,0.09604304445739198,0.5889051484991222
FalconMix05,mix05,pick_and_place_simple,256.0,future_easy_grader_action,entropy,action_entropy_mean,87,3,0.34658584217429633,0.20070670219380793,-0.1458791399804884,-0.5553455886930979
FalconMix05,mix05,pick_and_place_simple,256.0,future_easy_grader_action,entropy,reasoning_entropy_late_slope,87,3,0.022011777728240388,0.046558855493707925,0.024547077765467537,0.10791478382259646
FalconMix05,mix05,pick_and_place_simple,256.0,future_easy_grader_action,entropy,reasoning_entropy_late_change,87,3,-0.3044668011607976,-0.5059469191129208,-0.20148011795212317,-0.7692439525412419
FalconMix05,mix05,pick_and_place_simple,256.0,future_easy_grader_action,entropy,action_entropy_late_slope,87,3,0.25547657488220527,-0.118307925760746,-0.37378450064295127,-0.47241106770689
FalconMix05,mix05,pick_and_place_simple,256.0,future_easy_grader_action,entropy,action_entropy_late_change,87,3,-0.7327737783131,-0.7439785857374469,-0.01120480742434693,-0.011017953865928125
FalconMix05,mix05,pick_and_place_simple,256.0,future_easy_grader_action,all,reasoning_p_hack,87,3,0.7801669953773132,0.8049537673092951,0.024786771931981977,0.3650223865505306
FalconMix05,mix05,pick_and_place_simple,256.0,future_easy_grader_action,all,action_p_hack,87,3,0.8641802471388003,0.8983940755327543,0.03421382839395404,0.5053266272857203
FalconMix05,mix05,pick_and_place_simple,256.0,future_easy_grader_action,all,reasoning_p_hack_late_slope,87,3,-0.006993949979529206,-0.0028156061197866004,0.004178343859742606,0.24754940367329673
FalconMix05,mix05,pick_and_place_simple,256.0,future_easy_grader_action,all,reasoning_p_hack_late_change,87,3,0.06728283091155454,0.08778921859060507,0.020506387679050525,0.23836697264209233
FalconMix05,mix05,pick_and_place_simple,256.0,future_easy_grader_action,all,action_p_hack_late_slope,87,3,0.012173080657821331,0.002955594587893733,-0.009217486069927599,-0.5974269319344466
FalconMix05,mix05,pick_and_place_simple,256.0,future_easy_grader_action,all,action_p_hack_late_change,87,3,0.19995954339446007,0.20443235586086902,0.00447281246640896,0.02314548905505071
FalconMix05,mix05,pick_and_place_simple,256.0,future_easy_grader_action,all,reasoning_entropy_mean,87,3,0.15126630026338128,0.24730934472077326,0.09604304445739198,0.5889051484991222
FalconMix05,mix05,pick_and_place_simple,256.0,future_easy_grader_action,all,action_entropy_mean,87,3,0.34658584217429633,0.20070670219380793,-0.1458791399804884,-0.5553455886930979
FalconMix05,mix05,pick_and_place_simple,256.0,future_easy_grader_action,all,reasoning_entropy_late_slope,87,3,0.022011777728240388,0.046558855493707925,0.024547077765467537,0.10791478382259646
FalconMix05,mix05,pick_and_place_simple,256.0,future_easy_grader_action,all,reasoning_entropy_late_change,87,3,-0.3044668011607976,-0.5059469191129208,-0.20148011795212317,-0.7692439525412419
FalconMix05,mix05,pick_and_place_simple,256.0,future_easy_grader_action,all,action_entropy_late_slope,87,3,0.25547657488220527,-0.118307925760746,-0.37378450064295127,-0.47241106770689
FalconMix05,mix05,pick_and_place_simple,256.0,future_easy_grader_action,all,action_entropy_late_change,87,3,-0.7327737783131,-0.7439785857374469,-0.01120480742434693,-0.011017953865928125
FalconMix50,mix50,pick_and_place_simple,128.0,gameable_hack_action,mean_phack,reasoning_p_hack,89,1,0.9849915150514106,0.9483446180820464,-0.036646896969364184,-2.2468755992583267
FalconMix50,mix50,pick_and_place_simple,128.0,gameable_hack_action,mean_phack,action_p_hack,89,1,0.9944603483384469,0.9864681214094162,-0.007992226929030677,-0.8219161957586024
FalconMix50,mix50,pick_and_place_simple,128.0,gameable_hack_action,late_phack,reasoning_p_hack_late_slope,89,1,-0.0001553822348406621,0.0165049930413564,0.016660375276197063,3.2871600065178446
FalconMix50,mix50,pick_and_place_simple,128.0,gameable_hack_action,late_phack,reasoning_p_hack_late_change,89,1,-0.009004061062780797,-0.0464055836200714,-0.0374015225572906,-1.9458413379586832
FalconMix50,mix50,pick_and_place_simple,128.0,gameable_hack_action,late_phack,action_p_hack_late_slope,89,1,0.0007247979585788602,0.0045051823059717,0.00378038434739284,2.234079132504873
FalconMix50,mix50,pick_and_place_simple,128.0,gameable_hack_action,late_phack,action_p_hack_late_change,89,1,0.0305499662230077,-0.0078122168779373,-0.038362183100945,-0.5627613177761368
FalconMix50,mix50,pick_and_place_simple,128.0,gameable_hack_action,entropy,reasoning_entropy_mean,89,1,0.2532365200952666,0.6620729793634155,0.4088364592681489,1.7765753070988726
FalconMix50,mix50,pick_and_place_simple,128.0,gameable_hack_action,entropy,action_entropy_mean,89,1,0.3855897558698783,0.3753346073499415,-0.010255148519936808,-0.06231505868386309
FalconMix50,mix50,pick_and_place_simple,128.0,gameable_hack_action,entropy,reasoning_entropy_late_slope,89,1,0.05602281047910195,0.6998693403497782,0.6438465298706763,1.538209900537494
FalconMix50,mix50,pick_and_place_simple,128.0,gameable_hack_action,entropy,reasoning_entropy_late_change,89,1,-0.1483064240946012,-1.1707423329353333,-1.022435908840732,-3.131401330709569
FalconMix50,mix50,pick_and_place_simple,128.0,gameable_hack_action,entropy,action_entropy_late_slope,89,1,0.505274931662258,0.9443064642837272,0.4390315326214692,0.5967367243341991
FalconMix50,mix50,pick_and_place_simple,128.0,gameable_hack_action,entropy,action_entropy_late_change,89,1,-0.09772769429744156,0.3993524312973022,0.49708012559474374,0.4677051377548588
FalconMix50,mix50,pick_and_place_simple,128.0,gameable_hack_action,all,reasoning_p_hack,89,1,0.9849915150514106,0.9483446180820464,-0.036646896969364184,-2.2468755992583267
FalconMix50,mix50,pick_and_place_simple,128.0,gameable_hack_action,all,action_p_hack,89,1,0.9944603483384469,0.9864681214094162,-0.007992226929030677,-0.8219161957586024
FalconMix50,mix50,pick_and_place_simple,128.0,gameable_hack_action,all,reasoning_p_hack_late_slope,89,1,-0.0001553822348406621,0.0165049930413564,0.016660375276197063,3.2871600065178446
FalconMix50,mix50,pick_and_place_simple,128.0,gameable_hack_action,all,reasoning_p_hack_late_change,89,1,-0.009004061062780797,-0.0464055836200714,-0.0374015225572906,-1.9458413379586832
FalconMix50,mix50,pick_and_place_simple,128.0,gameable_hack_action,all,action_p_hack_late_slope,89,1,0.0007247979585788602,0.0045051823059717,0.00378038434739284,2.234079132504873
FalconMix50,mix50,pick_and_place_simple,128.0,gameable_hack_action,all,action_p_hack_late_change,89,1,0.0305499662230077,-0.0078122168779373,-0.038362183100945,-0.5627613177761368
FalconMix50,mix50,pick_and_place_simple,128.0,gameable_hack_action,all,reasoning_entropy_mean,89,1,0.2532365200952666,0.6620729793634155,0.4088364592681489,1.7765753070988726
FalconMix50,mix50,pick_and_place_simple,128.0,gameable_hack_action,all,action_entropy_mean,89,1,0.3855897558698783,0.3753346073499415,-0.010255148519936808,-0.06231505868386309
FalconMix50,mix50,pick_and_place_simple,128.0,gameable_hack_action,all,reasoning_entropy_late_slope,89,1,0.05602281047910195,0.6998693403497782,0.6438465298706763,1.538209900537494
FalconMix50,mix50,pick_and_place_simple,128.0,gameable_hack_action,all,reasoning_entropy_late_change,89,1,-0.1483064240946012,-1.1707423329353333,-1.022435908840732,-3.131401330709569
FalconMix50,mix50,pick_and_place_simple,128.0,gameable_hack_action,all,action_entropy_late_slope,89,1,0.505274931662258,0.9443064642837272,0.4390315326214692,0.5967367243341991
FalconMix50,mix50,pick_and_place_simple,128.0,gameable_hack_action,all,action_entropy_late_change,89,1,-0.09772769429744156,0.3993524312973022,0.49708012559474374,0.4677051377548588
FalconMix50,mix50,pick_and_place_simple,128.0,future_gameable_hack_action,mean_phack,reasoning_p_hack,89,1,0.984429289551561,0.9983826875686646,0.013953398017103602,0.8555035248299099
FalconMix50,mix50,pick_and_place_simple,128.0,future_gameable_hack_action,mean_phack,action_p_hack,89,1,0.9944102874688442,0.9909235388040544,-0.0034867486647898183,-0.35857530367671997
FalconMix50,mix50,pick_and_place_simple,128.0,future_gameable_hack_action,late_phack,reasoning_p_hack_late_slope,89,1,2.497059318872778e-05,0.0004535913467407,0.00042862075355197223,0.08456862319617531
FalconMix50,mix50,pick_and_place_simple,128.0,future_gameable_hack_action,late_phack,reasoning_p_hack_late_change,89,1,-0.00956100853784982,0.0031627416610717,0.01272375019892152,0.6619623324958841
FalconMix50,mix50,pick_and_place_simple,128.0,future_gameable_hack_action,late_phack,action_p_hack_late_slope,89,1,0.0007414572335552118,0.0030225068330764,0.002281049599521188,1.3480230691393575
FalconMix50,mix50,pick_and_place_simple,128.0,future_gameable_hack_action,late_phack,action_p_hack_late_change,89,1,0.030173388430464996,0.0257032066583633,-0.004470181772101695,-0.06557617897154677
FalconMix50,mix50,pick_and_place_simple,128.0,future_gameable_hack_action,entropy,reasoning_entropy_mean,89,1,0.25576637623977355,0.4369157825022967,0.18114940626252313,0.7871743206017263
FalconMix50,mix50,pick_and_place_simple,128.0,future_gameable_hack_action,entropy,action_entropy_mean,89,1,0.38501639491356254,0.4263637324620504,0.04134733754848785,0.2512456802304208
FalconMix50,mix50,pick_and_place_simple,128.0,future_gameable_hack_action,entropy,reasoning_entropy_late_slope,89,1,0.056110752076157795,0.6920425382118083,0.6359317861356505,1.5193008335337796
FalconMix50,mix50,pick_and_place_simple,128.0,future_gameable_hack_action,entropy,reasoning_entropy_late_change,89,1,-0.15737585210989222,-0.3635632395744324,-0.20618738746454016,-0.6314874642989151
FalconMix50,mix50,pick_and_place_simple,128.0,future_gameable_hack_action,entropy,action_entropy_late_slope,89,1,0.5049910914687715,0.969568241504021,0.46457715003524946,0.6314586222479356
FalconMix50,mix50,pick_and_place_simple,128.0,future_gameable_hack_action,entropy,action_entropy_late_change,89,1,-0.09590367228830994,0.2370144724845886,0.33291814477289855,0.3132443216791265
FalconMix50,mix50,pick_and_place_simple,128.0,future_gameable_hack_action,all,reasoning_p_hack,89,1,0.984429289551561,0.9983826875686646,0.013953398017103602,0.8555035248299099
FalconMix50,mix50,pick_and_place_simple,128.0,future_gameable_hack_action,all,action_p_hack,89,1,0.9944102874688442,0.9909235388040544,-0.0034867486647898183,-0.35857530367671997
FalconMix50,mix50,pick_and_place_simple,128.0,future_gameable_hack_action,all,reasoning_p_hack_late_slope,89,1,2.497059318872778e-05,0.0004535913467407,0.00042862075355197223,0.08456862319617531
FalconMix50,mix50,pick_and_place_simple,128.0,future_gameable_hack_action,all,reasoning_p_hack_late_change,89,1,-0.00956100853784982,0.0031627416610717,0.01272375019892152,0.6619623324958841
FalconMix50,mix50,pick_and_place_simple,128.0,future_gameable_hack_action,all,action_p_hack_late_slope,89,1,0.0007414572335552118,0.0030225068330764,0.002281049599521188,1.3480230691393575
FalconMix50,mix50,pick_and_place_simple,128.0,future_gameable_hack_action,all,action_p_hack_late_change,89,1,0.030173388430464996,0.0257032066583633,-0.004470181772101695,-0.06557617897154677
FalconMix50,mix50,pick_and_place_simple,128.0,future_gameable_hack_action,all,reasoning_entropy_mean,89,1,0.25576637623977355,0.4369157825022967,0.18114940626252313,0.7871743206017263
FalconMix50,mix50,pick_and_place_simple,128.0,future_gameable_hack_action,all,action_entropy_mean,89,1,0.38501639491356254,0.4263637324620504,0.04134733754848785,0.2512456802304208
FalconMix50,mix50,pick_and_place_simple,128.0,future_gameable_hack_action,all,reasoning_entropy_late_slope,89,1,0.056110752076157795,0.6920425382118083,0.6359317861356505,1.5193008335337796
FalconMix50,mix50,pick_and_place_simple,128.0,future_gameable_hack_action,all,reasoning_entropy_late_change,89,1,-0.15737585210989222,-0.3635632395744324,-0.20618738746454016,-0.6314874642989151
FalconMix50,mix50,pick_and_place_simple,128.0,future_gameable_hack_action,all,action_entropy_late_slope,89,1,0.5049910914687715,0.969568241504021,0.46457715003524946,0.6314586222479356
FalconMix50,mix50,pick_and_place_simple,128.0,future_gameable_hack_action,all,action_entropy_late_change,89,1,-0.09590367228830994,0.2370144724845886,0.33291814477289855,0.3132443216791265
FalconMix50,mix50,pick_and_place_simple,128.0,easy_grader_action,mean_phack,reasoning_p_hack,89,1,0.9849915150514106,0.9483446180820464,-0.036646896969364184,-2.2468755992583267
FalconMix50,mix50,pick_and_place_simple,128.0,easy_grader_action,mean_phack,action_p_hack,89,1,0.9944603483384469,0.9864681214094162,-0.007992226929030677,-0.8219161957586024
FalconMix50,mix50,pick_and_place_simple,128.0,easy_grader_action,late_phack,reasoning_p_hack_late_slope,89,1,-0.0001553822348406621,0.0165049930413564,0.016660375276197063,3.2871600065178446
FalconMix50,mix50,pick_and_place_simple,128.0,easy_grader_action,late_phack,reasoning_p_hack_late_change,89,1,-0.009004061062780797,-0.0464055836200714,-0.0374015225572906,-1.9458413379586832
FalconMix50,mix50,pick_and_place_simple,128.0,easy_grader_action,late_phack,action_p_hack_late_slope,89,1,0.0007247979585788602,0.0045051823059717,0.00378038434739284,2.234079132504873
FalconMix50,mix50,pick_and_place_simple,128.0,easy_grader_action,late_phack,action_p_hack_late_change,89,1,0.0305499662230077,-0.0078122168779373,-0.038362183100945,-0.5627613177761368
FalconMix50,mix50,pick_and_place_simple,128.0,easy_grader_action,entropy,reasoning_entropy_mean,89,1,0.2532365200952666,0.6620729793634155,0.4088364592681489,1.7765753070988726
FalconMix50,mix50,pick_and_place_simple,128.0,easy_grader_action,entropy,action_entropy_mean,89,1,0.3855897558698783,0.3753346073499415,-0.010255148519936808,-0.06231505868386309
FalconMix50,mix50,pick_and_place_simple,128.0,easy_grader_action,entropy,reasoning_entropy_late_slope,89,1,0.05602281047910195,0.6998693403497782,0.6438465298706763,1.538209900537494
FalconMix50,mix50,pick_and_place_simple,128.0,easy_grader_action,entropy,reasoning_entropy_late_change,89,1,-0.1483064240946012,-1.1707423329353333,-1.022435908840732,-3.131401330709569
FalconMix50,mix50,pick_and_place_simple,128.0,easy_grader_action,entropy,action_entropy_late_slope,89,1,0.505274931662258,0.9443064642837272,0.4390315326214692,0.5967367243341991
FalconMix50,mix50,pick_and_place_simple,128.0,easy_grader_action,entropy,action_entropy_late_change,89,1,-0.09772769429744156,0.3993524312973022,0.49708012559474374,0.4677051377548588
FalconMix50,mix50,pick_and_place_simple,128.0,easy_grader_action,all,reasoning_p_hack,89,1,0.9849915150514106,0.9483446180820464,-0.036646896969364184,-2.2468755992583267
FalconMix50,mix50,pick_and_place_simple,128.0,easy_grader_action,all,action_p_hack,89,1,0.9944603483384469,0.9864681214094162,-0.007992226929030677,-0.8219161957586024
FalconMix50,mix50,pick_and_place_simple,128.0,easy_grader_action,all,reasoning_p_hack_late_slope,89,1,-0.0001553822348406621,0.0165049930413564,0.016660375276197063,3.2871600065178446
FalconMix50,mix50,pick_and_place_simple,128.0,easy_grader_action,all,reasoning_p_hack_late_change,89,1,-0.009004061062780797,-0.0464055836200714,-0.0374015225572906,-1.9458413379586832
FalconMix50,mix50,pick_and_place_simple,128.0,easy_grader_action,all,action_p_hack_late_slope,89,1,0.0007247979585788602,0.0045051823059717,0.00378038434739284,2.234079132504873
FalconMix50,mix50,pick_and_place_simple,128.0,easy_grader_action,all,action_p_hack_late_change,89,1,0.0305499662230077,-0.0078122168779373,-0.038362183100945,-0.5627613177761368
FalconMix50,mix50,pick_and_place_simple,128.0,easy_grader_action,all,reasoning_entropy_mean,89,1,0.2532365200952666,0.6620729793634155,0.4088364592681489,1.7765753070988726
FalconMix50,mix50,pick_and_place_simple,128.0,easy_grader_action,all,action_entropy_mean,89,1,0.3855897558698783,0.3753346073499415,-0.010255148519936808,-0.06231505868386309
FalconMix50,mix50,pick_and_place_simple,128.0,easy_grader_action,all,reasoning_entropy_late_slope,89,1,0.05602281047910195,0.6998693403497782,0.6438465298706763,1.538209900537494
FalconMix50,mix50,pick_and_place_simple,128.0,easy_grader_action,all,reasoning_entropy_late_change,89,1,-0.1483064240946012,-1.1707423329353333,-1.022435908840732,-3.131401330709569
FalconMix50,mix50,pick_and_place_simple,128.0,easy_grader_action,all,action_entropy_late_slope,89,1,0.505274931662258,0.9443064642837272,0.4390315326214692,0.5967367243341991
FalconMix50,mix50,pick_and_place_simple,128.0,easy_grader_action,all,action_entropy_late_change,89,1,-0.09772769429744156,0.3993524312973022,0.49708012559474374,0.4677051377548588
FalconMix50,mix50,pick_and_place_simple,128.0,future_easy_grader_action,mean_phack,reasoning_p_hack,89,1,0.984429289551561,0.9983826875686646,0.013953398017103602,0.8555035248299099
FalconMix50,mix50,pick_and_place_simple,128.0,future_easy_grader_action,mean_phack,action_p_hack,89,1,0.9944102874688442,0.9909235388040544,-0.0034867486647898183,-0.35857530367671997
FalconMix50,mix50,pick_and_place_simple,128.0,future_easy_grader_action,late_phack,reasoning_p_hack_late_slope,89,1,2.497059318872778e-05,0.0004535913467407,0.00042862075355197223,0.08456862319617531
FalconMix50,mix50,pick_and_place_simple,128.0,future_easy_grader_action,late_phack,reasoning_p_hack_late_change,89,1,-0.00956100853784982,0.0031627416610717,0.01272375019892152,0.6619623324958841
FalconMix50,mix50,pick_and_place_simple,128.0,future_easy_grader_action,late_phack,action_p_hack_late_slope,89,1,0.0007414572335552118,0.0030225068330764,0.002281049599521188,1.3480230691393575
FalconMix50,mix50,pick_and_place_simple,128.0,future_easy_grader_action,late_phack,action_p_hack_late_change,89,1,0.030173388430464996,0.0257032066583633,-0.004470181772101695,-0.06557617897154677
FalconMix50,mix50,pick_and_place_simple,128.0,future_easy_grader_action,entropy,reasoning_entropy_mean,89,1,0.25576637623977355,0.4369157825022967,0.18114940626252313,0.7871743206017263
FalconMix50,mix50,pick_and_place_simple,128.0,future_easy_grader_action,entropy,action_entropy_mean,89,1,0.38501639491356254,0.4263637324620504,0.04134733754848785,0.2512456802304208
FalconMix50,mix50,pick_and_place_simple,128.0,future_easy_grader_action,entropy,reasoning_entropy_late_slope,89,1,0.056110752076157795,0.6920425382118083,0.6359317861356505,1.5193008335337796
FalconMix50,mix50,pick_and_place_simple,128.0,future_easy_grader_action,entropy,reasoning_entropy_late_change,89,1,-0.15737585210989222,-0.3635632395744324,-0.20618738746454016,-0.6314874642989151
FalconMix50,mix50,pick_and_place_simple,128.0,future_easy_grader_action,entropy,action_entropy_late_slope,89,1,0.5049910914687715,0.969568241504021,0.46457715003524946,0.6314586222479356
FalconMix50,mix50,pick_and_place_simple,128.0,future_easy_grader_action,entropy,action_entropy_late_change,89,1,-0.09590367228830994,0.2370144724845886,0.33291814477289855,0.3132443216791265
FalconMix50,mix50,pick_and_place_simple,128.0,future_easy_grader_action,all,reasoning_p_hack,89,1,0.984429289551561,0.9983826875686646,0.013953398017103602,0.8555035248299099
FalconMix50,mix50,pick_and_place_simple,128.0,future_easy_grader_action,all,action_p_hack,89,1,0.9944102874688442,0.9909235388040544,-0.0034867486647898183,-0.35857530367671997
FalconMix50,mix50,pick_and_place_simple,128.0,future_easy_grader_action,all,reasoning_p_hack_late_slope,89,1,2.497059318872778e-05,0.0004535913467407,0.00042862075355197223,0.08456862319617531
FalconMix50,mix50,pick_and_place_simple,128.0,future_easy_grader_action,all,reasoning_p_hack_late_change,89,1,-0.00956100853784982,0.0031627416610717,0.01272375019892152,0.6619623324958841
FalconMix50,mix50,pick_and_place_simple,128.0,future_easy_grader_action,all,action_p_hack_late_slope,89,1,0.0007414572335552118,0.0030225068330764,0.002281049599521188,1.3480230691393575
FalconMix50,mix50,pick_and_place_simple,128.0,future_easy_grader_action,all,action_p_hack_late_change,89,1,0.030173388430464996,0.0257032066583633,-0.004470181772101695,-0.06557617897154677
FalconMix50,mix50,pick_and_place_simple,128.0,future_easy_grader_action,all,reasoning_entropy_mean,89,1,0.25576637623977355,0.4369157825022967,0.18114940626252313,0.7871743206017263
FalconMix50,mix50,pick_and_place_simple,128.0,future_easy_grader_action,all,action_entropy_mean,89,1,0.38501639491356254,0.4263637324620504,0.04134733754848785,0.2512456802304208
FalconMix50,mix50,pick_and_place_simple,128.0,future_easy_grader_action,all,reasoning_entropy_late_slope,89,1,0.056110752076157795,0.6920425382118083,0.6359317861356505,1.5193008335337796
FalconMix50,mix50,pick_and_place_simple,128.0,future_easy_grader_action,all,reasoning_entropy_late_change,89,1,-0.15737585210989222,-0.3635632395744324,-0.20618738746454016,-0.6314874642989151
FalconMix50,mix50,pick_and_place_simple,128.0,future_easy_grader_action,all,action_entropy_late_slope,89,1,0.5049910914687715,0.969568241504021,0.46457715003524946,0.6314586222479356
FalconMix50,mix50,pick_and_place_simple,128.0,future_easy_grader_action,all,action_entropy_late_change,89,1,-0.09590367228830994,0.2370144724845886,0.33291814477289855,0.3132443216791265
QwenControl,control,pick_and_place_simple,8.0,gameable_hack_action,mean_phack,reasoning_p_hack,389,1,0.4851503550395291,0.4639247720285008,-0.02122558301102828,-0.17019960123762418
QwenControl,control,pick_and_place_simple,8.0,gameable_hack_action,mean_phack,action_p_hack,389,1,0.554522130753012,0.4403233673423529,-0.11419876341065915,-1.4040569440983977
QwenControl,control,pick_and_place_simple,8.0,gameable_hack_action,late_phack,reasoning_p_hack_late_slope,386,1,0.017661775617739264,0.0411198126307378,0.023458037012998537,1.1880255857650974
QwenControl,control,pick_and_place_simple,8.0,gameable_hack_action,late_phack,reasoning_p_hack_late_change,389,1,0.04288458035348443,-0.0132166082815577,-0.056101188635042126,-0.25446681765290297
QwenControl,control,pick_and_place_simple,8.0,gameable_hack_action,late_phack,action_p_hack_late_slope,382,1,0.01599937631748962,0.0212251358665526,0.005225759549062979,0.246386327937888
QwenControl,control,pick_and_place_simple,8.0,gameable_hack_action,late_phack,action_p_hack_late_change,389,1,0.11760445732230242,0.1517202403396368,0.03411578301733438,0.18032047414632446
QwenControl,control,pick_and_place_simple,8.0,gameable_hack_action,entropy,reasoning_entropy_mean,389,1,0.6135342627447893,0.8723275099085489,0.2587932471637596,0.763230582066527
QwenControl,control,pick_and_place_simple,8.0,gameable_hack_action,entropy,action_entropy_mean,389,1,0.41591869261878167,0.7702949519269169,0.3543762593081352,1.3365662810910426
QwenControl,control,pick_and_place_simple,8.0,gameable_hack_action,entropy,reasoning_entropy_late_slope,386,1,0.14823262793285621,-0.9235531389713288,-1.071785766904185,-1.5308767803268049
QwenControl,control,pick_and_place_simple,8.0,gameable_hack_action,entropy,reasoning_entropy_late_change,389,1,-1.340023268718408,-2.0604181587696075,-0.7203948900511996,-0.847712360535648
QwenControl,control,pick_and_place_simple,8.0,gameable_hack_action,entropy,action_entropy_late_slope,382,1,0.8052817676234649,1.3362537124194205,0.5309719447959556,0.7281673990164372
QwenControl,control,pick_and_place_simple,8.0,gameable_hack_action,entropy,action_entropy_late_change,389,1,-0.47837655810138885,-0.9869850873947144,-0.5086085292933256,-0.5250410350969269
QwenControl,control,pick_and_place_simple,8.0,gameable_hack_action,all,reasoning_p_hack,389,1,0.4851503550395291,0.4639247720285008,-0.02122558301102828,-0.17019960123762418
QwenControl,control,pick_and_place_simple,8.0,gameable_hack_action,all,action_p_hack,389,1,0.554522130753012,0.4403233673423529,-0.11419876341065915,-1.4040569440983977
QwenControl,control,pick_and_place_simple,8.0,gameable_hack_action,all,reasoning_p_hack_late_slope,386,1,0.017661775617739264,0.0411198126307378,0.023458037012998537,1.1880255857650974
QwenControl,control,pick_and_place_simple,8.0,gameable_hack_action,all,reasoning_p_hack_late_change,389,1,0.04288458035348443,-0.0132166082815577,-0.056101188635042126,-0.25446681765290297
QwenControl,control,pick_and_place_simple,8.0,gameable_hack_action,all,action_p_hack_late_slope,382,1,0.01599937631748962,0.0212251358665526,0.005225759549062979,0.246386327937888
QwenControl,control,pick_and_place_simple,8.0,gameable_hack_action,all,action_p_hack_late_change,389,1,0.11760445732230242,0.1517202403396368,0.03411578301733438,0.18032047414632446
QwenControl,control,pick_and_place_simple,8.0,gameable_hack_action,all,reasoning_entropy_mean,389,1,0.6135342627447893,0.8723275099085489,0.2587932471637596,0.763230582066527
QwenControl,control,pick_and_place_simple,8.0,gameable_hack_action,all,action_entropy_mean,389,1,0.41591869261878167,0.7702949519269169,0.3543762593081352,1.3365662810910426
QwenControl,control,pick_and_place_simple,8.0,gameable_hack_action,all,reasoning_entropy_late_slope,386,1,0.14823262793285621,-0.9235531389713288,-1.071785766904185,-1.5308767803268049
QwenControl,control,pick_and_place_simple,8.0,gameable_hack_action,all,reasoning_entropy_late_change,389,1,-1.340023268718408,-2.0604181587696075,-0.7203948900511996,-0.847712360535648
QwenControl,control,pick_and_place_simple,8.0,gameable_hack_action,all,action_entropy_late_slope,382,1,0.8052817676234649,1.3362537124194205,0.5309719447959556,0.7281673990164372
QwenControl,control,pick_and_place_simple,8.0,gameable_hack_action,all,action_entropy_late_change,389,1,-0.47837655810138885,-0.9869850873947144,-0.5086085292933256,-0.5250410350969269
QwenControl,control,pick_and_place_simple,8.0,future_gameable_hack_action,mean_phack,reasoning_p_hack,389,1,0.4853032263680445,0.4044578252360225,-0.08084540113202204,-0.648267471730536
QwenControl,control,pick_and_place_simple,8.0,future_gameable_hack_action,mean_phack,action_p_hack,389,1,0.5543447171821235,0.5093372464179993,-0.04500747076412426,-0.5533602114011676
QwenControl,control,pick_and_place_simple,8.0,future_gameable_hack_action,late_phack,reasoning_p_hack_late_slope,386,1,0.017881905724212322,-0.0438504084678633,-0.061732314192075616,-3.1264154237644366
QwenControl,control,pick_and_place_simple,8.0,future_gameable_hack_action,late_phack,reasoning_p_hack_late_change,389,1,0.04227855814313004,0.2225260315462947,0.18024747340316466,0.8175762771313185
QwenControl,control,pick_and_place_simple,8.0,future_gameable_hack_action,late_phack,action_p_hack_late_slope,382,1,0.01604156241851699,0.0051100452740987,-0.010931517144418292,-0.5154038073730801
QwenControl,control,pick_and_place_simple,8.0,future_gameable_hack_action,late_phack,action_p_hack_late_change,389,1,0.11741614805299401,0.2249725461006164,0.10755639804762239,0.5684940803956803
QwenControl,control,pick_and_place_simple,8.0,future_gameable_hack_action,entropy,reasoning_entropy_mean,389,1,0.6128444829788627,1.1406518388539553,0.5278073558750925,1.556604431755642
QwenControl,control,pick_and_place_simple,8.0,future_gameable_hack_action,entropy,action_entropy_mean,389,1,0.41578933949949626,0.8206133153289557,0.4048239758294594,1.5268349999721595
QwenControl,control,pick_and_place_simple,8.0,future_gameable_hack_action,entropy,reasoning_entropy_late_slope,386,1,0.15417029625884374,-3.215493112802505,-3.369663409061349,-4.8130322586286445
QwenControl,control,pick_and_place_simple,8.0,future_gameable_hack_action,entropy,reasoning_entropy_late_change,389,1,-1.3418413770931925,-1.3531740009784698,-0.011332623885277338,-0.013335471249897882
QwenControl,control,pick_and_place_simple,8.0,future_gameable_hack_action,entropy,action_entropy_late_slope,382,1,0.8045935013474097,1.5991714298725128,0.7945779285251031,1.089672908711466
QwenControl,control,pick_and_place_simple,8.0,future_gameable_hack_action,entropy,action_entropy_late_change,389,1,-0.481548129524054,0.2467561960220337,0.7283043255460877,0.751834927899439
QwenControl,control,pick_and_place_simple,8.0,future_gameable_hack_action,all,reasoning_p_hack,389,1,0.4853032263680445,0.4044578252360225,-0.08084540113202204,-0.648267471730536
QwenControl,control,pick_and_place_simple,8.0,future_gameable_hack_action,all,action_p_hack,389,1,0.5543447171821235,0.5093372464179993,-0.04500747076412426,-0.5533602114011676
QwenControl,control,pick_and_place_simple,8.0,future_gameable_hack_action,all,reasoning_p_hack_late_slope,386,1,0.017881905724212322,-0.0438504084678633,-0.061732314192075616,-3.1264154237644366
QwenControl,control,pick_and_place_simple,8.0,future_gameable_hack_action,all,reasoning_p_hack_late_change,389,1,0.04227855814313004,0.2225260315462947,0.18024747340316466,0.8175762771313185
QwenControl,control,pick_and_place_simple,8.0,future_gameable_hack_action,all,action_p_hack_late_slope,382,1,0.01604156241851699,0.0051100452740987,-0.010931517144418292,-0.5154038073730801
QwenControl,control,pick_and_place_simple,8.0,future_gameable_hack_action,all,action_p_hack_late_change,389,1,0.11741614805299401,0.2249725461006164,0.10755639804762239,0.5684940803956803
QwenControl,control,pick_and_place_simple,8.0,future_gameable_hack_action,all,reasoning_entropy_mean,389,1,0.6128444829788627,1.1406518388539553,0.5278073558750925,1.556604431755642
QwenControl,control,pick_and_place_simple,8.0,future_gameable_hack_action,all,action_entropy_mean,389,1,0.41578933949949626,0.8206133153289557,0.4048239758294594,1.5268349999721595
QwenControl,control,pick_and_place_simple,8.0,future_gameable_hack_action,all,reasoning_entropy_late_slope,386,1,0.15417029625884374,-3.215493112802505,-3.369663409061349,-4.8130322586286445
QwenControl,control,pick_and_place_simple,8.0,future_gameable_hack_action,all,reasoning_entropy_late_change,389,1,-1.3418413770931925,-1.3531740009784698,-0.011332623885277338,-0.013335471249897882
QwenControl,control,pick_and_place_simple,8.0,future_gameable_hack_action,all,action_entropy_late_slope,382,1,0.8045935013474097,1.5991714298725128,0.7945779285251031,1.089672908711466
QwenControl,control,pick_and_place_simple,8.0,future_gameable_hack_action,all,action_entropy_late_change,389,1,-0.481548129524054,0.2467561960220337,0.7283043255460877,0.751834927899439
QwenControl,control,pick_and_place_simple,8.0,easy_grader_action,mean_phack,reasoning_p_hack,389,1,0.4851503550395291,0.4639247720285008,-0.02122558301102828,-0.17019960123762418
QwenControl,control,pick_and_place_simple,8.0,easy_grader_action,mean_phack,action_p_hack,389,1,0.554522130753012,0.4403233673423529,-0.11419876341065915,-1.4040569440983977
QwenControl,control,pick_and_place_simple,8.0,easy_grader_action,late_phack,reasoning_p_hack_late_slope,386,1,0.017661775617739264,0.0411198126307378,0.023458037012998537,1.1880255857650974
QwenControl,control,pick_and_place_simple,8.0,easy_grader_action,late_phack,reasoning_p_hack_late_change,389,1,0.04288458035348443,-0.0132166082815577,-0.056101188635042126,-0.25446681765290297
QwenControl,control,pick_and_place_simple,8.0,easy_grader_action,late_phack,action_p_hack_late_slope,382,1,0.01599937631748962,0.0212251358665526,0.005225759549062979,0.246386327937888
QwenControl,control,pick_and_place_simple,8.0,easy_grader_action,late_phack,action_p_hack_late_change,389,1,0.11760445732230242,0.1517202403396368,0.03411578301733438,0.18032047414632446
QwenControl,control,pick_and_place_simple,8.0,easy_grader_action,entropy,reasoning_entropy_mean,389,1,0.6135342627447893,0.8723275099085489,0.2587932471637596,0.763230582066527
QwenControl,control,pick_and_place_simple,8.0,easy_grader_action,entropy,action_entropy_mean,389,1,0.41591869261878167,0.7702949519269169,0.3543762593081352,1.3365662810910426
QwenControl,control,pick_and_place_simple,8.0,easy_grader_action,entropy,reasoning_entropy_late_slope,386,1,0.14823262793285621,-0.9235531389713288,-1.071785766904185,-1.5308767803268049
QwenControl,control,pick_and_place_simple,8.0,easy_grader_action,entropy,reasoning_entropy_late_change,389,1,-1.340023268718408,-2.0604181587696075,-0.7203948900511996,-0.847712360535648
QwenControl,control,pick_and_place_simple,8.0,easy_grader_action,entropy,action_entropy_late_slope,382,1,0.8052817676234649,1.3362537124194205,0.5309719447959556,0.7281673990164372
QwenControl,control,pick_and_place_simple,8.0,easy_grader_action,entropy,action_entropy_late_change,389,1,-0.47837655810138885,-0.9869850873947144,-0.5086085292933256,-0.5250410350969269
QwenControl,control,pick_and_place_simple,8.0,easy_grader_action,all,reasoning_p_hack,389,1,0.4851503550395291,0.4639247720285008,-0.02122558301102828,-0.17019960123762418
QwenControl,control,pick_and_place_simple,8.0,easy_grader_action,all,action_p_hack,389,1,0.554522130753012,0.4403233673423529,-0.11419876341065915,-1.4040569440983977
QwenControl,control,pick_and_place_simple,8.0,easy_grader_action,all,reasoning_p_hack_late_slope,386,1,0.017661775617739264,0.0411198126307378,0.023458037012998537,1.1880255857650974
QwenControl,control,pick_and_place_simple,8.0,easy_grader_action,all,reasoning_p_hack_late_change,389,1,0.04288458035348443,-0.0132166082815577,-0.056101188635042126,-0.25446681765290297
QwenControl,control,pick_and_place_simple,8.0,easy_grader_action,all,action_p_hack_late_slope,382,1,0.01599937631748962,0.0212251358665526,0.005225759549062979,0.246386327937888
QwenControl,control,pick_and_place_simple,8.0,easy_grader_action,all,action_p_hack_late_change,389,1,0.11760445732230242,0.1517202403396368,0.03411578301733438,0.18032047414632446
QwenControl,control,pick_and_place_simple,8.0,easy_grader_action,all,reasoning_entropy_mean,389,1,0.6135342627447893,0.8723275099085489,0.2587932471637596,0.763230582066527
QwenControl,control,pick_and_place_simple,8.0,easy_grader_action,all,action_entropy_mean,389,1,0.41591869261878167,0.7702949519269169,0.3543762593081352,1.3365662810910426
QwenControl,control,pick_and_place_simple,8.0,easy_grader_action,all,reasoning_entropy_late_slope,386,1,0.14823262793285621,-0.9235531389713288,-1.071785766904185,-1.5308767803268049
QwenControl,control,pick_and_place_simple,8.0,easy_grader_action,all,reasoning_entropy_late_change,389,1,-1.340023268718408,-2.0604181587696075,-0.7203948900511996,-0.847712360535648
QwenControl,control,pick_and_place_simple,8.0,easy_grader_action,all,action_entropy_late_slope,382,1,0.8052817676234649,1.3362537124194205,0.5309719447959556,0.7281673990164372
QwenControl,control,pick_and_place_simple,8.0,easy_grader_action,all,action_entropy_late_change,389,1,-0.47837655810138885,-0.9869850873947144,-0.5086085292933256,-0.5250410350969269
QwenControl,control,pick_and_place_simple,8.0,future_easy_grader_action,mean_phack,reasoning_p_hack,389,1,0.4853032263680445,0.4044578252360225,-0.08084540113202204,-0.648267471730536
QwenControl,control,pick_and_place_simple,8.0,future_easy_grader_action,mean_phack,action_p_hack,389,1,0.5543447171821235,0.5093372464179993,-0.04500747076412426,-0.5533602114011676
QwenControl,control,pick_and_place_simple,8.0,future_easy_grader_action,late_phack,reasoning_p_hack_late_slope,386,1,0.017881905724212322,-0.0438504084678633,-0.061732314192075616,-3.1264154237644366
QwenControl,control,pick_and_place_simple,8.0,future_easy_grader_action,late_phack,reasoning_p_hack_late_change,389,1,0.04227855814313004,0.2225260315462947,0.18024747340316466,0.8175762771313185
QwenControl,control,pick_and_place_simple,8.0,future_easy_grader_action,late_phack,action_p_hack_late_slope,382,1,0.01604156241851699,0.0051100452740987,-0.010931517144418292,-0.5154038073730801
QwenControl,control,pick_and_place_simple,8.0,future_easy_grader_action,late_phack,action_p_hack_late_change,389,1,0.11741614805299401,0.2249725461006164,0.10755639804762239,0.5684940803956803
QwenControl,control,pick_and_place_simple,8.0,future_easy_grader_action,entropy,reasoning_entropy_mean,389,1,0.6128444829788627,1.1406518388539553,0.5278073558750925,1.556604431755642
QwenControl,control,pick_and_place_simple,8.0,future_easy_grader_action,entropy,action_entropy_mean,389,1,0.41578933949949626,0.8206133153289557,0.4048239758294594,1.5268349999721595
QwenControl,control,pick_and_place_simple,8.0,future_easy_grader_action,entropy,reasoning_entropy_late_slope,386,1,0.15417029625884374,-3.215493112802505,-3.369663409061349,-4.8130322586286445
QwenControl,control,pick_and_place_simple,8.0,future_easy_grader_action,entropy,reasoning_entropy_late_change,389,1,-1.3418413770931925,-1.3531740009784698,-0.011332623885277338,-0.013335471249897882
QwenControl,control,pick_and_place_simple,8.0,future_easy_grader_action,entropy,action_entropy_late_slope,382,1,0.8045935013474097,1.5991714298725128,0.7945779285251031,1.089672908711466
QwenControl,control,pick_and_place_simple,8.0,future_easy_grader_action,entropy,action_entropy_late_change,389,1,-0.481548129524054,0.2467561960220337,0.7283043255460877,0.751834927899439
QwenControl,control,pick_and_place_simple,8.0,future_easy_grader_action,all,reasoning_p_hack,389,1,0.4853032263680445,0.4044578252360225,-0.08084540113202204,-0.648267471730536
QwenControl,control,pick_and_place_simple,8.0,future_easy_grader_action,all,action_p_hack,389,1,0.5543447171821235,0.5093372464179993,-0.04500747076412426,-0.5533602114011676
QwenControl,control,pick_and_place_simple,8.0,future_easy_grader_action,all,reasoning_p_hack_late_slope,386,1,0.017881905724212322,-0.0438504084678633,-0.061732314192075616,-3.1264154237644366
QwenControl,control,pick_and_place_simple,8.0,future_easy_grader_action,all,reasoning_p_hack_late_change,389,1,0.04227855814313004,0.2225260315462947,0.18024747340316466,0.8175762771313185
QwenControl,control,pick_and_place_simple,8.0,future_easy_grader_action,all,action_p_hack_late_slope,382,1,0.01604156241851699,0.0051100452740987,-0.010931517144418292,-0.5154038073730801
QwenControl,control,pick_and_place_simple,8.0,future_easy_grader_action,all,action_p_hack_late_change,389,1,0.11741614805299401,0.2249725461006164,0.10755639804762239,0.5684940803956803
QwenControl,control,pick_and_place_simple,8.0,future_easy_grader_action,all,reasoning_entropy_mean,389,1,0.6128444829788627,1.1406518388539553,0.5278073558750925,1.556604431755642
QwenControl,control,pick_and_place_simple,8.0,future_easy_grader_action,all,action_entropy_mean,389,1,0.41578933949949626,0.8206133153289557,0.4048239758294594,1.5268349999721595
QwenControl,control,pick_and_place_simple,8.0,future_easy_grader_action,all,reasoning_entropy_late_slope,386,1,0.15417029625884374,-3.215493112802505,-3.369663409061349,-4.8130322586286445
QwenControl,control,pick_and_place_simple,8.0,future_easy_grader_action,all,reasoning_entropy_late_change,389,1,-1.3418413770931925,-1.3531740009784698,-0.011332623885277338,-0.013335471249897882
QwenControl,control,pick_and_place_simple,8.0,future_easy_grader_action,all,action_entropy_late_slope,382,1,0.8045935013474097,1.5991714298725128,0.7945779285251031,1.089672908711466
QwenControl,control,pick_and_place_simple,8.0,future_easy_grader_action,all,action_entropy_late_change,389,1,-0.481548129524054,0.2467561960220337,0.7283043255460877,0.751834927899439
QwenControl,control,pick_and_place_simple,128.0,gameable_hack_action,mean_phack,reasoning_p_hack,388,2,0.4948070469895196,0.47780937512870875,-0.01699767186081086,-0.1342917345924935
QwenControl,control,pick_and_place_simple,128.0,gameable_hack_action,mean_phack,action_p_hack,388,2,0.555236836582817,0.5725713830906898,0.017334546507872806,0.23355510643058844
QwenControl,control,pick_and_place_simple,128.0,gameable_hack_action,late_phack,reasoning_p_hack_late_slope,384,2,0.01855377752433209,0.026582363503985053,0.008028585979652964,0.38403942781953365
QwenControl,control,pick_and_place_simple,128.0,gameable_hack_action,late_phack,reasoning_p_hack_late_change,388,2,0.06645489026804494,-0.0171960415551439,-0.08365093182318883,-0.509771476512287
QwenControl,control,pick_and_place_simple,128.0,gameable_hack_action,late_phack,action_p_hack_late_slope,382,2,0.01643146331889258,-0.005009062879253101,-0.021440526198145682,-0.9762518930326729
QwenControl,control,pick_and_place_simple,128.0,gameable_hack_action,late_phack,action_p_hack_late_change,388,2,0.13928479623701526,-0.163398667005822,-0.30268346324283724,-1.6559927381520216
QwenControl,control,pick_and_place_simple,128.0,gameable_hack_action,entropy,reasoning_entropy_mean,388,2,0.5833895812625302,0.9397119997011032,0.35632241843857304,1.175589370051084
QwenControl,control,pick_and_place_simple,128.0,gameable_hack_action,entropy,action_entropy_mean,388,2,0.43770333570821596,0.7834525507874787,0.3457492150792627,1.3339942263166682
QwenControl,control,pick_and_place_simple,128.0,gameable_hack_action,entropy,reasoning_entropy_late_slope,384,2,0.48726322917624776,0.8902374950994272,0.4029742659231794,0.5944515424410118
QwenControl,control,pick_and_place_simple,128.0,gameable_hack_action,entropy,reasoning_entropy_late_change,388,2,-0.696389282875861,-1.9271339774131775,-1.2307446945373166,-1.868653799477634
QwenControl,control,pick_and_place_simple,128.0,gameable_hack_action,entropy,action_entropy_late_slope,382,2,0.9098674560109573,1.1149605787359178,0.2050931227249605,0.27020308331968673
QwenControl,control,pick_and_place_simple,128.0,gameable_hack_action,entropy,action_entropy_late_change,388,2,-0.35386652322654066,-1.3485373258590698,-0.9946708026325292,-0.9937265323022868
QwenControl,control,pick_and_place_simple,128.0,gameable_hack_action,all,reasoning_p_hack,388,2,0.4948070469895196,0.47780937512870875,-0.01699767186081086,-0.1342917345924935
QwenControl,control,pick_and_place_simple,128.0,gameable_hack_action,all,action_p_hack,388,2,0.555236836582817,0.5725713830906898,0.017334546507872806,0.23355510643058844
QwenControl,control,pick_and_place_simple,128.0,gameable_hack_action,all,reasoning_p_hack_late_slope,384,2,0.01855377752433209,0.026582363503985053,0.008028585979652964,0.38403942781953365
QwenControl,control,pick_and_place_simple,128.0,gameable_hack_action,all,reasoning_p_hack_late_change,388,2,0.06645489026804494,-0.0171960415551439,-0.08365093182318883,-0.509771476512287
QwenControl,control,pick_and_place_simple,128.0,gameable_hack_action,all,action_p_hack_late_slope,382,2,0.01643146331889258,-0.005009062879253101,-0.021440526198145682,-0.9762518930326729
QwenControl,control,pick_and_place_simple,128.0,gameable_hack_action,all,action_p_hack_late_change,388,2,0.13928479623701526,-0.163398667005822,-0.30268346324283724,-1.6559927381520216
QwenControl,control,pick_and_place_simple,128.0,gameable_hack_action,all,reasoning_entropy_mean,388,2,0.5833895812625302,0.9397119997011032,0.35632241843857304,1.175589370051084
QwenControl,control,pick_and_place_simple,128.0,gameable_hack_action,all,action_entropy_mean,388,2,0.43770333570821596,0.7834525507874787,0.3457492150792627,1.3339942263166682
QwenControl,control,pick_and_place_simple,128.0,gameable_hack_action,all,reasoning_entropy_late_slope,384,2,0.48726322917624776,0.8902374950994272,0.4029742659231794,0.5944515424410118
QwenControl,control,pick_and_place_simple,128.0,gameable_hack_action,all,reasoning_entropy_late_change,388,2,-0.696389282875861,-1.9271339774131775,-1.2307446945373166,-1.868653799477634
QwenControl,control,pick_and_place_simple,128.0,gameable_hack_action,all,action_entropy_late_slope,382,2,0.9098674560109573,1.1149605787359178,0.2050931227249605,0.27020308331968673
QwenControl,control,pick_and_place_simple,128.0,gameable_hack_action,all,action_entropy_late_change,388,2,-0.35386652322654066,-1.3485373258590698,-0.9946708026325292,-0.9937265323022868
QwenControl,control,pick_and_place_simple,128.0,future_gameable_hack_action,mean_phack,reasoning_p_hack,388,2,0.4949180889293503,0.4562672388015522,-0.03865085012779812,-0.3053647434566313
QwenControl,control,pick_and_place_simple,128.0,future_gameable_hack_action,mean_phack,action_p_hack,388,2,0.5551974239871876,0.5802174266427755,0.025020002655587903,0.33710425481655854
QwenControl,control,pick_and_place_simple,128.0,future_gameable_hack_action,late_phack,reasoning_p_hack_late_slope,384,2,0.018461134868901413,0.04436975334667495,0.025908618477773537,1.2393130049320131
QwenControl,control,pick_and_place_simple,128.0,future_gameable_hack_action,late_phack,reasoning_p_hack_late_change,388,2,0.06589622657917978,0.091184714084698,0.025288487505518223,0.15410885848466951
QwenControl,control,pick_and_place_simple,128.0,future_gameable_hack_action,late_phack,action_p_hack_late_slope,382,2,0.016476518612035015,-0.0136146238694588,-0.030091142481493815,-1.3701405711588783
QwenControl,control,pick_and_place_simple,128.0,future_gameable_hack_action,late_phack,action_p_hack_late_change,388,2,0.13736405353056197,0.20922541804611683,0.07186136451555486,0.3931562580806776
QwenControl,control,pick_and_place_simple,128.0,future_gameable_hack_action,entropy,reasoning_entropy_mean,388,2,0.5846936443899092,0.6867237529895647,0.10203010859965544,0.3366207257475443
QwenControl,control,pick_and_place_simple,128.0,future_gameable_hack_action,entropy,action_entropy_mean,388,2,0.4390708752353875,0.5181498825162029,0.07907900728081535,0.3051082534237358
QwenControl,control,pick_and_place_simple,128.0,future_gameable_hack_action,entropy,reasoning_entropy_late_slope,384,2,0.4862955447392472,1.0760329070035368,0.5897373622642896,0.8699570029117724
QwenControl,control,pick_and_place_simple,128.0,future_gameable_hack_action,entropy,reasoning_entropy_late_change,388,2,-0.7023223201532105,-0.7761247456073761,-0.0738024254541656,-0.11205506986762792
QwenControl,control,pick_and_place_simple,128.0,future_gameable_hack_action,entropy,action_entropy_late_slope,382,2,0.9103469538821776,1.0233764853328466,0.11302953145066907,0.14891249154710617
QwenControl,control,pick_and_place_simple,128.0,future_gameable_hack_action,entropy,action_entropy_late_change,388,2,-0.3605028466146305,-0.06109058856964111,0.2994122580449894,0.29912801715741694
QwenControl,control,pick_and_place_simple,128.0,future_gameable_hack_action,all,reasoning_p_hack,388,2,0.4949180889293503,0.4562672388015522,-0.03865085012779812,-0.3053647434566313
QwenControl,control,pick_and_place_simple,128.0,future_gameable_hack_action,all,action_p_hack,388,2,0.5551974239871876,0.5802174266427755,0.025020002655587903,0.33710425481655854
QwenControl,control,pick_and_place_simple,128.0,future_gameable_hack_action,all,reasoning_p_hack_late_slope,384,2,0.018461134868901413,0.04436975334667495,0.025908618477773537,1.2393130049320131
QwenControl,control,pick_and_place_simple,128.0,future_gameable_hack_action,all,reasoning_p_hack_late_change,388,2,0.06589622657917978,0.091184714084698,0.025288487505518223,0.15410885848466951
QwenControl,control,pick_and_place_simple,128.0,future_gameable_hack_action,all,action_p_hack_late_slope,382,2,0.016476518612035015,-0.0136146238694588,-0.030091142481493815,-1.3701405711588783
QwenControl,control,pick_and_place_simple,128.0,future_gameable_hack_action,all,action_p_hack_late_change,388,2,0.13736405353056197,0.20922541804611683,0.07186136451555486,0.3931562580806776
QwenControl,control,pick_and_place_simple,128.0,future_gameable_hack_action,all,reasoning_entropy_mean,388,2,0.5846936443899092,0.6867237529895647,0.10203010859965544,0.3366207257475443
QwenControl,control,pick_and_place_simple,128.0,future_gameable_hack_action,all,action_entropy_mean,388,2,0.4390708752353875,0.5181498825162029,0.07907900728081535,0.3051082534237358
QwenControl,control,pick_and_place_simple,128.0,future_gameable_hack_action,all,reasoning_entropy_late_slope,384,2,0.4862955447392472,1.0760329070035368,0.5897373622642896,0.8699570029117724
QwenControl,control,pick_and_place_simple,128.0,future_gameable_hack_action,all,reasoning_entropy_late_change,388,2,-0.7023223201532105,-0.7761247456073761,-0.0738024254541656,-0.11205506986762792
QwenControl,control,pick_and_place_simple,128.0,future_gameable_hack_action,all,action_entropy_late_slope,382,2,0.9103469538821776,1.0233764853328466,0.11302953145066907,0.14891249154710617
QwenControl,control,pick_and_place_simple,128.0,future_gameable_hack_action,all,action_entropy_late_change,388,2,-0.3605028466146305,-0.06109058856964111,0.2994122580449894,0.29912801715741694
QwenControl,control,pick_and_place_simple,128.0,easy_grader_action,mean_phack,reasoning_p_hack,388,2,0.4948070469895196,0.47780937512870875,-0.01699767186081086,-0.1342917345924935
QwenControl,control,pick_and_place_simple,128.0,easy_grader_action,mean_phack,action_p_hack,388,2,0.555236836582817,0.5725713830906898,0.017334546507872806,0.23355510643058844
QwenControl,control,pick_and_place_simple,128.0,easy_grader_action,late_phack,reasoning_p_hack_late_slope,384,2,0.01855377752433209,0.026582363503985053,0.008028585979652964,0.38403942781953365
QwenControl,control,pick_and_place_simple,128.0,easy_grader_action,late_phack,reasoning_p_hack_late_change,388,2,0.06645489026804494,-0.0171960415551439,-0.08365093182318883,-0.509771476512287
QwenControl,control,pick_and_place_simple,128.0,easy_grader_action,late_phack,action_p_hack_late_slope,382,2,0.01643146331889258,-0.005009062879253101,-0.021440526198145682,-0.9762518930326729
QwenControl,control,pick_and_place_simple,128.0,easy_grader_action,late_phack,action_p_hack_late_change,388,2,0.13928479623701526,-0.163398667005822,-0.30268346324283724,-1.6559927381520216
QwenControl,control,pick_and_place_simple,128.0,easy_grader_action,entropy,reasoning_entropy_mean,388,2,0.5833895812625302,0.9397119997011032,0.35632241843857304,1.175589370051084
QwenControl,control,pick_and_place_simple,128.0,easy_grader_action,entropy,action_entropy_mean,388,2,0.43770333570821596,0.7834525507874787,0.3457492150792627,1.3339942263166682
QwenControl,control,pick_and_place_simple,128.0,easy_grader_action,entropy,reasoning_entropy_late_slope,384,2,0.48726322917624776,0.8902374950994272,0.4029742659231794,0.5944515424410118
QwenControl,control,pick_and_place_simple,128.0,easy_grader_action,entropy,reasoning_entropy_late_change,388,2,-0.696389282875861,-1.9271339774131775,-1.2307446945373166,-1.868653799477634
QwenControl,control,pick_and_place_simple,128.0,easy_grader_action,entropy,action_entropy_late_slope,382,2,0.9098674560109573,1.1149605787359178,0.2050931227249605,0.27020308331968673
QwenControl,control,pick_and_place_simple,128.0,easy_grader_action,entropy,action_entropy_late_change,388,2,-0.35386652322654066,-1.3485373258590698,-0.9946708026325292,-0.9937265323022868
QwenControl,control,pick_and_place_simple,128.0,easy_grader_action,all,reasoning_p_hack,388,2,0.4948070469895196,0.47780937512870875,-0.01699767186081086,-0.1342917345924935
QwenControl,control,pick_and_place_simple,128.0,easy_grader_action,all,action_p_hack,388,2,0.555236836582817,0.5725713830906898,0.017334546507872806,0.23355510643058844
QwenControl,control,pick_and_place_simple,128.0,easy_grader_action,all,reasoning_p_hack_late_slope,384,2,0.01855377752433209,0.026582363503985053,0.008028585979652964,0.38403942781953365
QwenControl,control,pick_and_place_simple,128.0,easy_grader_action,all,reasoning_p_hack_late_change,388,2,0.06645489026804494,-0.0171960415551439,-0.08365093182318883,-0.509771476512287
QwenControl,control,pick_and_place_simple,128.0,easy_grader_action,all,action_p_hack_late_slope,382,2,0.01643146331889258,-0.005009062879253101,-0.021440526198145682,-0.9762518930326729
QwenControl,control,pick_and_place_simple,128.0,easy_grader_action,all,action_p_hack_late_change,388,2,0.13928479623701526,-0.163398667005822,-0.30268346324283724,-1.6559927381520216
QwenControl,control,pick_and_place_simple,128.0,easy_grader_action,all,reasoning_entropy_mean,388,2,0.5833895812625302,0.9397119997011032,0.35632241843857304,1.175589370051084
QwenControl,control,pick_and_place_simple,128.0,easy_grader_action,all,action_entropy_mean,388,2,0.43770333570821596,0.7834525507874787,0.3457492150792627,1.3339942263166682
QwenControl,control,pick_and_place_simple,128.0,easy_grader_action,all,reasoning_entropy_late_slope,384,2,0.48726322917624776,0.8902374950994272,0.4029742659231794,0.5944515424410118
QwenControl,control,pick_and_place_simple,128.0,easy_grader_action,all,reasoning_entropy_late_change,388,2,-0.696389282875861,-1.9271339774131775,-1.2307446945373166,-1.868653799477634
QwenControl,control,pick_and_place_simple,128.0,easy_grader_action,all,action_entropy_late_slope,382,2,0.9098674560109573,1.1149605787359178,0.2050931227249605,0.27020308331968673
QwenControl,control,pick_and_place_simple,128.0,easy_grader_action,all,action_entropy_late_change,388,2,-0.35386652322654066,-1.3485373258590698,-0.9946708026325292,-0.9937265323022868
QwenControl,control,pick_and_place_simple,128.0,future_easy_grader_action,mean_phack,reasoning_p_hack,388,2,0.4949180889293503,0.4562672388015522,-0.03865085012779812,-0.3053647434566313
QwenControl,control,pick_and_place_simple,128.0,future_easy_grader_action,mean_phack,action_p_hack,388,2,0.5551974239871876,0.5802174266427755,0.025020002655587903,0.33710425481655854
QwenControl,control,pick_and_place_simple,128.0,future_easy_grader_action,late_phack,reasoning_p_hack_late_slope,384,2,0.018461134868901413,0.04436975334667495,0.025908618477773537,1.2393130049320131
QwenControl,control,pick_and_place_simple,128.0,future_easy_grader_action,late_phack,reasoning_p_hack_late_change,388,2,0.06589622657917978,0.091184714084698,0.025288487505518223,0.15410885848466951
QwenControl,control,pick_and_place_simple,128.0,future_easy_grader_action,late_phack,action_p_hack_late_slope,382,2,0.016476518612035015,-0.0136146238694588,-0.030091142481493815,-1.3701405711588783
QwenControl,control,pick_and_place_simple,128.0,future_easy_grader_action,late_phack,action_p_hack_late_change,388,2,0.13736405353056197,0.20922541804611683,0.07186136451555486,0.3931562580806776
QwenControl,control,pick_and_place_simple,128.0,future_easy_grader_action,entropy,reasoning_entropy_mean,388,2,0.5846936443899092,0.6867237529895647,0.10203010859965544,0.3366207257475443
QwenControl,control,pick_and_place_simple,128.0,future_easy_grader_action,entropy,action_entropy_mean,388,2,0.4390708752353875,0.5181498825162029,0.07907900728081535,0.3051082534237358
QwenControl,control,pick_and_place_simple,128.0,future_easy_grader_action,entropy,reasoning_entropy_late_slope,384,2,0.4862955447392472,1.0760329070035368,0.5897373622642896,0.8699570029117724
QwenControl,control,pick_and_place_simple,128.0,future_easy_grader_action,entropy,reasoning_entropy_late_change,388,2,-0.7023223201532105,-0.7761247456073761,-0.0738024254541656,-0.11205506986762792
QwenControl,control,pick_and_place_simple,128.0,future_easy_grader_action,entropy,action_entropy_late_slope,382,2,0.9103469538821776,1.0233764853328466,0.11302953145066907,0.14891249154710617
QwenControl,control,pick_and_place_simple,128.0,future_easy_grader_action,entropy,action_entropy_late_change,388,2,-0.3605028466146305,-0.06109058856964111,0.2994122580449894,0.29912801715741694
QwenControl,control,pick_and_place_simple,128.0,future_easy_grader_action,all,reasoning_p_hack,388,2,0.4949180889293503,0.4562672388015522,-0.03865085012779812,-0.3053647434566313
QwenControl,control,pick_and_place_simple,128.0,future_easy_grader_action,all,action_p_hack,388,2,0.5551974239871876,0.5802174266427755,0.025020002655587903,0.33710425481655854
QwenControl,control,pick_and_place_simple,128.0,future_easy_grader_action,all,reasoning_p_hack_late_slope,384,2,0.018461134868901413,0.04436975334667495,0.025908618477773537,1.2393130049320131
QwenControl,control,pick_and_place_simple,128.0,future_easy_grader_action,all,reasoning_p_hack_late_change,388,2,0.06589622657917978,0.091184714084698,0.025288487505518223,0.15410885848466951
QwenControl,control,pick_and_place_simple,128.0,future_easy_grader_action,all,action_p_hack_late_slope,382,2,0.016476518612035015,-0.0136146238694588,-0.030091142481493815,-1.3701405711588783
QwenControl,control,pick_and_place_simple,128.0,future_easy_grader_action,all,action_p_hack_late_change,388,2,0.13736405353056197,0.20922541804611683,0.07186136451555486,0.3931562580806776
QwenControl,control,pick_and_place_simple,128.0,future_easy_grader_action,all,reasoning_entropy_mean,388,2,0.5846936443899092,0.6867237529895647,0.10203010859965544,0.3366207257475443
QwenControl,control,pick_and_place_simple,128.0,future_easy_grader_action,all,action_entropy_mean,388,2,0.4390708752353875,0.5181498825162029,0.07907900728081535,0.3051082534237358
QwenControl,control,pick_and_place_simple,128.0,future_easy_grader_action,all,reasoning_entropy_late_slope,384,2,0.4862955447392472,1.0760329070035368,0.5897373622642896,0.8699570029117724
QwenControl,control,pick_and_place_simple,128.0,future_easy_grader_action,all,reasoning_entropy_late_change,388,2,-0.7023223201532105,-0.7761247456073761,-0.0738024254541656,-0.11205506986762792
QwenControl,control,pick_and_place_simple,128.0,future_easy_grader_action,all,action_entropy_late_slope,382,2,0.9103469538821776,1.0233764853328466,0.11302953145066907,0.14891249154710617
QwenControl,control,pick_and_place_simple,128.0,future_easy_grader_action,all,action_entropy_late_change,388,2,-0.3605028466146305,-0.06109058856964111,0.2994122580449894,0.29912801715741694
QwenControl,control,pick_and_place_simple,256.0,gameable_hack_action,mean_phack,reasoning_p_hack,389,1,0.4807202637786636,0.3459326106822118,-0.1347876530964518,-1.0946491852117375
QwenControl,control,pick_and_place_simple,256.0,gameable_hack_action,mean_phack,action_p_hack,389,1,0.5385005771538749,0.5322459876537323,-0.006254589500142571,-0.07211888845487083
QwenControl,control,pick_and_place_simple,256.0,gameable_hack_action,late_phack,reasoning_p_hack_late_slope,386,1,0.019165872815573373,0.0192342525455783,6.837973000492839e-05,0.003157875314405426
QwenControl,control,pick_and_place_simple,256.0,gameable_hack_action,late_phack,reasoning_p_hack_late_change,389,1,0.059370600524330686,-0.0265097404636132,-0.08588034098794389,-0.5073906532593296
QwenControl,control,pick_and_place_simple,256.0,gameable_hack_action,late_phack,action_p_hack_late_slope,386,1,0.01519055004111523,0.0127155199646949,-0.0024750300764203297,-0.11248772260791821
QwenControl,control,pick_and_place_simple,256.0,gameable_hack_action,late_phack,action_p_hack_late_change,389,1,0.1544285675985845,-0.0740308821201324,-0.2284594497187169,-1.236497727739034
QwenControl,control,pick_and_place_simple,256.0,gameable_hack_action,entropy,reasoning_entropy_mean,389,1,0.5731097472316957,1.3314054872264478,0.7582957399947521,2.457182082864449
QwenControl,control,pick_and_place_simple,256.0,gameable_hack_action,entropy,action_entropy_mean,389,1,0.4022120222413169,0.7921212029643356,0.3899091807230187,1.8273419350468993
QwenControl,control,pick_and_place_simple,256.0,gameable_hack_action,entropy,reasoning_entropy_late_slope,386,1,0.4925820142033853,-0.3416336238384246,-0.83421563804181,-1.4091211497665117
QwenControl,control,pick_and_place_simple,256.0,gameable_hack_action,entropy,reasoning_entropy_late_change,389,1,-0.6764205896901941,-0.4719908237457275,0.20442976594446666,0.3205314123381458
QwenControl,control,pick_and_place_simple,256.0,gameable_hack_action,entropy,action_entropy_late_slope,386,1,0.8693837952526248,1.28111465414986,0.41173085889723515,0.5316817754330329
QwenControl,control,pick_and_place_simple,256.0,gameable_hack_action,entropy,action_entropy_late_change,389,1,-0.42361439009685464,-1.0964421033859253,-0.6728277132890707,-0.6595720114948435
QwenControl,control,pick_and_place_simple,256.0,gameable_hack_action,all,reasoning_p_hack,389,1,0.4807202637786636,0.3459326106822118,-0.1347876530964518,-1.0946491852117375
QwenControl,control,pick_and_place_simple,256.0,gameable_hack_action,all,action_p_hack,389,1,0.5385005771538749,0.5322459876537323,-0.006254589500142571,-0.07211888845487083
QwenControl,control,pick_and_place_simple,256.0,gameable_hack_action,all,reasoning_p_hack_late_slope,386,1,0.019165872815573373,0.0192342525455783,6.837973000492839e-05,0.003157875314405426
QwenControl,control,pick_and_place_simple,256.0,gameable_hack_action,all,reasoning_p_hack_late_change,389,1,0.059370600524330686,-0.0265097404636132,-0.08588034098794389,-0.5073906532593296
QwenControl,control,pick_and_place_simple,256.0,gameable_hack_action,all,action_p_hack_late_slope,386,1,0.01519055004111523,0.0127155199646949,-0.0024750300764203297,-0.11248772260791821
QwenControl,control,pick_and_place_simple,256.0,gameable_hack_action,all,action_p_hack_late_change,389,1,0.1544285675985845,-0.0740308821201324,-0.2284594497187169,-1.236497727739034
QwenControl,control,pick_and_place_simple,256.0,gameable_hack_action,all,reasoning_entropy_mean,389,1,0.5731097472316957,1.3314054872264478,0.7582957399947521,2.457182082864449
QwenControl,control,pick_and_place_simple,256.0,gameable_hack_action,all,action_entropy_mean,389,1,0.4022120222413169,0.7921212029643356,0.3899091807230187,1.8273419350468993
QwenControl,control,pick_and_place_simple,256.0,gameable_hack_action,all,reasoning_entropy_late_slope,386,1,0.4925820142033853,-0.3416336238384246,-0.83421563804181,-1.4091211497665117
QwenControl,control,pick_and_place_simple,256.0,gameable_hack_action,all,reasoning_entropy_late_change,389,1,-0.6764205896901941,-0.4719908237457275,0.20442976594446666,0.3205314123381458
QwenControl,control,pick_and_place_simple,256.0,gameable_hack_action,all,action_entropy_late_slope,386,1,0.8693837952526248,1.28111465414986,0.41173085889723515,0.5316817754330329
QwenControl,control,pick_and_place_simple,256.0,gameable_hack_action,all,action_entropy_late_change,389,1,-0.42361439009685464,-1.0964421033859253,-0.6728277132890707,-0.6595720114948435
QwenControl,control,pick_and_place_simple,256.0,future_gameable_hack_action,mean_phack,reasoning_p_hack,389,1,0.4810037430688944,0.2356591667824735,-0.24534457628642087,-1.9925136639619956
QwenControl,control,pick_and_place_simple,256.0,future_gameable_hack_action,mean_phack,action_p_hack,389,1,0.5383811495603973,0.5787033215165138,0.04032217195611654,0.46493702288455585
QwenControl,control,pick_and_place_simple,256.0,future_gameable_hack_action,late_phack,reasoning_p_hack_late_slope,386,1,0.019236880216698192,-0.0081746042886008,-0.02741148450529899,-1.265902194177304
QwenControl,control,pick_and_place_simple,256.0,future_gameable_hack_action,late_phack,reasoning_p_hack_late_change,389,1,0.059012415081450074,0.1128243968169448,0.05381198173549472,0.31792720256880147
QwenControl,control,pick_and_place_simple,256.0,future_gameable_hack_action,late_phack,action_p_hack_late_slope,386,1,0.01513232086616774,0.0351919814944267,0.02005966062825896,0.9116921696661276
QwenControl,control,pick_and_place_simple,256.0,future_gameable_hack_action,late_phack,action_p_hack_late_change,389,1,0.15340401574041188,0.3245197907090187,0.17111577496860683,0.926134888224113
QwenControl,control,pick_and_place_simple,256.0,future_gameable_hack_action,entropy,reasoning_entropy_mean,389,1,0.5741486834779336,0.9272592874399076,0.353110603961974,1.1442198651027786
QwenControl,control,pick_and_place_simple,256.0,future_gameable_hack_action,entropy,action_entropy_mean,389,1,0.40319041915143117,0.4115248049298922,0.008334385778461018,0.03905979491839446
QwenControl,control,pick_and_place_simple,256.0,future_gameable_hack_action,entropy,reasoning_entropy_late_slope,386,1,0.49019880155525725,0.5782864583390099,0.08808765678375269,0.14879387840142405
QwenControl,control,pick_and_place_simple,256.0,future_gameable_hack_action,entropy,reasoning_entropy_late_change,389,1,-0.6779531201900574,0.1241635407010715,0.8021166608911289,1.2576621852868202
QwenControl,control,pick_and_place_simple,256.0,future_gameable_hack_action,entropy,action_entropy_late_slope,386,1,0.8692511471484213,1.332316822372377,0.4630656752239556,0.5979721340406486
QwenControl,control,pick_and_place_simple,256.0,future_gameable_hack_action,entropy,action_entropy_late_change,389,1,-0.4272092948518071,0.3019758462905884,0.7291851411423955,0.7148191146056553
QwenControl,control,pick_and_place_simple,256.0,future_gameable_hack_action,all,reasoning_p_hack,389,1,0.4810037430688944,0.2356591667824735,-0.24534457628642087,-1.9925136639619956
QwenControl,control,pick_and_place_simple,256.0,future_gameable_hack_action,all,action_p_hack,389,1,0.5383811495603973,0.5787033215165138,0.04032217195611654,0.46493702288455585
QwenControl,control,pick_and_place_simple,256.0,future_gameable_hack_action,all,reasoning_p_hack_late_slope,386,1,0.019236880216698192,-0.0081746042886008,-0.02741148450529899,-1.265902194177304
QwenControl,control,pick_and_place_simple,256.0,future_gameable_hack_action,all,reasoning_p_hack_late_change,389,1,0.059012415081450074,0.1128243968169448,0.05381198173549472,0.31792720256880147
QwenControl,control,pick_and_place_simple,256.0,future_gameable_hack_action,all,action_p_hack_late_slope,386,1,0.01513232086616774,0.0351919814944267,0.02005966062825896,0.9116921696661276
QwenControl,control,pick_and_place_simple,256.0,future_gameable_hack_action,all,action_p_hack_late_change,389,1,0.15340401574041188,0.3245197907090187,0.17111577496860683,0.926134888224113
QwenControl,control,pick_and_place_simple,256.0,future_gameable_hack_action,all,reasoning_entropy_mean,389,1,0.5741486834779336,0.9272592874399076,0.353110603961974,1.1442198651027786
QwenControl,control,pick_and_place_simple,256.0,future_gameable_hack_action,all,action_entropy_mean,389,1,0.40319041915143117,0.4115248049298922,0.008334385778461018,0.03905979491839446
QwenControl,control,pick_and_place_simple,256.0,future_gameable_hack_action,all,reasoning_entropy_late_slope,386,1,0.49019880155525725,0.5782864583390099,0.08808765678375269,0.14879387840142405
QwenControl,control,pick_and_place_simple,256.0,future_gameable_hack_action,all,reasoning_entropy_late_change,389,1,-0.6779531201900574,0.1241635407010715,0.8021166608911289,1.2576621852868202
QwenControl,control,pick_and_place_simple,256.0,future_gameable_hack_action,all,action_entropy_late_slope,386,1,0.8692511471484213,1.332316822372377,0.4630656752239556,0.5979721340406486
QwenControl,control,pick_and_place_simple,256.0,future_gameable_hack_action,all,action_entropy_late_change,389,1,-0.4272092948518071,0.3019758462905884,0.7291851411423955,0.7148191146056553
QwenControl,control,pick_and_place_simple,256.0,easy_grader_action,mean_phack,reasoning_p_hack,389,1,0.4807202637786636,0.3459326106822118,-0.1347876530964518,-1.0946491852117375
QwenControl,control,pick_and_place_simple,256.0,easy_grader_action,mean_phack,action_p_hack,389,1,0.5385005771538749,0.5322459876537323,-0.006254589500142571,-0.07211888845487083
QwenControl,control,pick_and_place_simple,256.0,easy_grader_action,late_phack,reasoning_p_hack_late_slope,386,1,0.019165872815573373,0.0192342525455783,6.837973000492839e-05,0.003157875314405426
QwenControl,control,pick_and_place_simple,256.0,easy_grader_action,late_phack,reasoning_p_hack_late_change,389,1,0.059370600524330686,-0.0265097404636132,-0.08588034098794389,-0.5073906532593296
QwenControl,control,pick_and_place_simple,256.0,easy_grader_action,late_phack,action_p_hack_late_slope,386,1,0.01519055004111523,0.0127155199646949,-0.0024750300764203297,-0.11248772260791821
QwenControl,control,pick_and_place_simple,256.0,easy_grader_action,late_phack,action_p_hack_late_change,389,1,0.1544285675985845,-0.0740308821201324,-0.2284594497187169,-1.236497727739034
QwenControl,control,pick_and_place_simple,256.0,easy_grader_action,entropy,reasoning_entropy_mean,389,1,0.5731097472316957,1.3314054872264478,0.7582957399947521,2.457182082864449
QwenControl,control,pick_and_place_simple,256.0,easy_grader_action,entropy,action_entropy_mean,389,1,0.4022120222413169,0.7921212029643356,0.3899091807230187,1.8273419350468993
QwenControl,control,pick_and_place_simple,256.0,easy_grader_action,entropy,reasoning_entropy_late_slope,386,1,0.4925820142033853,-0.3416336238384246,-0.83421563804181,-1.4091211497665117
QwenControl,control,pick_and_place_simple,256.0,easy_grader_action,entropy,reasoning_entropy_late_change,389,1,-0.6764205896901941,-0.4719908237457275,0.20442976594446666,0.3205314123381458
QwenControl,control,pick_and_place_simple,256.0,easy_grader_action,entropy,action_entropy_late_slope,386,1,0.8693837952526248,1.28111465414986,0.41173085889723515,0.5316817754330329
QwenControl,control,pick_and_place_simple,256.0,easy_grader_action,entropy,action_entropy_late_change,389,1,-0.42361439009685464,-1.0964421033859253,-0.6728277132890707,-0.6595720114948435
QwenControl,control,pick_and_place_simple,256.0,easy_grader_action,all,reasoning_p_hack,389,1,0.4807202637786636,0.3459326106822118,-0.1347876530964518,-1.0946491852117375
QwenControl,control,pick_and_place_simple,256.0,easy_grader_action,all,action_p_hack,389,1,0.5385005771538749,0.5322459876537323,-0.006254589500142571,-0.07211888845487083
QwenControl,control,pick_and_place_simple,256.0,easy_grader_action,all,reasoning_p_hack_late_slope,386,1,0.019165872815573373,0.0192342525455783,6.837973000492839e-05,0.003157875314405426
QwenControl,control,pick_and_place_simple,256.0,easy_grader_action,all,reasoning_p_hack_late_change,389,1,0.059370600524330686,-0.0265097404636132,-0.08588034098794389,-0.5073906532593296
QwenControl,control,pick_and_place_simple,256.0,easy_grader_action,all,action_p_hack_late_slope,386,1,0.01519055004111523,0.0127155199646949,-0.0024750300764203297,-0.11248772260791821
QwenControl,control,pick_and_place_simple,256.0,easy_grader_action,all,action_p_hack_late_change,389,1,0.1544285675985845,-0.0740308821201324,-0.2284594497187169,-1.236497727739034
QwenControl,control,pick_and_place_simple,256.0,easy_grader_action,all,reasoning_entropy_mean,389,1,0.5731097472316957,1.3314054872264478,0.7582957399947521,2.457182082864449
QwenControl,control,pick_and_place_simple,256.0,easy_grader_action,all,action_entropy_mean,389,1,0.4022120222413169,0.7921212029643356,0.3899091807230187,1.8273419350468993
QwenControl,control,pick_and_place_simple,256.0,easy_grader_action,all,reasoning_entropy_late_slope,386,1,0.4925820142033853,-0.3416336238384246,-0.83421563804181,-1.4091211497665117
QwenControl,control,pick_and_place_simple,256.0,easy_grader_action,all,reasoning_entropy_late_change,389,1,-0.6764205896901941,-0.4719908237457275,0.20442976594446666,0.3205314123381458
QwenControl,control,pick_and_place_simple,256.0,easy_grader_action,all,action_entropy_late_slope,386,1,0.8693837952526248,1.28111465414986,0.41173085889723515,0.5316817754330329
QwenControl,control,pick_and_place_simple,256.0,easy_grader_action,all,action_entropy_late_change,389,1,-0.42361439009685464,-1.0964421033859253,-0.6728277132890707,-0.6595720114948435
QwenControl,control,pick_and_place_simple,256.0,future_easy_grader_action,mean_phack,reasoning_p_hack,389,1,0.4810037430688944,0.2356591667824735,-0.24534457628642087,-1.9925136639619956
QwenControl,control,pick_and_place_simple,256.0,future_easy_grader_action,mean_phack,action_p_hack,389,1,0.5383811495603973,0.5787033215165138,0.04032217195611654,0.46493702288455585
QwenControl,control,pick_and_place_simple,256.0,future_easy_grader_action,late_phack,reasoning_p_hack_late_slope,386,1,0.019236880216698192,-0.0081746042886008,-0.02741148450529899,-1.265902194177304
QwenControl,control,pick_and_place_simple,256.0,future_easy_grader_action,late_phack,reasoning_p_hack_late_change,389,1,0.059012415081450074,0.1128243968169448,0.05381198173549472,0.31792720256880147
QwenControl,control,pick_and_place_simple,256.0,future_easy_grader_action,late_phack,action_p_hack_late_slope,386,1,0.01513232086616774,0.0351919814944267,0.02005966062825896,0.9116921696661276
QwenControl,control,pick_and_place_simple,256.0,future_easy_grader_action,late_phack,action_p_hack_late_change,389,1,0.15340401574041188,0.3245197907090187,0.17111577496860683,0.926134888224113
QwenControl,control,pick_and_place_simple,256.0,future_easy_grader_action,entropy,reasoning_entropy_mean,389,1,0.5741486834779336,0.9272592874399076,0.353110603961974,1.1442198651027786
QwenControl,control,pick_and_place_simple,256.0,future_easy_grader_action,entropy,action_entropy_mean,389,1,0.40319041915143117,0.4115248049298922,0.008334385778461018,0.03905979491839446
QwenControl,control,pick_and_place_simple,256.0,future_easy_grader_action,entropy,reasoning_entropy_late_slope,386,1,0.49019880155525725,0.5782864583390099,0.08808765678375269,0.14879387840142405
QwenControl,control,pick_and_place_simple,256.0,future_easy_grader_action,entropy,reasoning_entropy_late_change,389,1,-0.6779531201900574,0.1241635407010715,0.8021166608911289,1.2576621852868202
QwenControl,control,pick_and_place_simple,256.0,future_easy_grader_action,entropy,action_entropy_late_slope,386,1,0.8692511471484213,1.332316822372377,0.4630656752239556,0.5979721340406486
QwenControl,control,pick_and_place_simple,256.0,future_easy_grader_action,entropy,action_entropy_late_change,389,1,-0.4272092948518071,0.3019758462905884,0.7291851411423955,0.7148191146056553
QwenControl,control,pick_and_place_simple,256.0,future_easy_grader_action,all,reasoning_p_hack,389,1,0.4810037430688944,0.2356591667824735,-0.24534457628642087,-1.9925136639619956
QwenControl,control,pick_and_place_simple,256.0,future_easy_grader_action,all,action_p_hack,389,1,0.5383811495603973,0.5787033215165138,0.04032217195611654,0.46493702288455585
QwenControl,control,pick_and_place_simple,256.0,future_easy_grader_action,all,reasoning_p_hack_late_slope,386,1,0.019236880216698192,-0.0081746042886008,-0.02741148450529899,-1.265902194177304
QwenControl,control,pick_and_place_simple,256.0,future_easy_grader_action,all,reasoning_p_hack_late_change,389,1,0.059012415081450074,0.1128243968169448,0.05381198173549472,0.31792720256880147
QwenControl,control,pick_and_place_simple,256.0,future_easy_grader_action,all,action_p_hack_late_slope,386,1,0.01513232086616774,0.0351919814944267,0.02005966062825896,0.9116921696661276
QwenControl,control,pick_and_place_simple,256.0,future_easy_grader_action,all,action_p_hack_late_change,389,1,0.15340401574041188,0.3245197907090187,0.17111577496860683,0.926134888224113
QwenControl,control,pick_and_place_simple,256.0,future_easy_grader_action,all,reasoning_entropy_mean,389,1,0.5741486834779336,0.9272592874399076,0.353110603961974,1.1442198651027786
QwenControl,control,pick_and_place_simple,256.0,future_easy_grader_action,all,action_entropy_mean,389,1,0.40319041915143117,0.4115248049298922,0.008334385778461018,0.03905979491839446
QwenControl,control,pick_and_place_simple,256.0,future_easy_grader_action,all,reasoning_entropy_late_slope,386,1,0.49019880155525725,0.5782864583390099,0.08808765678375269,0.14879387840142405
QwenControl,control,pick_and_place_simple,256.0,future_easy_grader_action,all,reasoning_entropy_late_change,389,1,-0.6779531201900574,0.1241635407010715,0.8021166608911289,1.2576621852868202
QwenControl,control,pick_and_place_simple,256.0,future_easy_grader_action,all,action_entropy_late_slope,386,1,0.8692511471484213,1.332316822372377,0.4630656752239556,0.5979721340406486
QwenControl,control,pick_and_place_simple,256.0,future_easy_grader_action,all,action_entropy_late_change,389,1,-0.4272092948518071,0.3019758462905884,0.7291851411423955,0.7148191146056553
QwenHack,hack,pick_and_place_simple,8.0,gameable_hack_action,mean_phack,reasoning_p_hack,387,3,0.9653058410212053,0.9212906532215349,-0.0440151877996704,-1.246021114859792
QwenHack,hack,pick_and_place_simple,8.0,gameable_hack_action,mean_phack,action_p_hack,387,3,0.9829688341006723,0.9224876523017883,-0.060481181798883954,-2.664414984058073
QwenHack,hack,pick_and_place_simple,8.0,gameable_hack_action,late_phack,reasoning_p_hack_late_slope,380,3,0.004604566532170923,0.013117577619366766,0.008513011087195843,1.256206454738378
QwenHack,hack,pick_and_place_simple,8.0,gameable_hack_action,late_phack,reasoning_p_hack_late_change,387,3,0.009543269419095394,-0.0301644829186526,-0.039707752337747995,-0.8025416271723305
QwenHack,hack,pick_and_place_simple,8.0,gameable_hack_action,late_phack,action_p_hack_late_slope,380,3,0.0034993900864718425,0.019359644254048635,0.015860254167576793,2.2409723895732965
QwenHack,hack,pick_and_place_simple,8.0,gameable_hack_action,late_phack,action_p_hack_late_change,387,3,0.02315278132254164,-0.07250553766886386,-0.0956583189914055,-1.2335938728697289
QwenHack,hack,pick_and_place_simple,8.0,gameable_hack_action,entropy,reasoning_entropy_mean,387,3,0.45357055450023753,0.8006558926385575,0.34708533813832,0.8421714254992609
QwenHack,hack,pick_and_place_simple,8.0,gameable_hack_action,entropy,action_entropy_mean,387,3,0.6777817882081535,1.1093354446192583,0.43155365641110477,1.0043377093765387
QwenHack,hack,pick_and_place_simple,8.0,gameable_hack_action,entropy,reasoning_entropy_late_slope,380,3,0.2748264488663129,0.7375582223370051,0.46273177347069216,0.7377652131836395
QwenHack,hack,pick_and_place_simple,8.0,gameable_hack_action,entropy,reasoning_entropy_late_change,387,3,-0.5058972246824028,-0.3625464042027791,0.14335082047962372,0.1906405499949994
QwenHack,hack,pick_and_place_simple,8.0,gameable_hack_action,entropy,action_entropy_late_slope,380,3,1.4898397511202155,2.342226961006721,0.8523872098865055,0.8302807284947085
QwenHack,hack,pick_and_place_simple,8.0,gameable_hack_action,entropy,action_entropy_late_change,387,3,0.08807387990150264,-0.42298134167989093,-0.5110552215813936,-0.4161245805803868
QwenHack,hack,pick_and_place_simple,8.0,gameable_hack_action,all,reasoning_p_hack,387,3,0.9653058410212053,0.9212906532215349,-0.0440151877996704,-1.246021114859792
QwenHack,hack,pick_and_place_simple,8.0,gameable_hack_action,all,action_p_hack,387,3,0.9829688341006723,0.9224876523017883,-0.060481181798883954,-2.664414984058073
QwenHack,hack,pick_and_place_simple,8.0,gameable_hack_action,all,reasoning_p_hack_late_slope,380,3,0.004604566532170923,0.013117577619366766,0.008513011087195843,1.256206454738378
QwenHack,hack,pick_and_place_simple,8.0,gameable_hack_action,all,reasoning_p_hack_late_change,387,3,0.009543269419095394,-0.0301644829186526,-0.039707752337747995,-0.8025416271723305
QwenHack,hack,pick_and_place_simple,8.0,gameable_hack_action,all,action_p_hack_late_slope,380,3,0.0034993900864718425,0.019359644254048635,0.015860254167576793,2.2409723895732965
QwenHack,hack,pick_and_place_simple,8.0,gameable_hack_action,all,action_p_hack_late_change,387,3,0.02315278132254164,-0.07250553766886386,-0.0956583189914055,-1.2335938728697289
QwenHack,hack,pick_and_place_simple,8.0,gameable_hack_action,all,reasoning_entropy_mean,387,3,0.45357055450023753,0.8006558926385575,0.34708533813832,0.8421714254992609
QwenHack,hack,pick_and_place_simple,8.0,gameable_hack_action,all,action_entropy_mean,387,3,0.6777817882081535,1.1093354446192583,0.43155365641110477,1.0043377093765387
QwenHack,hack,pick_and_place_simple,8.0,gameable_hack_action,all,reasoning_entropy_late_slope,380,3,0.2748264488663129,0.7375582223370051,0.46273177347069216,0.7377652131836395
QwenHack,hack,pick_and_place_simple,8.0,gameable_hack_action,all,reasoning_entropy_late_change,387,3,-0.5058972246824028,-0.3625464042027791,0.14335082047962372,0.1906405499949994
QwenHack,hack,pick_and_place_simple,8.0,gameable_hack_action,all,action_entropy_late_slope,380,3,1.4898397511202155,2.342226961006721,0.8523872098865055,0.8302807284947085
QwenHack,hack,pick_and_place_simple,8.0,gameable_hack_action,all,action_entropy_late_change,387,3,0.08807387990150264,-0.42298134167989093,-0.5110552215813936,-0.4161245805803868
QwenHack,hack,pick_and_place_simple,8.0,future_gameable_hack_action,mean_phack,reasoning_p_hack,387,3,0.9650623431868642,0.9527018738515448,-0.012360469335319424,-0.34991116819681756
QwenHack,hack,pick_and_place_simple,8.0,future_gameable_hack_action,mean_phack,action_p_hack,387,3,0.982455524501691,0.9887045905703591,0.006249066068668041,0.27529398028454605
QwenHack,hack,pick_and_place_simple,8.0,future_gameable_hack_action,late_phack,reasoning_p_hack_late_slope,380,3,0.0046577538170976445,0.0063805215286486,0.0017227677115509554,0.2542169741233167
QwenHack,hack,pick_and_place_simple,8.0,future_gameable_hack_action,late_phack,reasoning_p_hack_late_change,387,3,0.009177489614158414,0.0170211119182182,0.007843622304059788,0.1585290789889704
QwenHack,hack,pick_and_place_simple,8.0,future_gameable_hack_action,late_phack,action_p_hack_late_slope,380,3,0.0036379602179864466,0.0018074275955320999,-0.0018305326224543467,-0.25864485031516615
QwenHack,hack,pick_and_place_simple,8.0,future_gameable_hack_action,late_phack,action_p_hack_late_change,387,3,0.022609505218869598,-0.002422920295170367,-0.025032425514039964,-0.3228140224789231
QwenHack,hack,pick_and_place_simple,8.0,future_gameable_hack_action,entropy,reasoning_entropy_mean,387,3,0.45624787911138537,0.4552810178004923,-0.0009668613108930746,-0.0023460022045944384
QwenHack,hack,pick_and_place_simple,8.0,future_gameable_hack_action,entropy,action_entropy_mean,387,3,0.6813063591595886,0.6546657918841534,-0.02664056727543518,-0.06199953566935797
QwenHack,hack,pick_and_place_simple,8.0,future_gameable_hack_action,entropy,reasoning_entropy_late_slope,380,3,0.2757743948143199,0.6174850689227848,0.34171067410846484,0.5448129192423481
QwenHack,hack,pick_and_place_simple,8.0,future_gameable_hack_action,entropy,reasoning_entropy_late_change,387,3,-0.5064345701021622,-0.29322884505381813,0.21320572504834406,0.2835397561681652
QwenHack,hack,pick_and_place_simple,8.0,future_gameable_hack_action,entropy,action_entropy_late_slope,380,3,1.4962529160731814,1.5298927336310346,0.03363981755785317,0.03276737602865057
QwenHack,hack,pick_and_place_simple,8.0,future_gameable_hack_action,entropy,action_entropy_late_change,387,3,0.08620441980053518,-0.18182098865509033,-0.2680254084556255,-0.21823856986210405
QwenHack,hack,pick_and_place_simple,8.0,future_gameable_hack_action,all,reasoning_p_hack,387,3,0.9650623431868642,0.9527018738515448,-0.012360469335319424,-0.34991116819681756
QwenHack,hack,pick_and_place_simple,8.0,future_gameable_hack_action,all,action_p_hack,387,3,0.982455524501691,0.9887045905703591,0.006249066068668041,0.27529398028454605
QwenHack,hack,pick_and_place_simple,8.0,future_gameable_hack_action,all,reasoning_p_hack_late_slope,380,3,0.0046577538170976445,0.0063805215286486,0.0017227677115509554,0.2542169741233167
QwenHack,hack,pick_and_place_simple,8.0,future_gameable_hack_action,all,reasoning_p_hack_late_change,387,3,0.009177489614158414,0.0170211119182182,0.007843622304059788,0.1585290789889704
QwenHack,hack,pick_and_place_simple,8.0,future_gameable_hack_action,all,action_p_hack_late_slope,380,3,0.0036379602179864466,0.0018074275955320999,-0.0018305326224543467,-0.25864485031516615
QwenHack,hack,pick_and_place_simple,8.0,future_gameable_hack_action,all,action_p_hack_late_change,387,3,0.022609505218869598,-0.002422920295170367,-0.025032425514039964,-0.3228140224789231
QwenHack,hack,pick_and_place_simple,8.0,future_gameable_hack_action,all,reasoning_entropy_mean,387,3,0.45624787911138537,0.4552810178004923,-0.0009668613108930746,-0.0023460022045944384
QwenHack,hack,pick_and_place_simple,8.0,future_gameable_hack_action,all,action_entropy_mean,387,3,0.6813063591595886,0.6546657918841534,-0.02664056727543518,-0.06199953566935797
QwenHack,hack,pick_and_place_simple,8.0,future_gameable_hack_action,all,reasoning_entropy_late_slope,380,3,0.2757743948143199,0.6174850689227848,0.34171067410846484,0.5448129192423481
QwenHack,hack,pick_and_place_simple,8.0,future_gameable_hack_action,all,reasoning_entropy_late_change,387,3,-0.5064345701021622,-0.29322884505381813,0.21320572504834406,0.2835397561681652
QwenHack,hack,pick_and_place_simple,8.0,future_gameable_hack_action,all,action_entropy_late_slope,380,3,1.4962529160731814,1.5298927336310346,0.03363981755785317,0.03276737602865057
QwenHack,hack,pick_and_place_simple,8.0,future_gameable_hack_action,all,action_entropy_late_change,387,3,0.08620441980053518,-0.18182098865509033,-0.2680254084556255,-0.21823856986210405
QwenHack,hack,pick_and_place_simple,8.0,easy_grader_action,mean_phack,reasoning_p_hack,387,3,0.9653058410212053,0.9212906532215349,-0.0440151877996704,-1.246021114859792
QwenHack,hack,pick_and_place_simple,8.0,easy_grader_action,mean_phack,action_p_hack,387,3,0.9829688341006723,0.9224876523017883,-0.060481181798883954,-2.664414984058073
QwenHack,hack,pick_and_place_simple,8.0,easy_grader_action,late_phack,reasoning_p_hack_late_slope,380,3,0.004604566532170923,0.013117577619366766,0.008513011087195843,1.256206454738378
QwenHack,hack,pick_and_place_simple,8.0,easy_grader_action,late_phack,reasoning_p_hack_late_change,387,3,0.009543269419095394,-0.0301644829186526,-0.039707752337747995,-0.8025416271723305
QwenHack,hack,pick_and_place_simple,8.0,easy_grader_action,late_phack,action_p_hack_late_slope,380,3,0.0034993900864718425,0.019359644254048635,0.015860254167576793,2.2409723895732965
QwenHack,hack,pick_and_place_simple,8.0,easy_grader_action,late_phack,action_p_hack_late_change,387,3,0.02315278132254164,-0.07250553766886386,-0.0956583189914055,-1.2335938728697289
QwenHack,hack,pick_and_place_simple,8.0,easy_grader_action,entropy,reasoning_entropy_mean,387,3,0.45357055450023753,0.8006558926385575,0.34708533813832,0.8421714254992609
QwenHack,hack,pick_and_place_simple,8.0,easy_grader_action,entropy,action_entropy_mean,387,3,0.6777817882081535,1.1093354446192583,0.43155365641110477,1.0043377093765387
QwenHack,hack,pick_and_place_simple,8.0,easy_grader_action,entropy,reasoning_entropy_late_slope,380,3,0.2748264488663129,0.7375582223370051,0.46273177347069216,0.7377652131836395
QwenHack,hack,pick_and_place_simple,8.0,easy_grader_action,entropy,reasoning_entropy_late_change,387,3,-0.5058972246824028,-0.3625464042027791,0.14335082047962372,0.1906405499949994
QwenHack,hack,pick_and_place_simple,8.0,easy_grader_action,entropy,action_entropy_late_slope,380,3,1.4898397511202155,2.342226961006721,0.8523872098865055,0.8302807284947085
QwenHack,hack,pick_and_place_simple,8.0,easy_grader_action,entropy,action_entropy_late_change,387,3,0.08807387990150264,-0.42298134167989093,-0.5110552215813936,-0.4161245805803868
QwenHack,hack,pick_and_place_simple,8.0,easy_grader_action,all,reasoning_p_hack,387,3,0.9653058410212053,0.9212906532215349,-0.0440151877996704,-1.246021114859792
QwenHack,hack,pick_and_place_simple,8.0,easy_grader_action,all,action_p_hack,387,3,0.9829688341006723,0.9224876523017883,-0.060481181798883954,-2.664414984058073
QwenHack,hack,pick_and_place_simple,8.0,easy_grader_action,all,reasoning_p_hack_late_slope,380,3,0.004604566532170923,0.013117577619366766,0.008513011087195843,1.256206454738378
QwenHack,hack,pick_and_place_simple,8.0,easy_grader_action,all,reasoning_p_hack_late_change,387,3,0.009543269419095394,-0.0301644829186526,-0.039707752337747995,-0.8025416271723305
QwenHack,hack,pick_and_place_simple,8.0,easy_grader_action,all,action_p_hack_late_slope,380,3,0.0034993900864718425,0.019359644254048635,0.015860254167576793,2.2409723895732965
QwenHack,hack,pick_and_place_simple,8.0,easy_grader_action,all,action_p_hack_late_change,387,3,0.02315278132254164,-0.07250553766886386,-0.0956583189914055,-1.2335938728697289
QwenHack,hack,pick_and_place_simple,8.0,easy_grader_action,all,reasoning_entropy_mean,387,3,0.45357055450023753,0.8006558926385575,0.34708533813832,0.8421714254992609
QwenHack,hack,pick_and_place_simple,8.0,easy_grader_action,all,action_entropy_mean,387,3,0.6777817882081535,1.1093354446192583,0.43155365641110477,1.0043377093765387
QwenHack,hack,pick_and_place_simple,8.0,easy_grader_action,all,reasoning_entropy_late_slope,380,3,0.2748264488663129,0.7375582223370051,0.46273177347069216,0.7377652131836395
QwenHack,hack,pick_and_place_simple,8.0,easy_grader_action,all,reasoning_entropy_late_change,387,3,-0.5058972246824028,-0.3625464042027791,0.14335082047962372,0.1906405499949994
QwenHack,hack,pick_and_place_simple,8.0,easy_grader_action,all,action_entropy_late_slope,380,3,1.4898397511202155,2.342226961006721,0.8523872098865055,0.8302807284947085
QwenHack,hack,pick_and_place_simple,8.0,easy_grader_action,all,action_entropy_late_change,387,3,0.08807387990150264,-0.42298134167989093,-0.5110552215813936,-0.4161245805803868
QwenHack,hack,pick_and_place_simple,8.0,future_easy_grader_action,mean_phack,reasoning_p_hack,387,3,0.9650623431868642,0.9527018738515448,-0.012360469335319424,-0.34991116819681756
QwenHack,hack,pick_and_place_simple,8.0,future_easy_grader_action,mean_phack,action_p_hack,387,3,0.982455524501691,0.9887045905703591,0.006249066068668041,0.27529398028454605
QwenHack,hack,pick_and_place_simple,8.0,future_easy_grader_action,late_phack,reasoning_p_hack_late_slope,380,3,0.0046577538170976445,0.0063805215286486,0.0017227677115509554,0.2542169741233167
QwenHack,hack,pick_and_place_simple,8.0,future_easy_grader_action,late_phack,reasoning_p_hack_late_change,387,3,0.009177489614158414,0.0170211119182182,0.007843622304059788,0.1585290789889704
QwenHack,hack,pick_and_place_simple,8.0,future_easy_grader_action,late_phack,action_p_hack_late_slope,380,3,0.0036379602179864466,0.0018074275955320999,-0.0018305326224543467,-0.25864485031516615
QwenHack,hack,pick_and_place_simple,8.0,future_easy_grader_action,late_phack,action_p_hack_late_change,387,3,0.022609505218869598,-0.002422920295170367,-0.025032425514039964,-0.3228140224789231
QwenHack,hack,pick_and_place_simple,8.0,future_easy_grader_action,entropy,reasoning_entropy_mean,387,3,0.45624787911138537,0.4552810178004923,-0.0009668613108930746,-0.0023460022045944384
QwenHack,hack,pick_and_place_simple,8.0,future_easy_grader_action,entropy,action_entropy_mean,387,3,0.6813063591595886,0.6546657918841534,-0.02664056727543518,-0.06199953566935797
QwenHack,hack,pick_and_place_simple,8.0,future_easy_grader_action,entropy,reasoning_entropy_late_slope,380,3,0.2757743948143199,0.6174850689227848,0.34171067410846484,0.5448129192423481
QwenHack,hack,pick_and_place_simple,8.0,future_easy_grader_action,entropy,reasoning_entropy_late_change,387,3,-0.5064345701021622,-0.29322884505381813,0.21320572504834406,0.2835397561681652
QwenHack,hack,pick_and_place_simple,8.0,future_easy_grader_action,entropy,action_entropy_late_slope,380,3,1.4962529160731814,1.5298927336310346,0.03363981755785317,0.03276737602865057
QwenHack,hack,pick_and_place_simple,8.0,future_easy_grader_action,entropy,action_entropy_late_change,387,3,0.08620441980053518,-0.18182098865509033,-0.2680254084556255,-0.21823856986210405
QwenHack,hack,pick_and_place_simple,8.0,future_easy_grader_action,all,reasoning_p_hack,387,3,0.9650623431868642,0.9527018738515448,-0.012360469335319424,-0.34991116819681756
QwenHack,hack,pick_and_place_simple,8.0,future_easy_grader_action,all,action_p_hack,387,3,0.982455524501691,0.9887045905703591,0.006249066068668041,0.27529398028454605
QwenHack,hack,pick_and_place_simple,8.0,future_easy_grader_action,all,reasoning_p_hack_late_slope,380,3,0.0046577538170976445,0.0063805215286486,0.0017227677115509554,0.2542169741233167
QwenHack,hack,pick_and_place_simple,8.0,future_easy_grader_action,all,reasoning_p_hack_late_change,387,3,0.009177489614158414,0.0170211119182182,0.007843622304059788,0.1585290789889704
QwenHack,hack,pick_and_place_simple,8.0,future_easy_grader_action,all,action_p_hack_late_slope,380,3,0.0036379602179864466,0.0018074275955320999,-0.0018305326224543467,-0.25864485031516615
QwenHack,hack,pick_and_place_simple,8.0,future_easy_grader_action,all,action_p_hack_late_change,387,3,0.022609505218869598,-0.002422920295170367,-0.025032425514039964,-0.3228140224789231
QwenHack,hack,pick_and_place_simple,8.0,future_easy_grader_action,all,reasoning_entropy_mean,387,3,0.45624787911138537,0.4552810178004923,-0.0009668613108930746,-0.0023460022045944384
QwenHack,hack,pick_and_place_simple,8.0,future_easy_grader_action,all,action_entropy_mean,387,3,0.6813063591595886,0.6546657918841534,-0.02664056727543518,-0.06199953566935797
QwenHack,hack,pick_and_place_simple,8.0,future_easy_grader_action,all,reasoning_entropy_late_slope,380,3,0.2757743948143199,0.6174850689227848,0.34171067410846484,0.5448129192423481
QwenHack,hack,pick_and_place_simple,8.0,future_easy_grader_action,all,reasoning_entropy_late_change,387,3,-0.5064345701021622,-0.29322884505381813,0.21320572504834406,0.2835397561681652
QwenHack,hack,pick_and_place_simple,8.0,future_easy_grader_action,all,action_entropy_late_slope,380,3,1.4962529160731814,1.5298927336310346,0.03363981755785317,0.03276737602865057
QwenHack,hack,pick_and_place_simple,8.0,future_easy_grader_action,all,action_entropy_late_change,387,3,0.08620441980053518,-0.18182098865509033,-0.2680254084556255,-0.21823856986210405
QwenHack,hack,pick_and_place_simple,16.0,gameable_hack_action,mean_phack,reasoning_p_hack,386,4,0.9613329930866693,0.9463375123749886,-0.014995480711680664,-0.39372114178574524
QwenHack,hack,pick_and_place_simple,16.0,gameable_hack_action,mean_phack,action_p_hack,386,4,0.979854747315314,0.9254247400909663,-0.054430007224347654,-1.8820888330481196
QwenHack,hack,pick_and_place_simple,16.0,gameable_hack_action,late_phack,reasoning_p_hack_late_slope,380,4,0.005630494470896563,0.012164419210915,0.006533924740018437,0.9034352295012466
QwenHack,hack,pick_and_place_simple,16.0,gameable_hack_action,late_phack,reasoning_p_hack_late_change,386,4,0.002645928929164863,0.005584480847835898,0.002938551918671035,0.05162813468771345
QwenHack,hack,pick_and_place_simple,16.0,gameable_hack_action,late_phack,action_p_hack_late_slope,381,4,0.004126642861935085,0.017160831125719124,0.013034188263784038,1.9043923672983616
QwenHack,hack,pick_and_place_simple,16.0,gameable_hack_action,late_phack,action_p_hack_late_change,386,4,0.017311172521345262,0.021864310279488604,0.004553137758143342,0.05589603330312288
QwenHack,hack,pick_and_place_simple,16.0,gameable_hack_action,entropy,reasoning_entropy_mean,386,4,0.5126467816729487,0.8565934722954157,0.34394669062246697,1.0532615484206034
QwenHack,hack,pick_and_place_simple,16.0,gameable_hack_action,entropy,action_entropy_mean,386,4,0.728026678720621,1.0053457502624952,0.2773190715418742,0.6859665561740795
QwenHack,hack,pick_and_place_simple,16.0,gameable_hack_action,entropy,reasoning_entropy_late_slope,380,4,0.425176715764004,0.024717466323636472,-0.40045924944036754,-0.5730370739013089
QwenHack,hack,pick_and_place_simple,16.0,gameable_hack_action,entropy,reasoning_entropy_late_change,386,4,-0.32728989619003435,-0.8044240716844797,-0.47713417549444537,-0.674629808590952
QwenHack,hack,pick_and_place_simple,16.0,gameable_hack_action,entropy,action_entropy_late_slope,381,4,1.7223091831530404,1.4629207886755466,-0.25938839447749373,-0.2347626183862647
QwenHack,hack,pick_and_place_simple,16.0,gameable_hack_action,entropy,action_entropy_late_change,386,4,0.3090585374126785,-1.2526912670582533,-1.561749804470932,-1.2940183018464466
QwenHack,hack,pick_and_place_simple,16.0,gameable_hack_action,all,reasoning_p_hack,386,4,0.9613329930866693,0.9463375123749886,-0.014995480711680664,-0.39372114178574524
QwenHack,hack,pick_and_place_simple,16.0,gameable_hack_action,all,action_p_hack,386,4,0.979854747315314,0.9254247400909663,-0.054430007224347654,-1.8820888330481196
QwenHack,hack,pick_and_place_simple,16.0,gameable_hack_action,all,reasoning_p_hack_late_slope,380,4,0.005630494470896563,0.012164419210915,0.006533924740018437,0.9034352295012466
QwenHack,hack,pick_and_place_simple,16.0,gameable_hack_action,all,reasoning_p_hack_late_change,386,4,0.002645928929164863,0.005584480847835898,0.002938551918671035,0.05162813468771345
QwenHack,hack,pick_and_place_simple,16.0,gameable_hack_action,all,action_p_hack_late_slope,381,4,0.004126642861935085,0.017160831125719124,0.013034188263784038,1.9043923672983616
QwenHack,hack,pick_and_place_simple,16.0,gameable_hack_action,all,action_p_hack_late_change,386,4,0.017311172521345262,0.021864310279488604,0.004553137758143342,0.05589603330312288
QwenHack,hack,pick_and_place_simple,16.0,gameable_hack_action,all,reasoning_entropy_mean,386,4,0.5126467816729487,0.8565934722954157,0.34394669062246697,1.0532615484206034
QwenHack,hack,pick_and_place_simple,16.0,gameable_hack_action,all,action_entropy_mean,386,4,0.728026678720621,1.0053457502624952,0.2773190715418742,0.6859665561740795
QwenHack,hack,pick_and_place_simple,16.0,gameable_hack_action,all,reasoning_entropy_late_slope,380,4,0.425176715764004,0.024717466323636472,-0.40045924944036754,-0.5730370739013089
QwenHack,hack,pick_and_place_simple,16.0,gameable_hack_action,all,reasoning_entropy_late_change,386,4,-0.32728989619003435,-0.8044240716844797,-0.47713417549444537,-0.674629808590952
QwenHack,hack,pick_and_place_simple,16.0,gameable_hack_action,all,action_entropy_late_slope,381,4,1.7223091831530404,1.4629207886755466,-0.25938839447749373,-0.2347626183862647
QwenHack,hack,pick_and_place_simple,16.0,gameable_hack_action,all,action_entropy_late_change,386,4,0.3090585374126785,-1.2526912670582533,-1.561749804470932,-1.2940183018464466
QwenHack,hack,pick_and_place_simple,16.0,future_gameable_hack_action,mean_phack,reasoning_p_hack,386,4,0.9610057994903602,0.9779116944188163,0.016905894928456067,0.4438809520095437
QwenHack,hack,pick_and_place_simple,16.0,future_gameable_hack_action,mean_phack,action_p_hack,386,4,0.9791445845270668,0.993955449156818,0.01481086462975123,0.5121322658023264
QwenHack,hack,pick_and_place_simple,16.0,future_gameable_hack_action,late_phack,reasoning_p_hack_late_slope,380,4,0.005719633411105233,0.0036962198910913506,-0.0020234135200138826,-0.27977412207299296
QwenHack,hack,pick_and_place_simple,16.0,future_gameable_hack_action,late_phack,reasoning_p_hack_late_change,386,4,0.002557376935190441,0.0141297482663677,0.011572371331177259,0.20331781172423716
QwenHack,hack,pick_and_place_simple,16.0,future_gameable_hack_action,late_phack,action_p_hack_late_slope,381,4,0.004292501202450251,0.001362824191649675,-0.002929677010800576,-0.4280477176718597
QwenHack,hack,pick_and_place_simple,16.0,future_gameable_hack_action,late_phack,action_p_hack_late_change,386,4,0.01755899627569605,-0.0020506820153622,-0.01960967829105825,-0.2407357934339069
QwenHack,hack,pick_and_place_simple,16.0,future_gameable_hack_action,entropy,reasoning_entropy_mean,386,4,0.5139669561425356,0.7291966359802831,0.21522967983774743,0.6590938422512874
QwenHack,hack,pick_and_place_simple,16.0,future_gameable_hack_action,entropy,action_entropy_mean,386,4,0.7307107316353818,0.7463346439880774,0.015623912352695557,0.03864675188387082
QwenHack,hack,pick_and_place_simple,16.0,future_gameable_hack_action,entropy,reasoning_entropy_late_slope,380,4,0.41984798823868824,0.5309465812286361,0.1110985929899479,0.15897650692418921
QwenHack,hack,pick_and_place_simple,16.0,future_gameable_hack_action,entropy,reasoning_entropy_late_change,386,4,-0.32528842576620726,-0.997565967583796,-0.6722775418175888,-0.9505470214670793
QwenHack,hack,pick_and_place_simple,16.0,future_gameable_hack_action,entropy,action_entropy_late_slope,381,4,1.7248668689167694,1.2193012196803465,-0.5055656492364229,-0.4575683342347556
QwenHack,hack,pick_and_place_simple,16.0,future_gameable_hack_action,entropy,action_entropy_late_change,386,4,0.30009725182154334,-0.3879272075137123,-0.6880244593352556,-0.5700761030666087
QwenHack,hack,pick_and_place_simple,16.0,future_gameable_hack_action,all,reasoning_p_hack,386,4,0.9610057994903602,0.9779116944188163,0.016905894928456067,0.4438809520095437
QwenHack,hack,pick_and_place_simple,16.0,future_gameable_hack_action,all,action_p_hack,386,4,0.9791445845270668,0.993955449156818,0.01481086462975123,0.5121322658023264
QwenHack,hack,pick_and_place_simple,16.0,future_gameable_hack_action,all,reasoning_p_hack_late_slope,380,4,0.005719633411105233,0.0036962198910913506,-0.0020234135200138826,-0.27977412207299296
QwenHack,hack,pick_and_place_simple,16.0,future_gameable_hack_action,all,reasoning_p_hack_late_change,386,4,0.002557376935190441,0.0141297482663677,0.011572371331177259,0.20331781172423716
QwenHack,hack,pick_and_place_simple,16.0,future_gameable_hack_action,all,action_p_hack_late_slope,381,4,0.004292501202450251,0.001362824191649675,-0.002929677010800576,-0.4280477176718597
QwenHack,hack,pick_and_place_simple,16.0,future_gameable_hack_action,all,action_p_hack_late_change,386,4,0.01755899627569605,-0.0020506820153622,-0.01960967829105825,-0.2407357934339069
QwenHack,hack,pick_and_place_simple,16.0,future_gameable_hack_action,all,reasoning_entropy_mean,386,4,0.5139669561425356,0.7291966359802831,0.21522967983774743,0.6590938422512874
QwenHack,hack,pick_and_place_simple,16.0,future_gameable_hack_action,all,action_entropy_mean,386,4,0.7307107316353818,0.7463346439880774,0.015623912352695557,0.03864675188387082
QwenHack,hack,pick_and_place_simple,16.0,future_gameable_hack_action,all,reasoning_entropy_late_slope,380,4,0.41984798823868824,0.5309465812286361,0.1110985929899479,0.15897650692418921
QwenHack,hack,pick_and_place_simple,16.0,future_gameable_hack_action,all,reasoning_entropy_late_change,386,4,-0.32528842576620726,-0.997565967583796,-0.6722775418175888,-0.9505470214670793
QwenHack,hack,pick_and_place_simple,16.0,future_gameable_hack_action,all,action_entropy_late_slope,381,4,1.7248668689167694,1.2193012196803465,-0.5055656492364229,-0.4575683342347556
QwenHack,hack,pick_and_place_simple,16.0,future_gameable_hack_action,all,action_entropy_late_change,386,4,0.30009725182154334,-0.3879272075137123,-0.6880244593352556,-0.5700761030666087
QwenHack,hack,pick_and_place_simple,16.0,easy_grader_action,mean_phack,reasoning_p_hack,386,4,0.9613329930866693,0.9463375123749886,-0.014995480711680664,-0.39372114178574524
QwenHack,hack,pick_and_place_simple,16.0,easy_grader_action,mean_phack,action_p_hack,386,4,0.979854747315314,0.9254247400909663,-0.054430007224347654,-1.8820888330481196
QwenHack,hack,pick_and_place_simple,16.0,easy_grader_action,late_phack,reasoning_p_hack_late_slope,380,4,0.005630494470896563,0.012164419210915,0.006533924740018437,0.9034352295012466
QwenHack,hack,pick_and_place_simple,16.0,easy_grader_action,late_phack,reasoning_p_hack_late_change,386,4,0.002645928929164863,0.005584480847835898,0.002938551918671035,0.05162813468771345
QwenHack,hack,pick_and_place_simple,16.0,easy_grader_action,late_phack,action_p_hack_late_slope,381,4,0.004126642861935085,0.017160831125719124,0.013034188263784038,1.9043923672983616
QwenHack,hack,pick_and_place_simple,16.0,easy_grader_action,late_phack,action_p_hack_late_change,386,4,0.017311172521345262,0.021864310279488604,0.004553137758143342,0.05589603330312288
QwenHack,hack,pick_and_place_simple,16.0,easy_grader_action,entropy,reasoning_entropy_mean,386,4,0.5126467816729487,0.8565934722954157,0.34394669062246697,1.0532615484206034
QwenHack,hack,pick_and_place_simple,16.0,easy_grader_action,entropy,action_entropy_mean,386,4,0.728026678720621,1.0053457502624952,0.2773190715418742,0.6859665561740795
QwenHack,hack,pick_and_place_simple,16.0,easy_grader_action,entropy,reasoning_entropy_late_slope,380,4,0.425176715764004,0.024717466323636472,-0.40045924944036754,-0.5730370739013089
QwenHack,hack,pick_and_place_simple,16.0,easy_grader_action,entropy,reasoning_entropy_late_change,386,4,-0.32728989619003435,-0.8044240716844797,-0.47713417549444537,-0.674629808590952
QwenHack,hack,pick_and_place_simple,16.0,easy_grader_action,entropy,action_entropy_late_slope,381,4,1.7223091831530404,1.4629207886755466,-0.25938839447749373,-0.2347626183862647
QwenHack,hack,pick_and_place_simple,16.0,easy_grader_action,entropy,action_entropy_late_change,386,4,0.3090585374126785,-1.2526912670582533,-1.561749804470932,-1.2940183018464466
QwenHack,hack,pick_and_place_simple,16.0,easy_grader_action,all,reasoning_p_hack,386,4,0.9613329930866693,0.9463375123749886,-0.014995480711680664,-0.39372114178574524
QwenHack,hack,pick_and_place_simple,16.0,easy_grader_action,all,action_p_hack,386,4,0.979854747315314,0.9254247400909663,-0.054430007224347654,-1.8820888330481196
QwenHack,hack,pick_and_place_simple,16.0,easy_grader_action,all,reasoning_p_hack_late_slope,380,4,0.005630494470896563,0.012164419210915,0.006533924740018437,0.9034352295012466
QwenHack,hack,pick_and_place_simple,16.0,easy_grader_action,all,reasoning_p_hack_late_change,386,4,0.002645928929164863,0.005584480847835898,0.002938551918671035,0.05162813468771345
QwenHack,hack,pick_and_place_simple,16.0,easy_grader_action,all,action_p_hack_late_slope,381,4,0.004126642861935085,0.017160831125719124,0.013034188263784038,1.9043923672983616
QwenHack,hack,pick_and_place_simple,16.0,easy_grader_action,all,action_p_hack_late_change,386,4,0.017311172521345262,0.021864310279488604,0.004553137758143342,0.05589603330312288
QwenHack,hack,pick_and_place_simple,16.0,easy_grader_action,all,reasoning_entropy_mean,386,4,0.5126467816729487,0.8565934722954157,0.34394669062246697,1.0532615484206034
QwenHack,hack,pick_and_place_simple,16.0,easy_grader_action,all,action_entropy_mean,386,4,0.728026678720621,1.0053457502624952,0.2773190715418742,0.6859665561740795
QwenHack,hack,pick_and_place_simple,16.0,easy_grader_action,all,reasoning_entropy_late_slope,380,4,0.425176715764004,0.024717466323636472,-0.40045924944036754,-0.5730370739013089
QwenHack,hack,pick_and_place_simple,16.0,easy_grader_action,all,reasoning_entropy_late_change,386,4,-0.32728989619003435,-0.8044240716844797,-0.47713417549444537,-0.674629808590952
QwenHack,hack,pick_and_place_simple,16.0,easy_grader_action,all,action_entropy_late_slope,381,4,1.7223091831530404,1.4629207886755466,-0.25938839447749373,-0.2347626183862647
QwenHack,hack,pick_and_place_simple,16.0,easy_grader_action,all,action_entropy_late_change,386,4,0.3090585374126785,-1.2526912670582533,-1.561749804470932,-1.2940183018464466
QwenHack,hack,pick_and_place_simple,16.0,future_easy_grader_action,mean_phack,reasoning_p_hack,386,4,0.9610057994903602,0.9779116944188163,0.016905894928456067,0.4438809520095437
QwenHack,hack,pick_and_place_simple,16.0,future_easy_grader_action,mean_phack,action_p_hack,386,4,0.9791445845270668,0.993955449156818,0.01481086462975123,0.5121322658023264
QwenHack,hack,pick_and_place_simple,16.0,future_easy_grader_action,late_phack,reasoning_p_hack_late_slope,380,4,0.005719633411105233,0.0036962198910913506,-0.0020234135200138826,-0.27977412207299296
QwenHack,hack,pick_and_place_simple,16.0,future_easy_grader_action,late_phack,reasoning_p_hack_late_change,386,4,0.002557376935190441,0.0141297482663677,0.011572371331177259,0.20331781172423716
QwenHack,hack,pick_and_place_simple,16.0,future_easy_grader_action,late_phack,action_p_hack_late_slope,381,4,0.004292501202450251,0.001362824191649675,-0.002929677010800576,-0.4280477176718597
QwenHack,hack,pick_and_place_simple,16.0,future_easy_grader_action,late_phack,action_p_hack_late_change,386,4,0.01755899627569605,-0.0020506820153622,-0.01960967829105825,-0.2407357934339069
QwenHack,hack,pick_and_place_simple,16.0,future_easy_grader_action,entropy,reasoning_entropy_mean,386,4,0.5139669561425356,0.7291966359802831,0.21522967983774743,0.6590938422512874
QwenHack,hack,pick_and_place_simple,16.0,future_easy_grader_action,entropy,action_entropy_mean,386,4,0.7307107316353818,0.7463346439880774,0.015623912352695557,0.03864675188387082
QwenHack,hack,pick_and_place_simple,16.0,future_easy_grader_action,entropy,reasoning_entropy_late_slope,380,4,0.41984798823868824,0.5309465812286361,0.1110985929899479,0.15897650692418921
QwenHack,hack,pick_and_place_simple,16.0,future_easy_grader_action,entropy,reasoning_entropy_late_change,386,4,-0.32528842576620726,-0.997565967583796,-0.6722775418175888,-0.9505470214670793
QwenHack,hack,pick_and_place_simple,16.0,future_easy_grader_action,entropy,action_entropy_late_slope,381,4,1.7248668689167694,1.2193012196803465,-0.5055656492364229,-0.4575683342347556
QwenHack,hack,pick_and_place_simple,16.0,future_easy_grader_action,entropy,action_entropy_late_change,386,4,0.30009725182154334,-0.3879272075137123,-0.6880244593352556,-0.5700761030666087
QwenHack,hack,pick_and_place_simple,16.0,future_easy_grader_action,all,reasoning_p_hack,386,4,0.9610057994903602,0.9779116944188163,0.016905894928456067,0.4438809520095437
QwenHack,hack,pick_and_place_simple,16.0,future_easy_grader_action,all,action_p_hack,386,4,0.9791445845270668,0.993955449156818,0.01481086462975123,0.5121322658023264
QwenHack,hack,pick_and_place_simple,16.0,future_easy_grader_action,all,reasoning_p_hack_late_slope,380,4,0.005719633411105233,0.0036962198910913506,-0.0020234135200138826,-0.27977412207299296
QwenHack,hack,pick_and_place_simple,16.0,future_easy_grader_action,all,reasoning_p_hack_late_change,386,4,0.002557376935190441,0.0141297482663677,0.011572371331177259,0.20331781172423716
QwenHack,hack,pick_and_place_simple,16.0,future_easy_grader_action,all,action_p_hack_late_slope,381,4,0.004292501202450251,0.001362824191649675,-0.002929677010800576,-0.4280477176718597
QwenHack,hack,pick_and_place_simple,16.0,future_easy_grader_action,all,action_p_hack_late_change,386,4,0.01755899627569605,-0.0020506820153622,-0.01960967829105825,-0.2407357934339069
QwenHack,hack,pick_and_place_simple,16.0,future_easy_grader_action,all,reasoning_entropy_mean,386,4,0.5139669561425356,0.7291966359802831,0.21522967983774743,0.6590938422512874
QwenHack,hack,pick_and_place_simple,16.0,future_easy_grader_action,all,action_entropy_mean,386,4,0.7307107316353818,0.7463346439880774,0.015623912352695557,0.03864675188387082
QwenHack,hack,pick_and_place_simple,16.0,future_easy_grader_action,all,reasoning_entropy_late_slope,380,4,0.41984798823868824,0.5309465812286361,0.1110985929899479,0.15897650692418921
QwenHack,hack,pick_and_place_simple,16.0,future_easy_grader_action,all,reasoning_entropy_late_change,386,4,-0.32528842576620726,-0.997565967583796,-0.6722775418175888,-0.9505470214670793
QwenHack,hack,pick_and_place_simple,16.0,future_easy_grader_action,all,action_entropy_late_slope,381,4,1.7248668689167694,1.2193012196803465,-0.5055656492364229,-0.4575683342347556
QwenHack,hack,pick_and_place_simple,16.0,future_easy_grader_action,all,action_entropy_late_change,386,4,0.30009725182154334,-0.3879272075137123,-0.6880244593352556,-0.5700761030666087
QwenHack,hack,pick_and_place_simple,32.0,gameable_hack_action,mean_phack,reasoning_p_hack,387,3,0.9687315848288903,0.9024424961635044,-0.06628908866538596,-2.0009685111199738
QwenHack,hack,pick_and_place_simple,32.0,gameable_hack_action,mean_phack,action_p_hack,387,3,0.9830152020760461,0.9228837927182516,-0.060131409357794485,-2.4267515988660855
QwenHack,hack,pick_and_place_simple,32.0,gameable_hack_action,late_phack,reasoning_p_hack_late_slope,371,3,0.003954175689271331,0.021857583995849302,0.01790340830657797,2.6037131881282614
QwenHack,hack,pick_and_place_simple,32.0,gameable_hack_action,late_phack,reasoning_p_hack_late_change,387,3,0.016578161864743805,-0.05609424795423234,-0.07267240981897614,-1.1208105265645287
QwenHack,hack,pick_and_place_simple,32.0,gameable_hack_action,late_phack,action_p_hack_late_slope,371,3,0.0036733693241338106,0.019255105654398533,0.015581736330264722,2.136837702809897
QwenHack,hack,pick_and_place_simple,32.0,gameable_hack_action,late_phack,action_p_hack_late_change,387,3,0.03244592402805566,-0.07615696986516314,-0.10860289389321881,-1.240274686917536
QwenHack,hack,pick_and_place_simple,32.0,gameable_hack_action,entropy,reasoning_entropy_mean,387,3,0.4523035488536589,0.8123441035548845,0.3600405547012256,1.0639262503055977
QwenHack,hack,pick_and_place_simple,32.0,gameable_hack_action,entropy,action_entropy_mean,387,3,0.6041461407923544,1.0006491329520941,0.3965029921597397,0.9735609040740429
QwenHack,hack,pick_and_place_simple,32.0,gameable_hack_action,entropy,reasoning_entropy_late_slope,371,3,0.5080704166602537,0.5634675620046133,0.05539714534435969,0.08685548212179023
QwenHack,hack,pick_and_place_simple,32.0,gameable_hack_action,entropy,reasoning_entropy_late_change,387,3,-0.3015529087778646,-0.2730490763982137,0.02850383237965093,0.045162271033790065
QwenHack,hack,pick_and_place_simple,32.0,gameable_hack_action,entropy,action_entropy_late_slope,371,3,1.2392218854793566,2.1738144997507334,0.9345926142713767,0.8043307710137744
QwenHack,hack,pick_and_place_simple,32.0,gameable_hack_action,entropy,action_entropy_late_change,387,3,-0.21692308421079454,0.019058664639790873,0.2359817488505854,0.17835776843344087
QwenHack,hack,pick_and_place_simple,32.0,gameable_hack_action,all,reasoning_p_hack,387,3,0.9687315848288903,0.9024424961635044,-0.06628908866538596,-2.0009685111199738
QwenHack,hack,pick_and_place_simple,32.0,gameable_hack_action,all,action_p_hack,387,3,0.9830152020760461,0.9228837927182516,-0.060131409357794485,-2.4267515988660855
QwenHack,hack,pick_and_place_simple,32.0,gameable_hack_action,all,reasoning_p_hack_late_slope,371,3,0.003954175689271331,0.021857583995849302,0.01790340830657797,2.6037131881282614
QwenHack,hack,pick_and_place_simple,32.0,gameable_hack_action,all,reasoning_p_hack_late_change,387,3,0.016578161864743805,-0.05609424795423234,-0.07267240981897614,-1.1208105265645287
QwenHack,hack,pick_and_place_simple,32.0,gameable_hack_action,all,action_p_hack_late_slope,371,3,0.0036733693241338106,0.019255105654398533,0.015581736330264722,2.136837702809897
QwenHack,hack,pick_and_place_simple,32.0,gameable_hack_action,all,action_p_hack_late_change,387,3,0.03244592402805566,-0.07615696986516314,-0.10860289389321881,-1.240274686917536
QwenHack,hack,pick_and_place_simple,32.0,gameable_hack_action,all,reasoning_entropy_mean,387,3,0.4523035488536589,0.8123441035548845,0.3600405547012256,1.0639262503055977
QwenHack,hack,pick_and_place_simple,32.0,gameable_hack_action,all,action_entropy_mean,387,3,0.6041461407923544,1.0006491329520941,0.3965029921597397,0.9735609040740429
QwenHack,hack,pick_and_place_simple,32.0,gameable_hack_action,all,reasoning_entropy_late_slope,371,3,0.5080704166602537,0.5634675620046133,0.05539714534435969,0.08685548212179023
QwenHack,hack,pick_and_place_simple,32.0,gameable_hack_action,all,reasoning_entropy_late_change,387,3,-0.3015529087778646,-0.2730490763982137,0.02850383237965093,0.045162271033790065
QwenHack,hack,pick_and_place_simple,32.0,gameable_hack_action,all,action_entropy_late_slope,371,3,1.2392218854793566,2.1738144997507334,0.9345926142713767,0.8043307710137744
QwenHack,hack,pick_and_place_simple,32.0,gameable_hack_action,all,action_entropy_late_change,387,3,-0.21692308421079454,0.019058664639790873,0.2359817488505854,0.17835776843344087
QwenHack,hack,pick_and_place_simple,32.0,future_gameable_hack_action,mean_phack,reasoning_p_hack,387,3,0.9684635895053485,0.9370138929003762,-0.03144969660497232,-0.9493244492843104
QwenHack,hack,pick_and_place_simple,32.0,future_gameable_hack_action,mean_phack,action_p_hack,387,3,0.9825172417825683,0.9871206705768903,0.004603428794322073,0.18578274326509175
QwenHack,hack,pick_and_place_simple,32.0,future_gameable_hack_action,late_phack,reasoning_p_hack_late_slope,371,3,0.004020263144915788,0.0136847686478181,0.00966450550290231,1.4055201112404632
QwenHack,hack,pick_and_place_simple,32.0,future_gameable_hack_action,late_phack,reasoning_p_hack_late_change,387,3,0.016184848792552477,-0.0053568616415505975,-0.021541710434103075,-0.3322330424282032
QwenHack,hack,pick_and_place_simple,32.0,future_gameable_hack_action,late_phack,action_p_hack_late_slope,371,3,0.0038089370022932234,0.0024899027886844333,-0.0013190342136087901,-0.1808888290235611
QwenHack,hack,pick_and_place_simple,32.0,future_gameable_hack_action,late_phack,action_p_hack_late_change,387,3,0.03179597728100155,0.007686160504817966,-0.024109816776183585,-0.27534068735886047
QwenHack,hack,pick_and_place_simple,32.0,future_gameable_hack_action,entropy,reasoning_entropy_mean,387,3,0.451934204137034,0.8599895719994999,0.4080553678624659,1.2058108781863477
QwenHack,hack,pick_and_place_simple,32.0,future_gameable_hack_action,entropy,action_entropy_mean,387,3,0.6044749521099131,0.9582324729870176,0.35375752087710455,0.8686050260860461
QwenHack,hack,pick_and_place_simple,32.0,future_gameable_hack_action,entropy,reasoning_entropy_late_slope,371,3,0.5111708089895344,0.18005237728357315,-0.3311184317059612,-0.519150415539607
QwenHack,hack,pick_and_place_simple,32.0,future_gameable_hack_action,entropy,reasoning_entropy_late_change,387,3,-0.3027420503117324,-0.11964981852927137,0.18309223178246103,0.2900964644264541
QwenHack,hack,pick_and_place_simple,32.0,future_gameable_hack_action,entropy,action_entropy_late_slope,371,3,1.245964630228603,1.3399617324272792,0.0939971021986763,0.08089595459029443
QwenHack,hack,pick_and_place_simple,32.0,future_gameable_hack_action,entropy,action_entropy_late_change,387,3,-0.21477721804284877,-0.2577580710252126,-0.042980852982363815,-0.03248543186343623
QwenHack,hack,pick_and_place_simple,32.0,future_gameable_hack_action,all,reasoning_p_hack,387,3,0.9684635895053485,0.9370138929003762,-0.03144969660497232,-0.9493244492843104
QwenHack,hack,pick_and_place_simple,32.0,future_gameable_hack_action,all,action_p_hack,387,3,0.9825172417825683,0.9871206705768903,0.004603428794322073,0.18578274326509175
QwenHack,hack,pick_and_place_simple,32.0,future_gameable_hack_action,all,reasoning_p_hack_late_slope,371,3,0.004020263144915788,0.0136847686478181,0.00966450550290231,1.4055201112404632
QwenHack,hack,pick_and_place_simple,32.0,future_gameable_hack_action,all,reasoning_p_hack_late_change,387,3,0.016184848792552477,-0.0053568616415505975,-0.021541710434103075,-0.3322330424282032
QwenHack,hack,pick_and_place_simple,32.0,future_gameable_hack_action,all,action_p_hack_late_slope,371,3,0.0038089370022932234,0.0024899027886844333,-0.0013190342136087901,-0.1808888290235611
QwenHack,hack,pick_and_place_simple,32.0,future_gameable_hack_action,all,action_p_hack_late_change,387,3,0.03179597728100155,0.007686160504817966,-0.024109816776183585,-0.27534068735886047
QwenHack,hack,pick_and_place_simple,32.0,future_gameable_hack_action,all,reasoning_entropy_mean,387,3,0.451934204137034,0.8599895719994999,0.4080553678624659,1.2058108781863477
QwenHack,hack,pick_and_place_simple,32.0,future_gameable_hack_action,all,action_entropy_mean,387,3,0.6044749521099131,0.9582324729870176,0.35375752087710455,0.8686050260860461
QwenHack,hack,pick_and_place_simple,32.0,future_gameable_hack_action,all,reasoning_entropy_late_slope,371,3,0.5111708089895344,0.18005237728357315,-0.3311184317059612,-0.519150415539607
QwenHack,hack,pick_and_place_simple,32.0,future_gameable_hack_action,all,reasoning_entropy_late_change,387,3,-0.3027420503117324,-0.11964981852927137,0.18309223178246103,0.2900964644264541
QwenHack,hack,pick_and_place_simple,32.0,future_gameable_hack_action,all,action_entropy_late_slope,371,3,1.245964630228603,1.3399617324272792,0.0939971021986763,0.08089595459029443
QwenHack,hack,pick_and_place_simple,32.0,future_gameable_hack_action,all,action_entropy_late_change,387,3,-0.21477721804284877,-0.2577580710252126,-0.042980852982363815,-0.03248543186343623
QwenHack,hack,pick_and_place_simple,32.0,easy_grader_action,mean_phack,reasoning_p_hack,387,3,0.9687315848288903,0.9024424961635044,-0.06628908866538596,-2.0009685111199738
QwenHack,hack,pick_and_place_simple,32.0,easy_grader_action,mean_phack,action_p_hack,387,3,0.9830152020760461,0.9228837927182516,-0.060131409357794485,-2.4267515988660855
QwenHack,hack,pick_and_place_simple,32.0,easy_grader_action,late_phack,reasoning_p_hack_late_slope,371,3,0.003954175689271331,0.021857583995849302,0.01790340830657797,2.6037131881282614
QwenHack,hack,pick_and_place_simple,32.0,easy_grader_action,late_phack,reasoning_p_hack_late_change,387,3,0.016578161864743805,-0.05609424795423234,-0.07267240981897614,-1.1208105265645287
QwenHack,hack,pick_and_place_simple,32.0,easy_grader_action,late_phack,action_p_hack_late_slope,371,3,0.0036733693241338106,0.019255105654398533,0.015581736330264722,2.136837702809897
QwenHack,hack,pick_and_place_simple,32.0,easy_grader_action,late_phack,action_p_hack_late_change,387,3,0.03244592402805566,-0.07615696986516314,-0.10860289389321881,-1.240274686917536
QwenHack,hack,pick_and_place_simple,32.0,easy_grader_action,entropy,reasoning_entropy_mean,387,3,0.4523035488536589,0.8123441035548845,0.3600405547012256,1.0639262503055977
QwenHack,hack,pick_and_place_simple,32.0,easy_grader_action,entropy,action_entropy_mean,387,3,0.6041461407923544,1.0006491329520941,0.3965029921597397,0.9735609040740429
QwenHack,hack,pick_and_place_simple,32.0,easy_grader_action,entropy,reasoning_entropy_late_slope,371,3,0.5080704166602537,0.5634675620046133,0.05539714534435969,0.08685548212179023
QwenHack,hack,pick_and_place_simple,32.0,easy_grader_action,entropy,reasoning_entropy_late_change,387,3,-0.3015529087778646,-0.2730490763982137,0.02850383237965093,0.045162271033790065
QwenHack,hack,pick_and_place_simple,32.0,easy_grader_action,entropy,action_entropy_late_slope,371,3,1.2392218854793566,2.1738144997507334,0.9345926142713767,0.8043307710137744
QwenHack,hack,pick_and_place_simple,32.0,easy_grader_action,entropy,action_entropy_late_change,387,3,-0.21692308421079454,0.019058664639790873,0.2359817488505854,0.17835776843344087
QwenHack,hack,pick_and_place_simple,32.0,easy_grader_action,all,reasoning_p_hack,387,3,0.9687315848288903,0.9024424961635044,-0.06628908866538596,-2.0009685111199738
QwenHack,hack,pick_and_place_simple,32.0,easy_grader_action,all,action_p_hack,387,3,0.9830152020760461,0.9228837927182516,-0.060131409357794485,-2.4267515988660855
QwenHack,hack,pick_and_place_simple,32.0,easy_grader_action,all,reasoning_p_hack_late_slope,371,3,0.003954175689271331,0.021857583995849302,0.01790340830657797,2.6037131881282614
QwenHack,hack,pick_and_place_simple,32.0,easy_grader_action,all,reasoning_p_hack_late_change,387,3,0.016578161864743805,-0.05609424795423234,-0.07267240981897614,-1.1208105265645287
QwenHack,hack,pick_and_place_simple,32.0,easy_grader_action,all,action_p_hack_late_slope,371,3,0.0036733693241338106,0.019255105654398533,0.015581736330264722,2.136837702809897
QwenHack,hack,pick_and_place_simple,32.0,easy_grader_action,all,action_p_hack_late_change,387,3,0.03244592402805566,-0.07615696986516314,-0.10860289389321881,-1.240274686917536
QwenHack,hack,pick_and_place_simple,32.0,easy_grader_action,all,reasoning_entropy_mean,387,3,0.4523035488536589,0.8123441035548845,0.3600405547012256,1.0639262503055977
QwenHack,hack,pick_and_place_simple,32.0,easy_grader_action,all,action_entropy_mean,387,3,0.6041461407923544,1.0006491329520941,0.3965029921597397,0.9735609040740429
QwenHack,hack,pick_and_place_simple,32.0,easy_grader_action,all,reasoning_entropy_late_slope,371,3,0.5080704166602537,0.5634675620046133,0.05539714534435969,0.08685548212179023
QwenHack,hack,pick_and_place_simple,32.0,easy_grader_action,all,reasoning_entropy_late_change,387,3,-0.3015529087778646,-0.2730490763982137,0.02850383237965093,0.045162271033790065
QwenHack,hack,pick_and_place_simple,32.0,easy_grader_action,all,action_entropy_late_slope,371,3,1.2392218854793566,2.1738144997507334,0.9345926142713767,0.8043307710137744
QwenHack,hack,pick_and_place_simple,32.0,easy_grader_action,all,action_entropy_late_change,387,3,-0.21692308421079454,0.019058664639790873,0.2359817488505854,0.17835776843344087
QwenHack,hack,pick_and_place_simple,32.0,future_easy_grader_action,mean_phack,reasoning_p_hack,387,3,0.9684635895053485,0.9370138929003762,-0.03144969660497232,-0.9493244492843104
QwenHack,hack,pick_and_place_simple,32.0,future_easy_grader_action,mean_phack,action_p_hack,387,3,0.9825172417825683,0.9871206705768903,0.004603428794322073,0.18578274326509175
QwenHack,hack,pick_and_place_simple,32.0,future_easy_grader_action,late_phack,reasoning_p_hack_late_slope,371,3,0.004020263144915788,0.0136847686478181,0.00966450550290231,1.4055201112404632
QwenHack,hack,pick_and_place_simple,32.0,future_easy_grader_action,late_phack,reasoning_p_hack_late_change,387,3,0.016184848792552477,-0.0053568616415505975,-0.021541710434103075,-0.3322330424282032
QwenHack,hack,pick_and_place_simple,32.0,future_easy_grader_action,late_phack,action_p_hack_late_slope,371,3,0.0038089370022932234,0.0024899027886844333,-0.0013190342136087901,-0.1808888290235611
QwenHack,hack,pick_and_place_simple,32.0,future_easy_grader_action,late_phack,action_p_hack_late_change,387,3,0.03179597728100155,0.007686160504817966,-0.024109816776183585,-0.27534068735886047
QwenHack,hack,pick_and_place_simple,32.0,future_easy_grader_action,entropy,reasoning_entropy_mean,387,3,0.451934204137034,0.8599895719994999,0.4080553678624659,1.2058108781863477
QwenHack,hack,pick_and_place_simple,32.0,future_easy_grader_action,entropy,action_entropy_mean,387,3,0.6044749521099131,0.9582324729870176,0.35375752087710455,0.8686050260860461
QwenHack,hack,pick_and_place_simple,32.0,future_easy_grader_action,entropy,reasoning_entropy_late_slope,371,3,0.5111708089895344,0.18005237728357315,-0.3311184317059612,-0.519150415539607
QwenHack,hack,pick_and_place_simple,32.0,future_easy_grader_action,entropy,reasoning_entropy_late_change,387,3,-0.3027420503117324,-0.11964981852927137,0.18309223178246103,0.2900964644264541
QwenHack,hack,pick_and_place_simple,32.0,future_easy_grader_action,entropy,action_entropy_late_slope,371,3,1.245964630228603,1.3399617324272792,0.0939971021986763,0.08089595459029443
QwenHack,hack,pick_and_place_simple,32.0,future_easy_grader_action,entropy,action_entropy_late_change,387,3,-0.21477721804284877,-0.2577580710252126,-0.042980852982363815,-0.03248543186343623
QwenHack,hack,pick_and_place_simple,32.0,future_easy_grader_action,all,reasoning_p_hack,387,3,0.9684635895053485,0.9370138929003762,-0.03144969660497232,-0.9493244492843104
QwenHack,hack,pick_and_place_simple,32.0,future_easy_grader_action,all,action_p_hack,387,3,0.9825172417825683,0.9871206705768903,0.004603428794322073,0.18578274326509175
QwenHack,hack,pick_and_place_simple,32.0,future_easy_grader_action,all,reasoning_p_hack_late_slope,371,3,0.004020263144915788,0.0136847686478181,0.00966450550290231,1.4055201112404632
QwenHack,hack,pick_and_place_simple,32.0,future_easy_grader_action,all,reasoning_p_hack_late_change,387,3,0.016184848792552477,-0.0053568616415505975,-0.021541710434103075,-0.3322330424282032
QwenHack,hack,pick_and_place_simple,32.0,future_easy_grader_action,all,action_p_hack_late_slope,371,3,0.0038089370022932234,0.0024899027886844333,-0.0013190342136087901,-0.1808888290235611
QwenHack,hack,pick_and_place_simple,32.0,future_easy_grader_action,all,action_p_hack_late_change,387,3,0.03179597728100155,0.007686160504817966,-0.024109816776183585,-0.27534068735886047
QwenHack,hack,pick_and_place_simple,32.0,future_easy_grader_action,all,reasoning_entropy_mean,387,3,0.451934204137034,0.8599895719994999,0.4080553678624659,1.2058108781863477
QwenHack,hack,pick_and_place_simple,32.0,future_easy_grader_action,all,action_entropy_mean,387,3,0.6044749521099131,0.9582324729870176,0.35375752087710455,0.8686050260860461
QwenHack,hack,pick_and_place_simple,32.0,future_easy_grader_action,all,reasoning_entropy_late_slope,371,3,0.5111708089895344,0.18005237728357315,-0.3311184317059612,-0.519150415539607
QwenHack,hack,pick_and_place_simple,32.0,future_easy_grader_action,all,reasoning_entropy_late_change,387,3,-0.3027420503117324,-0.11964981852927137,0.18309223178246103,0.2900964644264541
QwenHack,hack,pick_and_place_simple,32.0,future_easy_grader_action,all,action_entropy_late_slope,371,3,1.245964630228603,1.3399617324272792,0.0939971021986763,0.08089595459029443
QwenHack,hack,pick_and_place_simple,32.0,future_easy_grader_action,all,action_entropy_late_change,387,3,-0.21477721804284877,-0.2577580710252126,-0.042980852982363815,-0.03248543186343623
QwenHack,hack,pick_and_place_simple,64.0,gameable_hack_action,mean_phack,reasoning_p_hack,382,8,0.9681001650452292,0.9323581848347249,-0.03574198021050434,-0.9413251436091142
QwenHack,hack,pick_and_place_simple,64.0,gameable_hack_action,mean_phack,action_p_hack,382,8,0.9808178030769892,0.8920765899121762,-0.08874121316481298,-3.0555394251850756
QwenHack,hack,pick_and_place_simple,64.0,gameable_hack_action,late_phack,reasoning_p_hack_late_slope,379,8,0.003789541209786561,0.008825866446285476,0.0050363252364989146,0.8471791209865135
QwenHack,hack,pick_and_place_simple,64.0,gameable_hack_action,late_phack,reasoning_p_hack_late_change,382,8,0.010924235227499555,0.01649787404183681,0.005573638814337256,0.12180715774127072
QwenHack,hack,pick_and_place_simple,64.0,gameable_hack_action,late_phack,action_p_hack_late_slope,379,8,0.003495824586762435,0.0269609091803431,0.023465084593580664,3.469893482082533
QwenHack,hack,pick_and_place_simple,64.0,gameable_hack_action,late_phack,action_p_hack_late_change,382,8,0.02989929603151301,-0.01580452099442479,-0.0457038170259378,-0.5192166708118396
QwenHack,hack,pick_and_place_simple,64.0,gameable_hack_action,entropy,reasoning_entropy_mean,382,8,0.4471309558665901,0.6051311896607205,0.15800023379413047,0.4723627626205468
QwenHack,hack,pick_and_place_simple,64.0,gameable_hack_action,entropy,action_entropy_mean,382,8,0.5850533390855606,1.027813423227053,0.4427600841414925,1.0563813844329215
QwenHack,hack,pick_and_place_simple,64.0,gameable_hack_action,entropy,reasoning_entropy_late_slope,379,8,0.605459619957704,0.4948940692551188,-0.11056555070258522,-0.2251159773014949
QwenHack,hack,pick_and_place_simple,64.0,gameable_hack_action,entropy,reasoning_entropy_late_change,382,8,-0.17702058486549602,-0.7733357662698381,-0.5963151814043421,-0.9201574740262493
QwenHack,hack,pick_and_place_simple,64.0,gameable_hack_action,entropy,action_entropy_late_slope,379,8,1.3588821261572606,2.4603175093070604,1.1014353831497998,0.9153149446892556
QwenHack,hack,pick_and_place_simple,64.0,gameable_hack_action,entropy,action_entropy_late_change,382,8,0.007219179829641084,0.2982562631368637,0.2910370833072226,0.2157497405381482
QwenHack,hack,pick_and_place_simple,64.0,gameable_hack_action,all,reasoning_p_hack,382,8,0.9681001650452292,0.9323581848347249,-0.03574198021050434,-0.9413251436091142
QwenHack,hack,pick_and_place_simple,64.0,gameable_hack_action,all,action_p_hack,382,8,0.9808178030769892,0.8920765899121762,-0.08874121316481298,-3.0555394251850756
QwenHack,hack,pick_and_place_simple,64.0,gameable_hack_action,all,reasoning_p_hack_late_slope,379,8,0.003789541209786561,0.008825866446285476,0.0050363252364989146,0.8471791209865135
QwenHack,hack,pick_and_place_simple,64.0,gameable_hack_action,all,reasoning_p_hack_late_change,382,8,0.010924235227499555,0.01649787404183681,0.005573638814337256,0.12180715774127072
QwenHack,hack,pick_and_place_simple,64.0,gameable_hack_action,all,action_p_hack_late_slope,379,8,0.003495824586762435,0.0269609091803431,0.023465084593580664,3.469893482082533
QwenHack,hack,pick_and_place_simple,64.0,gameable_hack_action,all,action_p_hack_late_change,382,8,0.02989929603151301,-0.01580452099442479,-0.0457038170259378,-0.5192166708118396
QwenHack,hack,pick_and_place_simple,64.0,gameable_hack_action,all,reasoning_entropy_mean,382,8,0.4471309558665901,0.6051311896607205,0.15800023379413047,0.4723627626205468
QwenHack,hack,pick_and_place_simple,64.0,gameable_hack_action,all,action_entropy_mean,382,8,0.5850533390855606,1.027813423227053,0.4427600841414925,1.0563813844329215
QwenHack,hack,pick_and_place_simple,64.0,gameable_hack_action,all,reasoning_entropy_late_slope,379,8,0.605459619957704,0.4948940692551188,-0.11056555070258522,-0.2251159773014949
QwenHack,hack,pick_and_place_simple,64.0,gameable_hack_action,all,reasoning_entropy_late_change,382,8,-0.17702058486549602,-0.7733357662698381,-0.5963151814043421,-0.9201574740262493
QwenHack,hack,pick_and_place_simple,64.0,gameable_hack_action,all,action_entropy_late_slope,379,8,1.3588821261572606,2.4603175093070604,1.1014353831497998,0.9153149446892556
QwenHack,hack,pick_and_place_simple,64.0,gameable_hack_action,all,action_entropy_late_change,382,8,0.007219179829641084,0.2982562631368637,0.2910370833072226,0.2157497405381482
QwenHack,hack,pick_and_place_simple,64.0,future_gameable_hack_action,mean_phack,reasoning_p_hack,382,8,0.9678355461760147,0.9449937358397059,-0.022841810336308832,-0.6015774802762295
QwenHack,hack,pick_and_place_simple,64.0,future_gameable_hack_action,mean_phack,action_p_hack,382,8,0.980160571530376,0.9234593962629636,-0.05670117526741236,-1.9523361277711748
QwenHack,hack,pick_and_place_simple,64.0,future_gameable_hack_action,late_phack,reasoning_p_hack_late_slope,379,8,0.003800122619339927,0.008324572168694788,0.004524449549354861,0.7610745954990916
QwenHack,hack,pick_and_place_simple,64.0,future_gameable_hack_action,late_phack,reasoning_p_hack_late_change,382,8,0.010842893522933968,0.020381940434843576,0.009539046911909608,0.20846779466791043
QwenHack,hack,pick_and_place_simple,64.0,future_gameable_hack_action,late_phack,action_p_hack_late_slope,379,8,0.0036522267880354222,0.01955135489503535,0.015899128106999928,2.351079569701045
QwenHack,hack,pick_and_place_simple,64.0,future_gameable_hack_action,late_phack,action_p_hack_late_change,382,8,0.029631421528710202,-0.0030135134855906152,-0.03264493501430082,-0.3708616824580492
QwenHack,hack,pick_and_place_simple,64.0,future_gameable_hack_action,entropy,reasoning_entropy_mean,382,8,0.4480268194723285,0.5623537024867165,0.11432688301438798,0.3417954581816483
QwenHack,hack,pick_and_place_simple,64.0,future_gameable_hack_action,entropy,action_entropy_mean,382,8,0.5870938585864595,0.9303786170591289,0.3432847584726695,0.8190431825245368
QwenHack,hack,pick_and_place_simple,64.0,future_gameable_hack_action,entropy,reasoning_entropy_late_slope,379,8,0.6025061780148087,0.6348133812997836,0.03230720328497494,0.06577878548209634
QwenHack,hack,pick_and_place_simple,64.0,future_gameable_hack_action,entropy,reasoning_entropy_late_change,382,8,-0.177214223441865,-0.7640895242482202,-0.5868753008063552,-0.9055910551977082
QwenHack,hack,pick_and_place_simple,64.0,future_gameable_hack_action,entropy,action_entropy_late_slope,379,8,1.3619171525434637,2.3165331342606805,0.9546159817172168,0.7933050707034865
QwenHack,hack,pick_and_place_simple,64.0,future_gameable_hack_action,entropy,action_entropy_late_change,382,8,0.0040004419452993505,0.4519509971141815,0.44795055516888216,0.33207182725091355
QwenHack,hack,pick_and_place_simple,64.0,future_gameable_hack_action,all,reasoning_p_hack,382,8,0.9678355461760147,0.9449937358397059,-0.022841810336308832,-0.6015774802762295
QwenHack,hack,pick_and_place_simple,64.0,future_gameable_hack_action,all,action_p_hack,382,8,0.980160571530376,0.9234593962629636,-0.05670117526741236,-1.9523361277711748
QwenHack,hack,pick_and_place_simple,64.0,future_gameable_hack_action,all,reasoning_p_hack_late_slope,379,8,0.003800122619339927,0.008324572168694788,0.004524449549354861,0.7610745954990916
QwenHack,hack,pick_and_place_simple,64.0,future_gameable_hack_action,all,reasoning_p_hack_late_change,382,8,0.010842893522933968,0.020381940434843576,0.009539046911909608,0.20846779466791043
QwenHack,hack,pick_and_place_simple,64.0,future_gameable_hack_action,all,action_p_hack_late_slope,379,8,0.0036522267880354222,0.01955135489503535,0.015899128106999928,2.351079569701045
QwenHack,hack,pick_and_place_simple,64.0,future_gameable_hack_action,all,action_p_hack_late_change,382,8,0.029631421528710202,-0.0030135134855906152,-0.03264493501430082,-0.3708616824580492
QwenHack,hack,pick_and_place_simple,64.0,future_gameable_hack_action,all,reasoning_entropy_mean,382,8,0.4480268194723285,0.5623537024867165,0.11432688301438798,0.3417954581816483
QwenHack,hack,pick_and_place_simple,64.0,future_gameable_hack_action,all,action_entropy_mean,382,8,0.5870938585864595,0.9303786170591289,0.3432847584726695,0.8190431825245368
QwenHack,hack,pick_and_place_simple,64.0,future_gameable_hack_action,all,reasoning_entropy_late_slope,379,8,0.6025061780148087,0.6348133812997836,0.03230720328497494,0.06577878548209634
QwenHack,hack,pick_and_place_simple,64.0,future_gameable_hack_action,all,reasoning_entropy_late_change,382,8,-0.177214223441865,-0.7640895242482202,-0.5868753008063552,-0.9055910551977082
QwenHack,hack,pick_and_place_simple,64.0,future_gameable_hack_action,all,action_entropy_late_slope,379,8,1.3619171525434637,2.3165331342606805,0.9546159817172168,0.7933050707034865
QwenHack,hack,pick_and_place_simple,64.0,future_gameable_hack_action,all,action_entropy_late_change,382,8,0.0040004419452993505,0.4519509971141815,0.44795055516888216,0.33207182725091355
QwenHack,hack,pick_and_place_simple,64.0,easy_grader_action,mean_phack,reasoning_p_hack,382,8,0.9681001650452292,0.9323581848347249,-0.03574198021050434,-0.9413251436091142
QwenHack,hack,pick_and_place_simple,64.0,easy_grader_action,mean_phack,action_p_hack,382,8,0.9808178030769892,0.8920765899121762,-0.08874121316481298,-3.0555394251850756
QwenHack,hack,pick_and_place_simple,64.0,easy_grader_action,late_phack,reasoning_p_hack_late_slope,379,8,0.003789541209786561,0.008825866446285476,0.0050363252364989146,0.8471791209865135
QwenHack,hack,pick_and_place_simple,64.0,easy_grader_action,late_phack,reasoning_p_hack_late_change,382,8,0.010924235227499555,0.01649787404183681,0.005573638814337256,0.12180715774127072
QwenHack,hack,pick_and_place_simple,64.0,easy_grader_action,late_phack,action_p_hack_late_slope,379,8,0.003495824586762435,0.0269609091803431,0.023465084593580664,3.469893482082533
QwenHack,hack,pick_and_place_simple,64.0,easy_grader_action,late_phack,action_p_hack_late_change,382,8,0.02989929603151301,-0.01580452099442479,-0.0457038170259378,-0.5192166708118396
QwenHack,hack,pick_and_place_simple,64.0,easy_grader_action,entropy,reasoning_entropy_mean,382,8,0.4471309558665901,0.6051311896607205,0.15800023379413047,0.4723627626205468
QwenHack,hack,pick_and_place_simple,64.0,easy_grader_action,entropy,action_entropy_mean,382,8,0.5850533390855606,1.027813423227053,0.4427600841414925,1.0563813844329215
QwenHack,hack,pick_and_place_simple,64.0,easy_grader_action,entropy,reasoning_entropy_late_slope,379,8,0.605459619957704,0.4948940692551188,-0.11056555070258522,-0.2251159773014949
QwenHack,hack,pick_and_place_simple,64.0,easy_grader_action,entropy,reasoning_entropy_late_change,382,8,-0.17702058486549602,-0.7733357662698381,-0.5963151814043421,-0.9201574740262493
QwenHack,hack,pick_and_place_simple,64.0,easy_grader_action,entropy,action_entropy_late_slope,379,8,1.3588821261572606,2.4603175093070604,1.1014353831497998,0.9153149446892556
QwenHack,hack,pick_and_place_simple,64.0,easy_grader_action,entropy,action_entropy_late_change,382,8,0.007219179829641084,0.2982562631368637,0.2910370833072226,0.2157497405381482
QwenHack,hack,pick_and_place_simple,64.0,easy_grader_action,all,reasoning_p_hack,382,8,0.9681001650452292,0.9323581848347249,-0.03574198021050434,-0.9413251436091142
QwenHack,hack,pick_and_place_simple,64.0,easy_grader_action,all,action_p_hack,382,8,0.9808178030769892,0.8920765899121762,-0.08874121316481298,-3.0555394251850756
QwenHack,hack,pick_and_place_simple,64.0,easy_grader_action,all,reasoning_p_hack_late_slope,379,8,0.003789541209786561,0.008825866446285476,0.0050363252364989146,0.8471791209865135
QwenHack,hack,pick_and_place_simple,64.0,easy_grader_action,all,reasoning_p_hack_late_change,382,8,0.010924235227499555,0.01649787404183681,0.005573638814337256,0.12180715774127072
QwenHack,hack,pick_and_place_simple,64.0,easy_grader_action,all,action_p_hack_late_slope,379,8,0.003495824586762435,0.0269609091803431,0.023465084593580664,3.469893482082533
QwenHack,hack,pick_and_place_simple,64.0,easy_grader_action,all,action_p_hack_late_change,382,8,0.02989929603151301,-0.01580452099442479,-0.0457038170259378,-0.5192166708118396
QwenHack,hack,pick_and_place_simple,64.0,easy_grader_action,all,reasoning_entropy_mean,382,8,0.4471309558665901,0.6051311896607205,0.15800023379413047,0.4723627626205468
QwenHack,hack,pick_and_place_simple,64.0,easy_grader_action,all,action_entropy_mean,382,8,0.5850533390855606,1.027813423227053,0.4427600841414925,1.0563813844329215
QwenHack,hack,pick_and_place_simple,64.0,easy_grader_action,all,reasoning_entropy_late_slope,379,8,0.605459619957704,0.4948940692551188,-0.11056555070258522,-0.2251159773014949
QwenHack,hack,pick_and_place_simple,64.0,easy_grader_action,all,reasoning_entropy_late_change,382,8,-0.17702058486549602,-0.7733357662698381,-0.5963151814043421,-0.9201574740262493
QwenHack,hack,pick_and_place_simple,64.0,easy_grader_action,all,action_entropy_late_slope,379,8,1.3588821261572606,2.4603175093070604,1.1014353831497998,0.9153149446892556
QwenHack,hack,pick_and_place_simple,64.0,easy_grader_action,all,action_entropy_late_change,382,8,0.007219179829641084,0.2982562631368637,0.2910370833072226,0.2157497405381482
QwenHack,hack,pick_and_place_simple,64.0,future_easy_grader_action,mean_phack,reasoning_p_hack,382,8,0.9678355461760147,0.9449937358397059,-0.022841810336308832,-0.6015774802762295
QwenHack,hack,pick_and_place_simple,64.0,future_easy_grader_action,mean_phack,action_p_hack,382,8,0.980160571530376,0.9234593962629636,-0.05670117526741236,-1.9523361277711748
QwenHack,hack,pick_and_place_simple,64.0,future_easy_grader_action,late_phack,reasoning_p_hack_late_slope,379,8,0.003800122619339927,0.008324572168694788,0.004524449549354861,0.7610745954990916
QwenHack,hack,pick_and_place_simple,64.0,future_easy_grader_action,late_phack,reasoning_p_hack_late_change,382,8,0.010842893522933968,0.020381940434843576,0.009539046911909608,0.20846779466791043
QwenHack,hack,pick_and_place_simple,64.0,future_easy_grader_action,late_phack,action_p_hack_late_slope,379,8,0.0036522267880354222,0.01955135489503535,0.015899128106999928,2.351079569701045
QwenHack,hack,pick_and_place_simple,64.0,future_easy_grader_action,late_phack,action_p_hack_late_change,382,8,0.029631421528710202,-0.0030135134855906152,-0.03264493501430082,-0.3708616824580492
QwenHack,hack,pick_and_place_simple,64.0,future_easy_grader_action,entropy,reasoning_entropy_mean,382,8,0.4480268194723285,0.5623537024867165,0.11432688301438798,0.3417954581816483
QwenHack,hack,pick_and_place_simple,64.0,future_easy_grader_action,entropy,action_entropy_mean,382,8,0.5870938585864595,0.9303786170591289,0.3432847584726695,0.8190431825245368
QwenHack,hack,pick_and_place_simple,64.0,future_easy_grader_action,entropy,reasoning_entropy_late_slope,379,8,0.6025061780148087,0.6348133812997836,0.03230720328497494,0.06577878548209634
QwenHack,hack,pick_and_place_simple,64.0,future_easy_grader_action,entropy,reasoning_entropy_late_change,382,8,-0.177214223441865,-0.7640895242482202,-0.5868753008063552,-0.9055910551977082
QwenHack,hack,pick_and_place_simple,64.0,future_easy_grader_action,entropy,action_entropy_late_slope,379,8,1.3619171525434637,2.3165331342606805,0.9546159817172168,0.7933050707034865
QwenHack,hack,pick_and_place_simple,64.0,future_easy_grader_action,entropy,action_entropy_late_change,382,8,0.0040004419452993505,0.4519509971141815,0.44795055516888216,0.33207182725091355
QwenHack,hack,pick_and_place_simple,64.0,future_easy_grader_action,all,reasoning_p_hack,382,8,0.9678355461760147,0.9449937358397059,-0.022841810336308832,-0.6015774802762295
QwenHack,hack,pick_and_place_simple,64.0,future_easy_grader_action,all,action_p_hack,382,8,0.980160571530376,0.9234593962629636,-0.05670117526741236,-1.9523361277711748
QwenHack,hack,pick_and_place_simple,64.0,future_easy_grader_action,all,reasoning_p_hack_late_slope,379,8,0.003800122619339927,0.008324572168694788,0.004524449549354861,0.7610745954990916
QwenHack,hack,pick_and_place_simple,64.0,future_easy_grader_action,all,reasoning_p_hack_late_change,382,8,0.010842893522933968,0.020381940434843576,0.009539046911909608,0.20846779466791043
QwenHack,hack,pick_and_place_simple,64.0,future_easy_grader_action,all,action_p_hack_late_slope,379,8,0.0036522267880354222,0.01955135489503535,0.015899128106999928,2.351079569701045
QwenHack,hack,pick_and_place_simple,64.0,future_easy_grader_action,all,action_p_hack_late_change,382,8,0.029631421528710202,-0.0030135134855906152,-0.03264493501430082,-0.3708616824580492
QwenHack,hack,pick_and_place_simple,64.0,future_easy_grader_action,all,reasoning_entropy_mean,382,8,0.4480268194723285,0.5623537024867165,0.11432688301438798,0.3417954581816483
QwenHack,hack,pick_and_place_simple,64.0,future_easy_grader_action,all,action_entropy_mean,382,8,0.5870938585864595,0.9303786170591289,0.3432847584726695,0.8190431825245368
QwenHack,hack,pick_and_place_simple,64.0,future_easy_grader_action,all,reasoning_entropy_late_slope,379,8,0.6025061780148087,0.6348133812997836,0.03230720328497494,0.06577878548209634
QwenHack,hack,pick_and_place_simple,64.0,future_easy_grader_action,all,reasoning_entropy_late_change,382,8,-0.177214223441865,-0.7640895242482202,-0.5868753008063552,-0.9055910551977082
QwenHack,hack,pick_and_place_simple,64.0,future_easy_grader_action,all,action_entropy_late_slope,379,8,1.3619171525434637,2.3165331342606805,0.9546159817172168,0.7933050707034865
QwenHack,hack,pick_and_place_simple,64.0,future_easy_grader_action,all,action_entropy_late_change,382,8,0.0040004419452993505,0.4519509971141815,0.44795055516888216,0.33207182725091355
QwenHack,hack,pick_and_place_simple,128.0,gameable_hack_action,mean_phack,reasoning_p_hack,387,3,0.9629044188321232,0.9427705017347184,-0.020133917097404752,-0.48194613011498455
QwenHack,hack,pick_and_place_simple,128.0,gameable_hack_action,mean_phack,action_p_hack,387,3,0.9764579371983851,0.9361646135648091,-0.04029332363357607,-1.2543565517560913
QwenHack,hack,pick_and_place_simple,128.0,gameable_hack_action,late_phack,reasoning_p_hack_late_slope,375,3,0.00487823143076876,0.0141249375695051,0.009246706138736339,1.14659515432864
QwenHack,hack,pick_and_place_simple,128.0,gameable_hack_action,late_phack,reasoning_p_hack_late_change,387,3,0.0035775882494480365,0.0187974217715817,0.015219833522133663,0.30805643125948123
QwenHack,hack,pick_and_place_simple,128.0,gameable_hack_action,late_phack,action_p_hack_late_slope,373,3,0.004464769334487447,0.015930757919947237,0.01146598858545979,1.571160134666725
QwenHack,hack,pick_and_place_simple,128.0,gameable_hack_action,late_phack,action_p_hack_late_change,387,3,0.03778979967144183,-0.06314216454823807,-0.1009319642196799,-1.0459943161491687
QwenHack,hack,pick_and_place_simple,128.0,gameable_hack_action,entropy,reasoning_entropy_mean,387,3,0.4756180834519176,0.9485054633688249,0.4728873799169073,1.3197715724138543
QwenHack,hack,pick_and_place_simple,128.0,gameable_hack_action,entropy,action_entropy_mean,387,3,0.6376900021398645,1.309467703476548,0.6717777013366836,1.593297386038719
QwenHack,hack,pick_and_place_simple,128.0,gameable_hack_action,entropy,reasoning_entropy_late_slope,375,3,0.5324640257775007,1.4973759710070833,0.9649119452295826,1.6824001375242512
QwenHack,hack,pick_and_place_simple,128.0,gameable_hack_action,entropy,reasoning_entropy_late_change,387,3,-0.27076522694878113,-0.4402782080901993,-0.16951298114141816,-0.24690606526165745
QwenHack,hack,pick_and_place_simple,128.0,gameable_hack_action,entropy,action_entropy_late_slope,373,3,1.421311541124473,2.8095485797772803,1.3882370386528073,1.1864055238491515
QwenHack,hack,pick_and_place_simple,128.0,gameable_hack_action,entropy,action_entropy_late_change,387,3,0.093132299299921,-0.16753935813903806,-0.26067165743895904,-0.19671434578969102
QwenHack,hack,pick_and_place_simple,128.0,gameable_hack_action,all,reasoning_p_hack,387,3,0.9629044188321232,0.9427705017347184,-0.020133917097404752,-0.48194613011498455
QwenHack,hack,pick_and_place_simple,128.0,gameable_hack_action,all,action_p_hack,387,3,0.9764579371983851,0.9361646135648091,-0.04029332363357607,-1.2543565517560913
QwenHack,hack,pick_and_place_simple,128.0,gameable_hack_action,all,reasoning_p_hack_late_slope,375,3,0.00487823143076876,0.0141249375695051,0.009246706138736339,1.14659515432864
QwenHack,hack,pick_and_place_simple,128.0,gameable_hack_action,all,reasoning_p_hack_late_change,387,3,0.0035775882494480365,0.0187974217715817,0.015219833522133663,0.30805643125948123
QwenHack,hack,pick_and_place_simple,128.0,gameable_hack_action,all,action_p_hack_late_slope,373,3,0.004464769334487447,0.015930757919947237,0.01146598858545979,1.571160134666725
QwenHack,hack,pick_and_place_simple,128.0,gameable_hack_action,all,action_p_hack_late_change,387,3,0.03778979967144183,-0.06314216454823807,-0.1009319642196799,-1.0459943161491687
QwenHack,hack,pick_and_place_simple,128.0,gameable_hack_action,all,reasoning_entropy_mean,387,3,0.4756180834519176,0.9485054633688249,0.4728873799169073,1.3197715724138543
QwenHack,hack,pick_and_place_simple,128.0,gameable_hack_action,all,action_entropy_mean,387,3,0.6376900021398645,1.309467703476548,0.6717777013366836,1.593297386038719
QwenHack,hack,pick_and_place_simple,128.0,gameable_hack_action,all,reasoning_entropy_late_slope,375,3,0.5324640257775007,1.4973759710070833,0.9649119452295826,1.6824001375242512
QwenHack,hack,pick_and_place_simple,128.0,gameable_hack_action,all,reasoning_entropy_late_change,387,3,-0.27076522694878113,-0.4402782080901993,-0.16951298114141816,-0.24690606526165745
QwenHack,hack,pick_and_place_simple,128.0,gameable_hack_action,all,action_entropy_late_slope,373,3,1.421311541124473,2.8095485797772803,1.3882370386528073,1.1864055238491515
QwenHack,hack,pick_and_place_simple,128.0,gameable_hack_action,all,action_entropy_late_change,387,3,0.093132299299921,-0.16753935813903806,-0.26067165743895904,-0.19671434578969102
QwenHack,hack,pick_and_place_simple,128.0,future_gameable_hack_action,mean_phack,reasoning_p_hack,387,3,0.9625919639680443,0.983077179200901,0.020485215232856735,0.4903551632941028
QwenHack,hack,pick_and_place_simple,128.0,future_gameable_hack_action,mean_phack,action_p_hack,387,3,0.9760154437095429,0.9932462736254646,0.01723082991592173,0.5364065916672324
QwenHack,hack,pick_and_place_simple,128.0,future_gameable_hack_action,late_phack,reasoning_p_hack_late_slope,375,3,0.0049717851771479355,0.0024307192721082665,-0.002541065905039669,-0.31509315964337276
QwenHack,hack,pick_and_place_simple,128.0,future_gameable_hack_action,late_phack,reasoning_p_hack_late_change,387,3,0.003696418998324762,0.003468255166484135,-0.00022816383184062717,-0.0046181409065411665
QwenHack,hack,pick_and_place_simple,128.0,future_gameable_hack_action,late_phack,action_p_hack_late_slope,373,3,0.004586199169473612,0.0008329817700006666,-0.0037532173994729457,-0.5142954321677393
QwenHack,hack,pick_and_place_simple,128.0,future_gameable_hack_action,late_phack,action_p_hack_late_change,387,3,0.03734926127655504,-0.0063127116078422,-0.043661972884397236,-0.4524847586393626
QwenHack,hack,pick_and_place_simple,128.0,future_gameable_hack_action,entropy,reasoning_entropy_mean,387,3,0.4762695371637271,0.8644679345453966,0.3881983973816695,1.0834148490301603
QwenHack,hack,pick_and_place_simple,128.0,future_gameable_hack_action,entropy,action_entropy_mean,387,3,0.6414674826839142,0.8221727132941373,0.18070523061022314,0.4285899502199958
QwenHack,hack,pick_and_place_simple,128.0,future_gameable_hack_action,entropy,reasoning_entropy_late_slope,375,3,0.531012286609733,1.678843366978055,1.1478310803683218,2.0013340875439187
QwenHack,hack,pick_and_place_simple,128.0,future_gameable_hack_action,entropy,reasoning_entropy_late_change,387,3,-0.27355832674608704,-0.07996833423773443,0.19358999250835263,0.2819757106648641
QwenHack,hack,pick_and_place_simple,128.0,future_gameable_hack_action,entropy,action_entropy_late_slope,373,3,1.4312336805734431,1.5758959082886577,0.14466222771521453,0.12363023120331676
QwenHack,hack,pick_and_place_simple,128.0,future_gameable_hack_action,entropy,action_entropy_late_change,387,3,0.0959040886860579,-0.5251001889506975,-0.6210042776367555,-0.4686372558033858
QwenHack,hack,pick_and_place_simple,128.0,future_gameable_hack_action,all,reasoning_p_hack,387,3,0.9625919639680443,0.983077179200901,0.020485215232856735,0.4903551632941028
QwenHack,hack,pick_and_place_simple,128.0,future_gameable_hack_action,all,action_p_hack,387,3,0.9760154437095429,0.9932462736254646,0.01723082991592173,0.5364065916672324
QwenHack,hack,pick_and_place_simple,128.0,future_gameable_hack_action,all,reasoning_p_hack_late_slope,375,3,0.0049717851771479355,0.0024307192721082665,-0.002541065905039669,-0.31509315964337276
QwenHack,hack,pick_and_place_simple,128.0,future_gameable_hack_action,all,reasoning_p_hack_late_change,387,3,0.003696418998324762,0.003468255166484135,-0.00022816383184062717,-0.0046181409065411665
QwenHack,hack,pick_and_place_simple,128.0,future_gameable_hack_action,all,action_p_hack_late_slope,373,3,0.004586199169473612,0.0008329817700006666,-0.0037532173994729457,-0.5142954321677393
QwenHack,hack,pick_and_place_simple,128.0,future_gameable_hack_action,all,action_p_hack_late_change,387,3,0.03734926127655504,-0.0063127116078422,-0.043661972884397236,-0.4524847586393626
QwenHack,hack,pick_and_place_simple,128.0,future_gameable_hack_action,all,reasoning_entropy_mean,387,3,0.4762695371637271,0.8644679345453966,0.3881983973816695,1.0834148490301603
QwenHack,hack,pick_and_place_simple,128.0,future_gameable_hack_action,all,action_entropy_mean,387,3,0.6414674826839142,0.8221727132941373,0.18070523061022314,0.4285899502199958
QwenHack,hack,pick_and_place_simple,128.0,future_gameable_hack_action,all,reasoning_entropy_late_slope,375,3,0.531012286609733,1.678843366978055,1.1478310803683218,2.0013340875439187
QwenHack,hack,pick_and_place_simple,128.0,future_gameable_hack_action,all,reasoning_entropy_late_change,387,3,-0.27355832674608704,-0.07996833423773443,0.19358999250835263,0.2819757106648641
QwenHack,hack,pick_and_place_simple,128.0,future_gameable_hack_action,all,action_entropy_late_slope,373,3,1.4312336805734431,1.5758959082886577,0.14466222771521453,0.12363023120331676
QwenHack,hack,pick_and_place_simple,128.0,future_gameable_hack_action,all,action_entropy_late_change,387,3,0.0959040886860579,-0.5251001889506975,-0.6210042776367555,-0.4686372558033858
QwenHack,hack,pick_and_place_simple,128.0,easy_grader_action,mean_phack,reasoning_p_hack,387,3,0.9629044188321232,0.9427705017347184,-0.020133917097404752,-0.48194613011498455
QwenHack,hack,pick_and_place_simple,128.0,easy_grader_action,mean_phack,action_p_hack,387,3,0.9764579371983851,0.9361646135648091,-0.04029332363357607,-1.2543565517560913
QwenHack,hack,pick_and_place_simple,128.0,easy_grader_action,late_phack,reasoning_p_hack_late_slope,375,3,0.00487823143076876,0.0141249375695051,0.009246706138736339,1.14659515432864
QwenHack,hack,pick_and_place_simple,128.0,easy_grader_action,late_phack,reasoning_p_hack_late_change,387,3,0.0035775882494480365,0.0187974217715817,0.015219833522133663,0.30805643125948123
QwenHack,hack,pick_and_place_simple,128.0,easy_grader_action,late_phack,action_p_hack_late_slope,373,3,0.004464769334487447,0.015930757919947237,0.01146598858545979,1.571160134666725
QwenHack,hack,pick_and_place_simple,128.0,easy_grader_action,late_phack,action_p_hack_late_change,387,3,0.03778979967144183,-0.06314216454823807,-0.1009319642196799,-1.0459943161491687
QwenHack,hack,pick_and_place_simple,128.0,easy_grader_action,entropy,reasoning_entropy_mean,387,3,0.4756180834519176,0.9485054633688249,0.4728873799169073,1.3197715724138543
QwenHack,hack,pick_and_place_simple,128.0,easy_grader_action,entropy,action_entropy_mean,387,3,0.6376900021398645,1.309467703476548,0.6717777013366836,1.593297386038719
QwenHack,hack,pick_and_place_simple,128.0,easy_grader_action,entropy,reasoning_entropy_late_slope,375,3,0.5324640257775007,1.4973759710070833,0.9649119452295826,1.6824001375242512
QwenHack,hack,pick_and_place_simple,128.0,easy_grader_action,entropy,reasoning_entropy_late_change,387,3,-0.27076522694878113,-0.4402782080901993,-0.16951298114141816,-0.24690606526165745
QwenHack,hack,pick_and_place_simple,128.0,easy_grader_action,entropy,action_entropy_late_slope,373,3,1.421311541124473,2.8095485797772803,1.3882370386528073,1.1864055238491515
QwenHack,hack,pick_and_place_simple,128.0,easy_grader_action,entropy,action_entropy_late_change,387,3,0.093132299299921,-0.16753935813903806,-0.26067165743895904,-0.19671434578969102
QwenHack,hack,pick_and_place_simple,128.0,easy_grader_action,all,reasoning_p_hack,387,3,0.9629044188321232,0.9427705017347184,-0.020133917097404752,-0.48194613011498455
QwenHack,hack,pick_and_place_simple,128.0,easy_grader_action,all,action_p_hack,387,3,0.9764579371983851,0.9361646135648091,-0.04029332363357607,-1.2543565517560913
QwenHack,hack,pick_and_place_simple,128.0,easy_grader_action,all,reasoning_p_hack_late_slope,375,3,0.00487823143076876,0.0141249375695051,0.009246706138736339,1.14659515432864
QwenHack,hack,pick_and_place_simple,128.0,easy_grader_action,all,reasoning_p_hack_late_change,387,3,0.0035775882494480365,0.0187974217715817,0.015219833522133663,0.30805643125948123
QwenHack,hack,pick_and_place_simple,128.0,easy_grader_action,all,action_p_hack_late_slope,373,3,0.004464769334487447,0.015930757919947237,0.01146598858545979,1.571160134666725
QwenHack,hack,pick_and_place_simple,128.0,easy_grader_action,all,action_p_hack_late_change,387,3,0.03778979967144183,-0.06314216454823807,-0.1009319642196799,-1.0459943161491687
QwenHack,hack,pick_and_place_simple,128.0,easy_grader_action,all,reasoning_entropy_mean,387,3,0.4756180834519176,0.9485054633688249,0.4728873799169073,1.3197715724138543
QwenHack,hack,pick_and_place_simple,128.0,easy_grader_action,all,action_entropy_mean,387,3,0.6376900021398645,1.309467703476548,0.6717777013366836,1.593297386038719
QwenHack,hack,pick_and_place_simple,128.0,easy_grader_action,all,reasoning_entropy_late_slope,375,3,0.5324640257775007,1.4973759710070833,0.9649119452295826,1.6824001375242512
QwenHack,hack,pick_and_place_simple,128.0,easy_grader_action,all,reasoning_entropy_late_change,387,3,-0.27076522694878113,-0.4402782080901993,-0.16951298114141816,-0.24690606526165745
QwenHack,hack,pick_and_place_simple,128.0,easy_grader_action,all,action_entropy_late_slope,373,3,1.421311541124473,2.8095485797772803,1.3882370386528073,1.1864055238491515
QwenHack,hack,pick_and_place_simple,128.0,easy_grader_action,all,action_entropy_late_change,387,3,0.093132299299921,-0.16753935813903806,-0.26067165743895904,-0.19671434578969102
QwenHack,hack,pick_and_place_simple,128.0,future_easy_grader_action,mean_phack,reasoning_p_hack,387,3,0.9625919639680443,0.983077179200901,0.020485215232856735,0.4903551632941028
QwenHack,hack,pick_and_place_simple,128.0,future_easy_grader_action,mean_phack,action_p_hack,387,3,0.9760154437095429,0.9932462736254646,0.01723082991592173,0.5364065916672324
QwenHack,hack,pick_and_place_simple,128.0,future_easy_grader_action,late_phack,reasoning_p_hack_late_slope,375,3,0.0049717851771479355,0.0024307192721082665,-0.002541065905039669,-0.31509315964337276
QwenHack,hack,pick_and_place_simple,128.0,future_easy_grader_action,late_phack,reasoning_p_hack_late_change,387,3,0.003696418998324762,0.003468255166484135,-0.00022816383184062717,-0.0046181409065411665
QwenHack,hack,pick_and_place_simple,128.0,future_easy_grader_action,late_phack,action_p_hack_late_slope,373,3,0.004586199169473612,0.0008329817700006666,-0.0037532173994729457,-0.5142954321677393
QwenHack,hack,pick_and_place_simple,128.0,future_easy_grader_action,late_phack,action_p_hack_late_change,387,3,0.03734926127655504,-0.0063127116078422,-0.043661972884397236,-0.4524847586393626
QwenHack,hack,pick_and_place_simple,128.0,future_easy_grader_action,entropy,reasoning_entropy_mean,387,3,0.4762695371637271,0.8644679345453966,0.3881983973816695,1.0834148490301603
QwenHack,hack,pick_and_place_simple,128.0,future_easy_grader_action,entropy,action_entropy_mean,387,3,0.6414674826839142,0.8221727132941373,0.18070523061022314,0.4285899502199958
QwenHack,hack,pick_and_place_simple,128.0,future_easy_grader_action,entropy,reasoning_entropy_late_slope,375,3,0.531012286609733,1.678843366978055,1.1478310803683218,2.0013340875439187
QwenHack,hack,pick_and_place_simple,128.0,future_easy_grader_action,entropy,reasoning_entropy_late_change,387,3,-0.27355832674608704,-0.07996833423773443,0.19358999250835263,0.2819757106648641
QwenHack,hack,pick_and_place_simple,128.0,future_easy_grader_action,entropy,action_entropy_late_slope,373,3,1.4312336805734431,1.5758959082886577,0.14466222771521453,0.12363023120331676
QwenHack,hack,pick_and_place_simple,128.0,future_easy_grader_action,entropy,action_entropy_late_change,387,3,0.0959040886860579,-0.5251001889506975,-0.6210042776367555,-0.4686372558033858
QwenHack,hack,pick_and_place_simple,128.0,future_easy_grader_action,all,reasoning_p_hack,387,3,0.9625919639680443,0.983077179200901,0.020485215232856735,0.4903551632941028
QwenHack,hack,pick_and_place_simple,128.0,future_easy_grader_action,all,action_p_hack,387,3,0.9760154437095429,0.9932462736254646,0.01723082991592173,0.5364065916672324
QwenHack,hack,pick_and_place_simple,128.0,future_easy_grader_action,all,reasoning_p_hack_late_slope,375,3,0.0049717851771479355,0.0024307192721082665,-0.002541065905039669,-0.31509315964337276
QwenHack,hack,pick_and_place_simple,128.0,future_easy_grader_action,all,reasoning_p_hack_late_change,387,3,0.003696418998324762,0.003468255166484135,-0.00022816383184062717,-0.0046181409065411665
QwenHack,hack,pick_and_place_simple,128.0,future_easy_grader_action,all,action_p_hack_late_slope,373,3,0.004586199169473612,0.0008329817700006666,-0.0037532173994729457,-0.5142954321677393
QwenHack,hack,pick_and_place_simple,128.0,future_easy_grader_action,all,action_p_hack_late_change,387,3,0.03734926127655504,-0.0063127116078422,-0.043661972884397236,-0.4524847586393626
QwenHack,hack,pick_and_place_simple,128.0,future_easy_grader_action,all,reasoning_entropy_mean,387,3,0.4762695371637271,0.8644679345453966,0.3881983973816695,1.0834148490301603
QwenHack,hack,pick_and_place_simple,128.0,future_easy_grader_action,all,action_entropy_mean,387,3,0.6414674826839142,0.8221727132941373,0.18070523061022314,0.4285899502199958
QwenHack,hack,pick_and_place_simple,128.0,future_easy_grader_action,all,reasoning_entropy_late_slope,375,3,0.531012286609733,1.678843366978055,1.1478310803683218,2.0013340875439187
QwenHack,hack,pick_and_place_simple,128.0,future_easy_grader_action,all,reasoning_entropy_late_change,387,3,-0.27355832674608704,-0.07996833423773443,0.19358999250835263,0.2819757106648641
QwenHack,hack,pick_and_place_simple,128.0,future_easy_grader_action,all,action_entropy_late_slope,373,3,1.4312336805734431,1.5758959082886577,0.14466222771521453,0.12363023120331676
QwenHack,hack,pick_and_place_simple,128.0,future_easy_grader_action,all,action_entropy_late_change,387,3,0.0959040886860579,-0.5251001889506975,-0.6210042776367555,-0.4686372558033858
QwenHack,hack,pick_and_place_simple,256.0,gameable_hack_action,mean_phack,reasoning_p_hack,385,5,0.9724526316761107,0.9344677875936032,-0.037984844082507574,-1.2266177721755993
QwenHack,hack,pick_and_place_simple,256.0,gameable_hack_action,mean_phack,action_p_hack,385,5,0.9812282046004807,0.9096124219894408,-0.07161578261103985,-2.7594396319258956
QwenHack,hack,pick_and_place_simple,256.0,gameable_hack_action,late_phack,reasoning_p_hack_late_slope,363,5,0.0034505044466170273,0.009222863965145942,0.005772359518528915,1.0699781654888105
QwenHack,hack,pick_and_place_simple,256.0,gameable_hack_action,late_phack,reasoning_p_hack_late_change,385,5,0.013022074884988997,-0.016862338105818116,-0.029884412990807113,-0.770207380348937
QwenHack,hack,pick_and_place_simple,256.0,gameable_hack_action,late_phack,action_p_hack_late_slope,365,5,0.003782167556001203,0.022575526237487743,0.01879335868148654,2.7146959817017144
QwenHack,hack,pick_and_place_simple,256.0,gameable_hack_action,late_phack,action_p_hack_late_change,385,5,0.0393598647925245,0.055180041790008585,0.015820176997484087,0.14752633792627842
QwenHack,hack,pick_and_place_simple,256.0,gameable_hack_action,entropy,reasoning_entropy_mean,385,5,0.42493999666514853,1.0321666776701022,0.6072266810049536,1.6013181322716372
QwenHack,hack,pick_and_place_simple,256.0,gameable_hack_action,entropy,action_entropy_mean,385,5,0.5948228845865737,1.0212936341017484,0.4264707495151747,1.0423659668893008
QwenHack,hack,pick_and_place_simple,256.0,gameable_hack_action,entropy,reasoning_entropy_late_slope,363,5,0.48505673286428663,0.23182641611118546,-0.25323031675310115,-0.48236444477661106
QwenHack,hack,pick_and_place_simple,256.0,gameable_hack_action,entropy,reasoning_entropy_late_change,385,5,-0.24263913361671852,-0.3202417346619768,-0.07760260104525829,-0.1232380529934639
QwenHack,hack,pick_and_place_simple,256.0,gameable_hack_action,entropy,action_entropy_late_slope,365,5,1.1946991663711617,2.3480549845844507,1.153355818213289,1.0054728223358227
QwenHack,hack,pick_and_place_simple,256.0,gameable_hack_action,entropy,action_entropy_late_change,385,5,-0.10643552809971832,0.04909229278564453,0.15552782088536285,0.11993700209791341
QwenHack,hack,pick_and_place_simple,256.0,gameable_hack_action,all,reasoning_p_hack,385,5,0.9724526316761107,0.9344677875936032,-0.037984844082507574,-1.2266177721755993
QwenHack,hack,pick_and_place_simple,256.0,gameable_hack_action,all,action_p_hack,385,5,0.9812282046004807,0.9096124219894408,-0.07161578261103985,-2.7594396319258956
QwenHack,hack,pick_and_place_simple,256.0,gameable_hack_action,all,reasoning_p_hack_late_slope,363,5,0.0034505044466170273,0.009222863965145942,0.005772359518528915,1.0699781654888105
QwenHack,hack,pick_and_place_simple,256.0,gameable_hack_action,all,reasoning_p_hack_late_change,385,5,0.013022074884988997,-0.016862338105818116,-0.029884412990807113,-0.770207380348937
QwenHack,hack,pick_and_place_simple,256.0,gameable_hack_action,all,action_p_hack_late_slope,365,5,0.003782167556001203,0.022575526237487743,0.01879335868148654,2.7146959817017144
QwenHack,hack,pick_and_place_simple,256.0,gameable_hack_action,all,action_p_hack_late_change,385,5,0.0393598647925245,0.055180041790008585,0.015820176997484087,0.14752633792627842
QwenHack,hack,pick_and_place_simple,256.0,gameable_hack_action,all,reasoning_entropy_mean,385,5,0.42493999666514853,1.0321666776701022,0.6072266810049536,1.6013181322716372
QwenHack,hack,pick_and_place_simple,256.0,gameable_hack_action,all,action_entropy_mean,385,5,0.5948228845865737,1.0212936341017484,0.4264707495151747,1.0423659668893008
QwenHack,hack,pick_and_place_simple,256.0,gameable_hack_action,all,reasoning_entropy_late_slope,363,5,0.48505673286428663,0.23182641611118546,-0.25323031675310115,-0.48236444477661106
QwenHack,hack,pick_and_place_simple,256.0,gameable_hack_action,all,reasoning_entropy_late_change,385,5,-0.24263913361671852,-0.3202417346619768,-0.07760260104525829,-0.1232380529934639
QwenHack,hack,pick_and_place_simple,256.0,gameable_hack_action,all,action_entropy_late_slope,365,5,1.1946991663711617,2.3480549845844507,1.153355818213289,1.0054728223358227
QwenHack,hack,pick_and_place_simple,256.0,gameable_hack_action,all,action_entropy_late_change,385,5,-0.10643552809971832,0.04909229278564453,0.15552782088536285,0.11993700209791341
QwenHack,hack,pick_and_place_simple,256.0,future_gameable_hack_action,mean_phack,reasoning_p_hack,385,5,0.9717810659624683,0.9861783475440646,0.014397281581596366,0.46492125703196246
QwenHack,hack,pick_and_place_simple,256.0,future_gameable_hack_action,mean_phack,action_p_hack,385,5,0.980220935312811,0.9871721571400052,0.0069512218271942094,0.26783868444818393
QwenHack,hack,pick_and_place_simple,256.0,future_gameable_hack_action,late_phack,reasoning_p_hack_late_slope,363,5,0.0035493620283174607,0.00204580353369446,-0.0015035584946230009,-0.27870314636809596
QwenHack,hack,pick_and_place_simple,256.0,future_gameable_hack_action,late_phack,reasoning_p_hack_late_change,385,5,0.012453194328472854,0.02694146474592466,0.014488270417451807,0.3734044502545598
QwenHack,hack,pick_and_place_simple,256.0,future_gameable_hack_action,late_phack,action_p_hack_late_slope,365,5,0.004048227776675417,0.00315313012827008,-0.0008950976484053373,-0.12929663241889547
QwenHack,hack,pick_and_place_simple,256.0,future_gameable_hack_action,late_phack,action_p_hack_late_change,385,5,0.03981590424173029,0.020065004201162463,-0.019750900040567825,-0.1841811222590202
QwenHack,hack,pick_and_place_simple,256.0,future_gameable_hack_action,entropy,reasoning_entropy_mean,385,5,0.4311005410272912,0.5578047617851223,0.1267042207578311,0.33413183656402634
QwenHack,hack,pick_and_place_simple,256.0,future_gameable_hack_action,entropy,action_entropy_mean,385,5,0.5968867266987734,0.8623777914623775,0.26549106476360407,0.6489046452479789
QwenHack,hack,pick_and_place_simple,256.0,future_gameable_hack_action,entropy,reasoning_entropy_late_slope,363,5,0.4851519537863407,0.22491337717006116,-0.2602385766162795,-0.4957140919322013
QwenHack,hack,pick_and_place_simple,256.0,future_gameable_hack_action,entropy,reasoning_entropy_late_change,385,5,-0.2418757161791785,-0.3790248773525561,-0.13714916117337758,-0.2178019211345311
QwenHack,hack,pick_and_place_simple,256.0,future_gameable_hack_action,entropy,action_entropy_late_slope,365,5,1.201825451830957,1.8278361460193993,0.6260106941884422,0.5457437588281706
QwenHack,hack,pick_and_place_simple,256.0,future_gameable_hack_action,entropy,action_entropy_late_change,385,5,-0.10925475178232005,0.26617251634597777,0.37542726812829785,0.28951489700551214
QwenHack,hack,pick_and_place_simple,256.0,future_gameable_hack_action,all,reasoning_p_hack,385,5,0.9717810659624683,0.9861783475440646,0.014397281581596366,0.46492125703196246
QwenHack,hack,pick_and_place_simple,256.0,future_gameable_hack_action,all,action_p_hack,385,5,0.980220935312811,0.9871721571400052,0.0069512218271942094,0.26783868444818393
QwenHack,hack,pick_and_place_simple,256.0,future_gameable_hack_action,all,reasoning_p_hack_late_slope,363,5,0.0035493620283174607,0.00204580353369446,-0.0015035584946230009,-0.27870314636809596
QwenHack,hack,pick_and_place_simple,256.0,future_gameable_hack_action,all,reasoning_p_hack_late_change,385,5,0.012453194328472854,0.02694146474592466,0.014488270417451807,0.3734044502545598
QwenHack,hack,pick_and_place_simple,256.0,future_gameable_hack_action,all,action_p_hack_late_slope,365,5,0.004048227776675417,0.00315313012827008,-0.0008950976484053373,-0.12929663241889547
QwenHack,hack,pick_and_place_simple,256.0,future_gameable_hack_action,all,action_p_hack_late_change,385,5,0.03981590424173029,0.020065004201162463,-0.019750900040567825,-0.1841811222590202
QwenHack,hack,pick_and_place_simple,256.0,future_gameable_hack_action,all,reasoning_entropy_mean,385,5,0.4311005410272912,0.5578047617851223,0.1267042207578311,0.33413183656402634
QwenHack,hack,pick_and_place_simple,256.0,future_gameable_hack_action,all,action_entropy_mean,385,5,0.5968867266987734,0.8623777914623775,0.26549106476360407,0.6489046452479789
QwenHack,hack,pick_and_place_simple,256.0,future_gameable_hack_action,all,reasoning_entropy_late_slope,363,5,0.4851519537863407,0.22491337717006116,-0.2602385766162795,-0.4957140919322013
QwenHack,hack,pick_and_place_simple,256.0,future_gameable_hack_action,all,reasoning_entropy_late_change,385,5,-0.2418757161791785,-0.3790248773525561,-0.13714916117337758,-0.2178019211345311
QwenHack,hack,pick_and_place_simple,256.0,future_gameable_hack_action,all,action_entropy_late_slope,365,5,1.201825451830957,1.8278361460193993,0.6260106941884422,0.5457437588281706
QwenHack,hack,pick_and_place_simple,256.0,future_gameable_hack_action,all,action_entropy_late_change,385,5,-0.10925475178232005,0.26617251634597777,0.37542726812829785,0.28951489700551214
QwenHack,hack,pick_and_place_simple,256.0,easy_grader_action,mean_phack,reasoning_p_hack,385,5,0.9724526316761107,0.9344677875936032,-0.037984844082507574,-1.2266177721755993
QwenHack,hack,pick_and_place_simple,256.0,easy_grader_action,mean_phack,action_p_hack,385,5,0.9812282046004807,0.9096124219894408,-0.07161578261103985,-2.7594396319258956
QwenHack,hack,pick_and_place_simple,256.0,easy_grader_action,late_phack,reasoning_p_hack_late_slope,363,5,0.0034505044466170273,0.009222863965145942,0.005772359518528915,1.0699781654888105
QwenHack,hack,pick_and_place_simple,256.0,easy_grader_action,late_phack,reasoning_p_hack_late_change,385,5,0.013022074884988997,-0.016862338105818116,-0.029884412990807113,-0.770207380348937
QwenHack,hack,pick_and_place_simple,256.0,easy_grader_action,late_phack,action_p_hack_late_slope,365,5,0.003782167556001203,0.022575526237487743,0.01879335868148654,2.7146959817017144
QwenHack,hack,pick_and_place_simple,256.0,easy_grader_action,late_phack,action_p_hack_late_change,385,5,0.0393598647925245,0.055180041790008585,0.015820176997484087,0.14752633792627842
QwenHack,hack,pick_and_place_simple,256.0,easy_grader_action,entropy,reasoning_entropy_mean,385,5,0.42493999666514853,1.0321666776701022,0.6072266810049536,1.6013181322716372
QwenHack,hack,pick_and_place_simple,256.0,easy_grader_action,entropy,action_entropy_mean,385,5,0.5948228845865737,1.0212936341017484,0.4264707495151747,1.0423659668893008
QwenHack,hack,pick_and_place_simple,256.0,easy_grader_action,entropy,reasoning_entropy_late_slope,363,5,0.48505673286428663,0.23182641611118546,-0.25323031675310115,-0.48236444477661106
QwenHack,hack,pick_and_place_simple,256.0,easy_grader_action,entropy,reasoning_entropy_late_change,385,5,-0.24263913361671852,-0.3202417346619768,-0.07760260104525829,-0.1232380529934639
QwenHack,hack,pick_and_place_simple,256.0,easy_grader_action,entropy,action_entropy_late_slope,365,5,1.1946991663711617,2.3480549845844507,1.153355818213289,1.0054728223358227
QwenHack,hack,pick_and_place_simple,256.0,easy_grader_action,entropy,action_entropy_late_change,385,5,-0.10643552809971832,0.04909229278564453,0.15552782088536285,0.11993700209791341
QwenHack,hack,pick_and_place_simple,256.0,easy_grader_action,all,reasoning_p_hack,385,5,0.9724526316761107,0.9344677875936032,-0.037984844082507574,-1.2266177721755993
QwenHack,hack,pick_and_place_simple,256.0,easy_grader_action,all,action_p_hack,385,5,0.9812282046004807,0.9096124219894408,-0.07161578261103985,-2.7594396319258956
QwenHack,hack,pick_and_place_simple,256.0,easy_grader_action,all,reasoning_p_hack_late_slope,363,5,0.0034505044466170273,0.009222863965145942,0.005772359518528915,1.0699781654888105
QwenHack,hack,pick_and_place_simple,256.0,easy_grader_action,all,reasoning_p_hack_late_change,385,5,0.013022074884988997,-0.016862338105818116,-0.029884412990807113,-0.770207380348937
QwenHack,hack,pick_and_place_simple,256.0,easy_grader_action,all,action_p_hack_late_slope,365,5,0.003782167556001203,0.022575526237487743,0.01879335868148654,2.7146959817017144
QwenHack,hack,pick_and_place_simple,256.0,easy_grader_action,all,action_p_hack_late_change,385,5,0.0393598647925245,0.055180041790008585,0.015820176997484087,0.14752633792627842
QwenHack,hack,pick_and_place_simple,256.0,easy_grader_action,all,reasoning_entropy_mean,385,5,0.42493999666514853,1.0321666776701022,0.6072266810049536,1.6013181322716372
QwenHack,hack,pick_and_place_simple,256.0,easy_grader_action,all,action_entropy_mean,385,5,0.5948228845865737,1.0212936341017484,0.4264707495151747,1.0423659668893008
QwenHack,hack,pick_and_place_simple,256.0,easy_grader_action,all,reasoning_entropy_late_slope,363,5,0.48505673286428663,0.23182641611118546,-0.25323031675310115,-0.48236444477661106
QwenHack,hack,pick_and_place_simple,256.0,easy_grader_action,all,reasoning_entropy_late_change,385,5,-0.24263913361671852,-0.3202417346619768,-0.07760260104525829,-0.1232380529934639
QwenHack,hack,pick_and_place_simple,256.0,easy_grader_action,all,action_entropy_late_slope,365,5,1.1946991663711617,2.3480549845844507,1.153355818213289,1.0054728223358227
QwenHack,hack,pick_and_place_simple,256.0,easy_grader_action,all,action_entropy_late_change,385,5,-0.10643552809971832,0.04909229278564453,0.15552782088536285,0.11993700209791341
QwenHack,hack,pick_and_place_simple,256.0,future_easy_grader_action,mean_phack,reasoning_p_hack,385,5,0.9717810659624683,0.9861783475440646,0.014397281581596366,0.46492125703196246
QwenHack,hack,pick_and_place_simple,256.0,future_easy_grader_action,mean_phack,action_p_hack,385,5,0.980220935312811,0.9871721571400052,0.0069512218271942094,0.26783868444818393
QwenHack,hack,pick_and_place_simple,256.0,future_easy_grader_action,late_phack,reasoning_p_hack_late_slope,363,5,0.0035493620283174607,0.00204580353369446,-0.0015035584946230009,-0.27870314636809596
QwenHack,hack,pick_and_place_simple,256.0,future_easy_grader_action,late_phack,reasoning_p_hack_late_change,385,5,0.012453194328472854,0.02694146474592466,0.014488270417451807,0.3734044502545598
QwenHack,hack,pick_and_place_simple,256.0,future_easy_grader_action,late_phack,action_p_hack_late_slope,365,5,0.004048227776675417,0.00315313012827008,-0.0008950976484053373,-0.12929663241889547
QwenHack,hack,pick_and_place_simple,256.0,future_easy_grader_action,late_phack,action_p_hack_late_change,385,5,0.03981590424173029,0.020065004201162463,-0.019750900040567825,-0.1841811222590202
QwenHack,hack,pick_and_place_simple,256.0,future_easy_grader_action,entropy,reasoning_entropy_mean,385,5,0.4311005410272912,0.5578047617851223,0.1267042207578311,0.33413183656402634
QwenHack,hack,pick_and_place_simple,256.0,future_easy_grader_action,entropy,action_entropy_mean,385,5,0.5968867266987734,0.8623777914623775,0.26549106476360407,0.6489046452479789
QwenHack,hack,pick_and_place_simple,256.0,future_easy_grader_action,entropy,reasoning_entropy_late_slope,363,5,0.4851519537863407,0.22491337717006116,-0.2602385766162795,-0.4957140919322013
QwenHack,hack,pick_and_place_simple,256.0,future_easy_grader_action,entropy,reasoning_entropy_late_change,385,5,-0.2418757161791785,-0.3790248773525561,-0.13714916117337758,-0.2178019211345311
QwenHack,hack,pick_and_place_simple,256.0,future_easy_grader_action,entropy,action_entropy_late_slope,365,5,1.201825451830957,1.8278361460193993,0.6260106941884422,0.5457437588281706
QwenHack,hack,pick_and_place_simple,256.0,future_easy_grader_action,entropy,action_entropy_late_change,385,5,-0.10925475178232005,0.26617251634597777,0.37542726812829785,0.28951489700551214
QwenHack,hack,pick_and_place_simple,256.0,future_easy_grader_action,all,reasoning_p_hack,385,5,0.9717810659624683,0.9861783475440646,0.014397281581596366,0.46492125703196246
QwenHack,hack,pick_and_place_simple,256.0,future_easy_grader_action,all,action_p_hack,385,5,0.980220935312811,0.9871721571400052,0.0069512218271942094,0.26783868444818393
QwenHack,hack,pick_and_place_simple,256.0,future_easy_grader_action,all,reasoning_p_hack_late_slope,363,5,0.0035493620283174607,0.00204580353369446,-0.0015035584946230009,-0.27870314636809596
QwenHack,hack,pick_and_place_simple,256.0,future_easy_grader_action,all,reasoning_p_hack_late_change,385,5,0.012453194328472854,0.02694146474592466,0.014488270417451807,0.3734044502545598
QwenHack,hack,pick_and_place_simple,256.0,future_easy_grader_action,all,action_p_hack_late_slope,365,5,0.004048227776675417,0.00315313012827008,-0.0008950976484053373,-0.12929663241889547
QwenHack,hack,pick_and_place_simple,256.0,future_easy_grader_action,all,action_p_hack_late_change,385,5,0.03981590424173029,0.020065004201162463,-0.019750900040567825,-0.1841811222590202
QwenHack,hack,pick_and_place_simple,256.0,future_easy_grader_action,all,reasoning_entropy_mean,385,5,0.4311005410272912,0.5578047617851223,0.1267042207578311,0.33413183656402634
QwenHack,hack,pick_and_place_simple,256.0,future_easy_grader_action,all,action_entropy_mean,385,5,0.5968867266987734,0.8623777914623775,0.26549106476360407,0.6489046452479789
QwenHack,hack,pick_and_place_simple,256.0,future_easy_grader_action,all,reasoning_entropy_late_slope,363,5,0.4851519537863407,0.22491337717006116,-0.2602385766162795,-0.4957140919322013
QwenHack,hack,pick_and_place_simple,256.0,future_easy_grader_action,all,reasoning_entropy_late_change,385,5,-0.2418757161791785,-0.3790248773525561,-0.13714916117337758,-0.2178019211345311
QwenHack,hack,pick_and_place_simple,256.0,future_easy_grader_action,all,action_entropy_late_slope,365,5,1.201825451830957,1.8278361460193993,0.6260106941884422,0.5457437588281706
QwenHack,hack,pick_and_place_simple,256.0,future_easy_grader_action,all,action_entropy_late_change,385,5,-0.10925475178232005,0.26617251634597777,0.37542726812829785,0.28951489700551214
QwenMix05,mix05,pick_and_place_simple,32.0,gameable_hack_action,mean_phack,reasoning_p_hack,89,1,0.8035573936910716,0.7127029508352279,-0.09085444285584365,-1.0149945798578772
QwenMix05,mix05,pick_and_place_simple,32.0,gameable_hack_action,mean_phack,action_p_hack,89,1,0.884404068370985,0.8332626521587372,-0.05114141621224777,-0.8647870326973153
QwenMix05,mix05,pick_and_place_simple,32.0,gameable_hack_action,late_phack,reasoning_p_hack_late_slope,89,1,0.012794866738378959,0.0574037827551364,0.04460891601675744,1.5195246648745315
QwenMix05,mix05,pick_and_place_simple,32.0,gameable_hack_action,late_phack,reasoning_p_hack_late_change,89,1,0.17415340048750869,-0.0197291761636734,-0.19388257665118208,-1.0846579502696683
QwenMix05,mix05,pick_and_place_simple,32.0,gameable_hack_action,late_phack,action_p_hack_late_slope,89,1,0.014023070662581842,0.0367977544665336,0.022774683803951756,2.3749981355801766
QwenMix05,mix05,pick_and_place_simple,32.0,gameable_hack_action,late_phack,action_p_hack_late_change,89,1,0.09510127890086695,-0.0625450909137725,-0.15764636981463945,-0.7752497928819806
QwenMix05,mix05,pick_and_place_simple,32.0,gameable_hack_action,entropy,reasoning_entropy_mean,89,1,0.6493556027043941,0.44427605617675,-0.2050795465276441,-0.6102206056048041
QwenMix05,mix05,pick_and_place_simple,32.0,gameable_hack_action,entropy,action_entropy_mean,89,1,0.6365665658691851,1.0501950016245245,0.41362843575533936,1.2943901162534823
QwenMix05,mix05,pick_and_place_simple,32.0,gameable_hack_action,entropy,reasoning_entropy_late_slope,89,1,0.641346312810417,1.0889945378585253,0.4476482250481083,0.5129706565726714
QwenMix05,mix05,pick_and_place_simple,32.0,gameable_hack_action,entropy,reasoning_entropy_late_change,89,1,0.10884457871945238,0.6434445977210999,0.5346000190016474,0.6825381290474267
QwenMix05,mix05,pick_and_place_simple,32.0,gameable_hack_action,entropy,action_entropy_late_slope,89,1,1.4824036777314136,2.2047749953344464,0.7223713176030329,0.5013094163584134
QwenMix05,mix05,pick_and_place_simple,32.0,gameable_hack_action,entropy,action_entropy_late_change,89,1,0.10936113565998659,-0.0187938213348388,-0.1281549569948254,-0.07604224171417512
QwenMix05,mix05,pick_and_place_simple,32.0,gameable_hack_action,all,reasoning_p_hack,89,1,0.8035573936910716,0.7127029508352279,-0.09085444285584365,-1.0149945798578772
QwenMix05,mix05,pick_and_place_simple,32.0,gameable_hack_action,all,action_p_hack,89,1,0.884404068370985,0.8332626521587372,-0.05114141621224777,-0.8647870326973153
QwenMix05,mix05,pick_and_place_simple,32.0,gameable_hack_action,all,reasoning_p_hack_late_slope,89,1,0.012794866738378959,0.0574037827551364,0.04460891601675744,1.5195246648745315
QwenMix05,mix05,pick_and_place_simple,32.0,gameable_hack_action,all,reasoning_p_hack_late_change,89,1,0.17415340048750869,-0.0197291761636734,-0.19388257665118208,-1.0846579502696683
QwenMix05,mix05,pick_and_place_simple,32.0,gameable_hack_action,all,action_p_hack_late_slope,89,1,0.014023070662581842,0.0367977544665336,0.022774683803951756,2.3749981355801766
QwenMix05,mix05,pick_and_place_simple,32.0,gameable_hack_action,all,action_p_hack_late_change,89,1,0.09510127890086695,-0.0625450909137725,-0.15764636981463945,-0.7752497928819806
QwenMix05,mix05,pick_and_place_simple,32.0,gameable_hack_action,all,reasoning_entropy_mean,89,1,0.6493556027043941,0.44427605617675,-0.2050795465276441,-0.6102206056048041
QwenMix05,mix05,pick_and_place_simple,32.0,gameable_hack_action,all,action_entropy_mean,89,1,0.6365665658691851,1.0501950016245245,0.41362843575533936,1.2943901162534823
QwenMix05,mix05,pick_and_place_simple,32.0,gameable_hack_action,all,reasoning_entropy_late_slope,89,1,0.641346312810417,1.0889945378585253,0.4476482250481083,0.5129706565726714
QwenMix05,mix05,pick_and_place_simple,32.0,gameable_hack_action,all,reasoning_entropy_late_change,89,1,0.10884457871945238,0.6434445977210999,0.5346000190016474,0.6825381290474267
QwenMix05,mix05,pick_and_place_simple,32.0,gameable_hack_action,all,action_entropy_late_slope,89,1,1.4824036777314136,2.2047749953344464,0.7223713176030329,0.5013094163584134
QwenMix05,mix05,pick_and_place_simple,32.0,gameable_hack_action,all,action_entropy_late_change,89,1,0.10936113565998659,-0.0187938213348388,-0.1281549569948254,-0.07604224171417512
QwenMix05,mix05,pick_and_place_simple,32.0,future_gameable_hack_action,mean_phack,reasoning_p_hack,89,1,0.8022366515366822,0.8302490025758743,0.028012351039192085,0.3129443490063447
QwenMix05,mix05,pick_and_place_simple,32.0,future_gameable_hack_action,mean_phack,action_p_hack,89,1,0.8844500361929795,0.8291715160012245,-0.05527852019175494,-0.9347443029369579
QwenMix05,mix05,pick_and_place_simple,32.0,future_gameable_hack_action,late_phack,reasoning_p_hack_late_slope,89,1,0.013289899967751135,0.0133458253410126,5.592537326146521e-05,0.0019049999787304423
QwenMix05,mix05,pick_and_place_simple,32.0,future_gameable_hack_action,late_phack,reasoning_p_hack_late_change,89,1,0.175003361047718,-0.0953756660223007,-0.2703790270700187,-1.512610190988431
QwenMix05,mix05,pick_and_place_simple,32.0,future_gameable_hack_action,late_phack,action_p_hack_late_slope,89,1,0.014162678972091891,0.0243726149201393,0.010209935948047408,1.06471637761215
QwenMix05,mix05,pick_and_place_simple,32.0,future_gameable_hack_action,late_phack,action_p_hack_late_change,89,1,0.09308217951196751,0.1171547546982765,0.024072575186308995,0.11838051804976564
QwenMix05,mix05,pick_and_place_simple,32.0,future_gameable_hack_action,entropy,reasoning_entropy_mean,89,1,0.6522446164276432,0.1871538348075773,-0.4650907816200659,-1.3838921688036396
QwenMix05,mix05,pick_and_place_simple,32.0,future_gameable_hack_action,entropy,action_entropy_mean,89,1,0.6452776088761428,0.2749121740052942,-0.3703654348708486,-1.159004838299638
QwenMix05,mix05,pick_and_place_simple,32.0,future_gameable_hack_action,entropy,reasoning_entropy_late_slope,89,1,0.6370674514157496,1.469813201983925,0.8327457505681753,0.9542629916183649
QwenMix05,mix05,pick_and_place_simple,32.0,future_gameable_hack_action,entropy,reasoning_entropy_late_change,89,1,0.10403364473304573,1.0716177225112915,0.9675840777782457,1.2353404464447064
QwenMix05,mix05,pick_and_place_simple,32.0,future_gameable_hack_action,entropy,action_entropy_late_slope,89,1,1.5071774030006504,-8.655362762510777e-05,-1.5072639566282755,-1.0460072209160223
QwenMix05,mix05,pick_and_place_simple,32.0,future_gameable_hack_action,entropy,action_entropy_late_change,89,1,0.1324229370071775,-2.07129414123483,-2.2037170782420077,-1.3076012872455711
QwenMix05,mix05,pick_and_place_simple,32.0,future_gameable_hack_action,all,reasoning_p_hack,89,1,0.8022366515366822,0.8302490025758743,0.028012351039192085,0.3129443490063447
QwenMix05,mix05,pick_and_place_simple,32.0,future_gameable_hack_action,all,action_p_hack,89,1,0.8844500361929795,0.8291715160012245,-0.05527852019175494,-0.9347443029369579
QwenMix05,mix05,pick_and_place_simple,32.0,future_gameable_hack_action,all,reasoning_p_hack_late_slope,89,1,0.013289899967751135,0.0133458253410126,5.592537326146521e-05,0.0019049999787304423
QwenMix05,mix05,pick_and_place_simple,32.0,future_gameable_hack_action,all,reasoning_p_hack_late_change,89,1,0.175003361047718,-0.0953756660223007,-0.2703790270700187,-1.512610190988431
QwenMix05,mix05,pick_and_place_simple,32.0,future_gameable_hack_action,all,action_p_hack_late_slope,89,1,0.014162678972091891,0.0243726149201393,0.010209935948047408,1.06471637761215
QwenMix05,mix05,pick_and_place_simple,32.0,future_gameable_hack_action,all,action_p_hack_late_change,89,1,0.09308217951196751,0.1171547546982765,0.024072575186308995,0.11838051804976564
QwenMix05,mix05,pick_and_place_simple,32.0,future_gameable_hack_action,all,reasoning_entropy_mean,89,1,0.6522446164276432,0.1871538348075773,-0.4650907816200659,-1.3838921688036396
QwenMix05,mix05,pick_and_place_simple,32.0,future_gameable_hack_action,all,action_entropy_mean,89,1,0.6452776088761428,0.2749121740052942,-0.3703654348708486,-1.159004838299638
QwenMix05,mix05,pick_and_place_simple,32.0,future_gameable_hack_action,all,reasoning_entropy_late_slope,89,1,0.6370674514157496,1.469813201983925,0.8327457505681753,0.9542629916183649
QwenMix05,mix05,pick_and_place_simple,32.0,future_gameable_hack_action,all,reasoning_entropy_late_change,89,1,0.10403364473304573,1.0716177225112915,0.9675840777782457,1.2353404464447064
QwenMix05,mix05,pick_and_place_simple,32.0,future_gameable_hack_action,all,action_entropy_late_slope,89,1,1.5071774030006504,-8.655362762510777e-05,-1.5072639566282755,-1.0460072209160223
QwenMix05,mix05,pick_and_place_simple,32.0,future_gameable_hack_action,all,action_entropy_late_change,89,1,0.1324229370071775,-2.07129414123483,-2.2037170782420077,-1.3076012872455711
QwenMix05,mix05,pick_and_place_simple,32.0,easy_grader_action,mean_phack,reasoning_p_hack,89,1,0.8035573936910716,0.7127029508352279,-0.09085444285584365,-1.0149945798578772
QwenMix05,mix05,pick_and_place_simple,32.0,easy_grader_action,mean_phack,action_p_hack,89,1,0.884404068370985,0.8332626521587372,-0.05114141621224777,-0.8647870326973153
QwenMix05,mix05,pick_and_place_simple,32.0,easy_grader_action,late_phack,reasoning_p_hack_late_slope,89,1,0.012794866738378959,0.0574037827551364,0.04460891601675744,1.5195246648745315
QwenMix05,mix05,pick_and_place_simple,32.0,easy_grader_action,late_phack,reasoning_p_hack_late_change,89,1,0.17415340048750869,-0.0197291761636734,-0.19388257665118208,-1.0846579502696683
QwenMix05,mix05,pick_and_place_simple,32.0,easy_grader_action,late_phack,action_p_hack_late_slope,89,1,0.014023070662581842,0.0367977544665336,0.022774683803951756,2.3749981355801766
QwenMix05,mix05,pick_and_place_simple,32.0,easy_grader_action,late_phack,action_p_hack_late_change,89,1,0.09510127890086695,-0.0625450909137725,-0.15764636981463945,-0.7752497928819806
QwenMix05,mix05,pick_and_place_simple,32.0,easy_grader_action,entropy,reasoning_entropy_mean,89,1,0.6493556027043941,0.44427605617675,-0.2050795465276441,-0.6102206056048041
QwenMix05,mix05,pick_and_place_simple,32.0,easy_grader_action,entropy,action_entropy_mean,89,1,0.6365665658691851,1.0501950016245245,0.41362843575533936,1.2943901162534823
QwenMix05,mix05,pick_and_place_simple,32.0,easy_grader_action,entropy,reasoning_entropy_late_slope,89,1,0.641346312810417,1.0889945378585253,0.4476482250481083,0.5129706565726714
QwenMix05,mix05,pick_and_place_simple,32.0,easy_grader_action,entropy,reasoning_entropy_late_change,89,1,0.10884457871945238,0.6434445977210999,0.5346000190016474,0.6825381290474267
QwenMix05,mix05,pick_and_place_simple,32.0,easy_grader_action,entropy,action_entropy_late_slope,89,1,1.4824036777314136,2.2047749953344464,0.7223713176030329,0.5013094163584134
QwenMix05,mix05,pick_and_place_simple,32.0,easy_grader_action,entropy,action_entropy_late_change,89,1,0.10936113565998659,-0.0187938213348388,-0.1281549569948254,-0.07604224171417512
QwenMix05,mix05,pick_and_place_simple,32.0,easy_grader_action,all,reasoning_p_hack,89,1,0.8035573936910716,0.7127029508352279,-0.09085444285584365,-1.0149945798578772
QwenMix05,mix05,pick_and_place_simple,32.0,easy_grader_action,all,action_p_hack,89,1,0.884404068370985,0.8332626521587372,-0.05114141621224777,-0.8647870326973153
QwenMix05,mix05,pick_and_place_simple,32.0,easy_grader_action,all,reasoning_p_hack_late_slope,89,1,0.012794866738378959,0.0574037827551364,0.04460891601675744,1.5195246648745315
QwenMix05,mix05,pick_and_place_simple,32.0,easy_grader_action,all,reasoning_p_hack_late_change,89,1,0.17415340048750869,-0.0197291761636734,-0.19388257665118208,-1.0846579502696683
QwenMix05,mix05,pick_and_place_simple,32.0,easy_grader_action,all,action_p_hack_late_slope,89,1,0.014023070662581842,0.0367977544665336,0.022774683803951756,2.3749981355801766
QwenMix05,mix05,pick_and_place_simple,32.0,easy_grader_action,all,action_p_hack_late_change,89,1,0.09510127890086695,-0.0625450909137725,-0.15764636981463945,-0.7752497928819806
QwenMix05,mix05,pick_and_place_simple,32.0,easy_grader_action,all,reasoning_entropy_mean,89,1,0.6493556027043941,0.44427605617675,-0.2050795465276441,-0.6102206056048041
QwenMix05,mix05,pick_and_place_simple,32.0,easy_grader_action,all,action_entropy_mean,89,1,0.6365665658691851,1.0501950016245245,0.41362843575533936,1.2943901162534823
QwenMix05,mix05,pick_and_place_simple,32.0,easy_grader_action,all,reasoning_entropy_late_slope,89,1,0.641346312810417,1.0889945378585253,0.4476482250481083,0.5129706565726714
QwenMix05,mix05,pick_and_place_simple,32.0,easy_grader_action,all,reasoning_entropy_late_change,89,1,0.10884457871945238,0.6434445977210999,0.5346000190016474,0.6825381290474267
QwenMix05,mix05,pick_and_place_simple,32.0,easy_grader_action,all,action_entropy_late_slope,89,1,1.4824036777314136,2.2047749953344464,0.7223713176030329,0.5013094163584134
QwenMix05,mix05,pick_and_place_simple,32.0,easy_grader_action,all,action_entropy_late_change,89,1,0.10936113565998659,-0.0187938213348388,-0.1281549569948254,-0.07604224171417512
QwenMix05,mix05,pick_and_place_simple,32.0,future_easy_grader_action,mean_phack,reasoning_p_hack,89,1,0.8022366515366822,0.8302490025758743,0.028012351039192085,0.3129443490063447
QwenMix05,mix05,pick_and_place_simple,32.0,future_easy_grader_action,mean_phack,action_p_hack,89,1,0.8844500361929795,0.8291715160012245,-0.05527852019175494,-0.9347443029369579
QwenMix05,mix05,pick_and_place_simple,32.0,future_easy_grader_action,late_phack,reasoning_p_hack_late_slope,89,1,0.013289899967751135,0.0133458253410126,5.592537326146521e-05,0.0019049999787304423
QwenMix05,mix05,pick_and_place_simple,32.0,future_easy_grader_action,late_phack,reasoning_p_hack_late_change,89,1,0.175003361047718,-0.0953756660223007,-0.2703790270700187,-1.512610190988431
QwenMix05,mix05,pick_and_place_simple,32.0,future_easy_grader_action,late_phack,action_p_hack_late_slope,89,1,0.014162678972091891,0.0243726149201393,0.010209935948047408,1.06471637761215
QwenMix05,mix05,pick_and_place_simple,32.0,future_easy_grader_action,late_phack,action_p_hack_late_change,89,1,0.09308217951196751,0.1171547546982765,0.024072575186308995,0.11838051804976564
QwenMix05,mix05,pick_and_place_simple,32.0,future_easy_grader_action,entropy,reasoning_entropy_mean,89,1,0.6522446164276432,0.1871538348075773,-0.4650907816200659,-1.3838921688036396
QwenMix05,mix05,pick_and_place_simple,32.0,future_easy_grader_action,entropy,action_entropy_mean,89,1,0.6452776088761428,0.2749121740052942,-0.3703654348708486,-1.159004838299638
QwenMix05,mix05,pick_and_place_simple,32.0,future_easy_grader_action,entropy,reasoning_entropy_late_slope,89,1,0.6370674514157496,1.469813201983925,0.8327457505681753,0.9542629916183649
QwenMix05,mix05,pick_and_place_simple,32.0,future_easy_grader_action,entropy,reasoning_entropy_late_change,89,1,0.10403364473304573,1.0716177225112915,0.9675840777782457,1.2353404464447064
QwenMix05,mix05,pick_and_place_simple,32.0,future_easy_grader_action,entropy,action_entropy_late_slope,89,1,1.5071774030006504,-8.655362762510777e-05,-1.5072639566282755,-1.0460072209160223
QwenMix05,mix05,pick_and_place_simple,32.0,future_easy_grader_action,entropy,action_entropy_late_change,89,1,0.1324229370071775,-2.07129414123483,-2.2037170782420077,-1.3076012872455711
QwenMix05,mix05,pick_and_place_simple,32.0,future_easy_grader_action,all,reasoning_p_hack,89,1,0.8022366515366822,0.8302490025758743,0.028012351039192085,0.3129443490063447
QwenMix05,mix05,pick_and_place_simple,32.0,future_easy_grader_action,all,action_p_hack,89,1,0.8844500361929795,0.8291715160012245,-0.05527852019175494,-0.9347443029369579
QwenMix05,mix05,pick_and_place_simple,32.0,future_easy_grader_action,all,reasoning_p_hack_late_slope,89,1,0.013289899967751135,0.0133458253410126,5.592537326146521e-05,0.0019049999787304423
QwenMix05,mix05,pick_and_place_simple,32.0,future_easy_grader_action,all,reasoning_p_hack_late_change,89,1,0.175003361047718,-0.0953756660223007,-0.2703790270700187,-1.512610190988431
QwenMix05,mix05,pick_and_place_simple,32.0,future_easy_grader_action,all,action_p_hack_late_slope,89,1,0.014162678972091891,0.0243726149201393,0.010209935948047408,1.06471637761215
QwenMix05,mix05,pick_and_place_simple,32.0,future_easy_grader_action,all,action_p_hack_late_change,89,1,0.09308217951196751,0.1171547546982765,0.024072575186308995,0.11838051804976564
QwenMix05,mix05,pick_and_place_simple,32.0,future_easy_grader_action,all,reasoning_entropy_mean,89,1,0.6522446164276432,0.1871538348075773,-0.4650907816200659,-1.3838921688036396
QwenMix05,mix05,pick_and_place_simple,32.0,future_easy_grader_action,all,action_entropy_mean,89,1,0.6452776088761428,0.2749121740052942,-0.3703654348708486,-1.159004838299638
QwenMix05,mix05,pick_and_place_simple,32.0,future_easy_grader_action,all,reasoning_entropy_late_slope,89,1,0.6370674514157496,1.469813201983925,0.8327457505681753,0.9542629916183649
QwenMix05,mix05,pick_and_place_simple,32.0,future_easy_grader_action,all,reasoning_entropy_late_change,89,1,0.10403364473304573,1.0716177225112915,0.9675840777782457,1.2353404464447064
QwenMix05,mix05,pick_and_place_simple,32.0,future_easy_grader_action,all,action_entropy_late_slope,89,1,1.5071774030006504,-8.655362762510777e-05,-1.5072639566282755,-1.0460072209160223
QwenMix05,mix05,pick_and_place_simple,32.0,future_easy_grader_action,all,action_entropy_late_change,89,1,0.1324229370071775,-2.07129414123483,-2.2037170782420077,-1.3076012872455711
QwenMix05,mix05,pick_and_place_simple,64.0,gameable_hack_action,mean_phack,reasoning_p_hack,89,1,0.8376355077750803,0.778901529032737,-0.05873397874234332,-0.6268919979556906
QwenMix05,mix05,pick_and_place_simple,64.0,gameable_hack_action,mean_phack,action_p_hack,89,1,0.9123779689114285,0.7783718585968018,-0.13400611031462673,-2.807741646741541
QwenMix05,mix05,pick_and_place_simple,64.0,gameable_hack_action,late_phack,reasoning_p_hack_late_slope,89,1,0.007883632421200968,-0.042800010700453,-0.050683643121653965,-2.1577690452587457
QwenMix05,mix05,pick_and_place_simple,64.0,gameable_hack_action,late_phack,reasoning_p_hack_late_change,89,1,0.15066849306157462,0.1466545692624867,-0.0040139237990879095,-0.022949246812584007
QwenMix05,mix05,pick_and_place_simple,64.0,gameable_hack_action,late_phack,action_p_hack_late_slope,89,1,0.012645465033073998,0.0531236708164215,0.0404782057833475,4.473570842010423
QwenMix05,mix05,pick_and_place_simple,64.0,gameable_hack_action,late_phack,action_p_hack_late_change,89,1,0.11719269608887418,0.1267735242843628,0.009580828195488625,0.041971057415974615
QwenMix05,mix05,pick_and_place_simple,64.0,gameable_hack_action,entropy,reasoning_entropy_mean,89,1,0.6558579769225388,0.7250371076182058,0.06917913069566706,0.23988618444967805
QwenMix05,mix05,pick_and_place_simple,64.0,gameable_hack_action,entropy,action_entropy_mean,89,1,0.8018421437537312,1.219247200433165,0.41740505667943373,1.6358179260564563
QwenMix05,mix05,pick_and_place_simple,64.0,gameable_hack_action,entropy,reasoning_entropy_late_slope,89,1,0.6151929321417853,-0.2758260278645609,-0.8910189600063462,-1.0580932065730864
QwenMix05,mix05,pick_and_place_simple,64.0,gameable_hack_action,entropy,reasoning_entropy_late_change,89,1,0.2600306315382354,-0.1482180492197845,-0.4082486807580199,-0.6258376866739027
QwenMix05,mix05,pick_and_place_simple,64.0,gameable_hack_action,entropy,action_entropy_late_slope,89,1,1.9566041588929763,2.628237239550799,0.6716330806578228,0.4369827111599472
QwenMix05,mix05,pick_and_place_simple,64.0,gameable_hack_action,entropy,action_entropy_late_change,89,1,0.9371962550127607,-0.1225221157073974,-1.059718370720158,-0.8131285564719021
QwenMix05,mix05,pick_and_place_simple,64.0,gameable_hack_action,all,reasoning_p_hack,89,1,0.8376355077750803,0.778901529032737,-0.05873397874234332,-0.6268919979556906
QwenMix05,mix05,pick_and_place_simple,64.0,gameable_hack_action,all,action_p_hack,89,1,0.9123779689114285,0.7783718585968018,-0.13400611031462673,-2.807741646741541
QwenMix05,mix05,pick_and_place_simple,64.0,gameable_hack_action,all,reasoning_p_hack_late_slope,89,1,0.007883632421200968,-0.042800010700453,-0.050683643121653965,-2.1577690452587457
QwenMix05,mix05,pick_and_place_simple,64.0,gameable_hack_action,all,reasoning_p_hack_late_change,89,1,0.15066849306157462,0.1466545692624867,-0.0040139237990879095,-0.022949246812584007
QwenMix05,mix05,pick_and_place_simple,64.0,gameable_hack_action,all,action_p_hack_late_slope,89,1,0.012645465033073998,0.0531236708164215,0.0404782057833475,4.473570842010423
QwenMix05,mix05,pick_and_place_simple,64.0,gameable_hack_action,all,action_p_hack_late_change,89,1,0.11719269608887418,0.1267735242843628,0.009580828195488625,0.041971057415974615
QwenMix05,mix05,pick_and_place_simple,64.0,gameable_hack_action,all,reasoning_entropy_mean,89,1,0.6558579769225388,0.7250371076182058,0.06917913069566706,0.23988618444967805
QwenMix05,mix05,pick_and_place_simple,64.0,gameable_hack_action,all,action_entropy_mean,89,1,0.8018421437537312,1.219247200433165,0.41740505667943373,1.6358179260564563
QwenMix05,mix05,pick_and_place_simple,64.0,gameable_hack_action,all,reasoning_entropy_late_slope,89,1,0.6151929321417853,-0.2758260278645609,-0.8910189600063462,-1.0580932065730864
QwenMix05,mix05,pick_and_place_simple,64.0,gameable_hack_action,all,reasoning_entropy_late_change,89,1,0.2600306315382354,-0.1482180492197845,-0.4082486807580199,-0.6258376866739027
QwenMix05,mix05,pick_and_place_simple,64.0,gameable_hack_action,all,action_entropy_late_slope,89,1,1.9566041588929763,2.628237239550799,0.6716330806578228,0.4369827111599472
QwenMix05,mix05,pick_and_place_simple,64.0,gameable_hack_action,all,action_entropy_late_change,89,1,0.9371962550127607,-0.1225221157073974,-1.059718370720158,-0.8131285564719021
QwenMix05,mix05,pick_and_place_simple,64.0,future_gameable_hack_action,mean_phack,reasoning_p_hack,89,1,0.8370345283075131,0.8323887016462244,-0.0046458266612887655,-0.04958682555165395
QwenMix05,mix05,pick_and_place_simple,64.0,future_gameable_hack_action,mean_phack,action_p_hack,89,1,0.9106175551374845,0.935048684477806,0.024431129340321434,0.5118893397076867
QwenMix05,mix05,pick_and_place_simple,64.0,future_gameable_hack_action,late_phack,reasoning_p_hack_late_slope,89,1,0.007326938466584122,0.0067457512604464,-0.0005811872061377218,-0.024743046980547554
QwenMix05,mix05,pick_and_place_simple,64.0,future_gameable_hack_action,late_phack,reasoning_p_hack_late_change,89,1,0.1501614744124368,0.1917792290357524,0.0416177546233156,0.23794575344281743
QwenMix05,mix05,pick_and_place_simple,64.0,future_gameable_hack_action,late_phack,action_p_hack_late_slope,89,1,0.013192360022156555,0.0044500167880739,-0.008742343234082656,-0.9661863965059609
QwenMix05,mix05,pick_and_place_simple,64.0,future_gameable_hack_action,late_phack,action_p_hack_late_change,89,1,0.11672801161453988,0.1681304425001144,0.05140243088557453,0.22518036374297876
QwenMix05,mix05,pick_and_place_simple,64.0,future_gameable_hack_action,entropy,reasoning_entropy_mean,89,1,0.6537349384485012,0.9139875318075572,0.26025259335905604,0.9024542659936583
QwenMix05,mix05,pick_and_place_simple,64.0,future_gameable_hack_action,entropy,action_entropy_mean,89,1,0.8083700094767997,0.6382671510800719,-0.17010285839672779,-0.6666361621309044
QwenMix05,mix05,pick_and_place_simple,64.0,future_gameable_hack_action,entropy,reasoning_entropy_late_slope,89,1,0.6202825713876425,-0.7288039207458497,-1.3490864921334922,-1.6020526122090564
QwenMix05,mix05,pick_and_place_simple,64.0,future_gameable_hack_action,entropy,reasoning_entropy_late_change,89,1,0.251651435580826,0.5975303909896562,0.34587895540883024,0.5302260497702683
QwenMix05,mix05,pick_and_place_simple,64.0,future_gameable_hack_action,entropy,action_entropy_late_slope,89,1,1.9851765125581806,0.0852977633476257,-1.8998787492105549,-1.236112679101593
QwenMix05,mix05,pick_and_place_simple,64.0,future_gameable_hack_action,entropy,action_entropy_late_change,89,1,0.9544587988678491,-1.6588885188102722,-2.6133473176781212,-2.005237797792672
QwenMix05,mix05,pick_and_place_simple,64.0,future_gameable_hack_action,all,reasoning_p_hack,89,1,0.8370345283075131,0.8323887016462244,-0.0046458266612887655,-0.04958682555165395
QwenMix05,mix05,pick_and_place_simple,64.0,future_gameable_hack_action,all,action_p_hack,89,1,0.9106175551374845,0.935048684477806,0.024431129340321434,0.5118893397076867
QwenMix05,mix05,pick_and_place_simple,64.0,future_gameable_hack_action,all,reasoning_p_hack_late_slope,89,1,0.007326938466584122,0.0067457512604464,-0.0005811872061377218,-0.024743046980547554
QwenMix05,mix05,pick_and_place_simple,64.0,future_gameable_hack_action,all,reasoning_p_hack_late_change,89,1,0.1501614744124368,0.1917792290357524,0.0416177546233156,0.23794575344281743
QwenMix05,mix05,pick_and_place_simple,64.0,future_gameable_hack_action,all,action_p_hack_late_slope,89,1,0.013192360022156555,0.0044500167880739,-0.008742343234082656,-0.9661863965059609
QwenMix05,mix05,pick_and_place_simple,64.0,future_gameable_hack_action,all,action_p_hack_late_change,89,1,0.11672801161453988,0.1681304425001144,0.05140243088557453,0.22518036374297876
QwenMix05,mix05,pick_and_place_simple,64.0,future_gameable_hack_action,all,reasoning_entropy_mean,89,1,0.6537349384485012,0.9139875318075572,0.26025259335905604,0.9024542659936583
QwenMix05,mix05,pick_and_place_simple,64.0,future_gameable_hack_action,all,action_entropy_mean,89,1,0.8083700094767997,0.6382671510800719,-0.17010285839672779,-0.6666361621309044
QwenMix05,mix05,pick_and_place_simple,64.0,future_gameable_hack_action,all,reasoning_entropy_late_slope,89,1,0.6202825713876425,-0.7288039207458497,-1.3490864921334922,-1.6020526122090564
QwenMix05,mix05,pick_and_place_simple,64.0,future_gameable_hack_action,all,reasoning_entropy_late_change,89,1,0.251651435580826,0.5975303909896562,0.34587895540883024,0.5302260497702683
QwenMix05,mix05,pick_and_place_simple,64.0,future_gameable_hack_action,all,action_entropy_late_slope,89,1,1.9851765125581806,0.0852977633476257,-1.8998787492105549,-1.236112679101593
QwenMix05,mix05,pick_and_place_simple,64.0,future_gameable_hack_action,all,action_entropy_late_change,89,1,0.9544587988678491,-1.6588885188102722,-2.6133473176781212,-2.005237797792672
QwenMix05,mix05,pick_and_place_simple,64.0,easy_grader_action,mean_phack,reasoning_p_hack,89,1,0.8376355077750803,0.778901529032737,-0.05873397874234332,-0.6268919979556906
QwenMix05,mix05,pick_and_place_simple,64.0,easy_grader_action,mean_phack,action_p_hack,89,1,0.9123779689114285,0.7783718585968018,-0.13400611031462673,-2.807741646741541
QwenMix05,mix05,pick_and_place_simple,64.0,easy_grader_action,late_phack,reasoning_p_hack_late_slope,89,1,0.007883632421200968,-0.042800010700453,-0.050683643121653965,-2.1577690452587457
QwenMix05,mix05,pick_and_place_simple,64.0,easy_grader_action,late_phack,reasoning_p_hack_late_change,89,1,0.15066849306157462,0.1466545692624867,-0.0040139237990879095,-0.022949246812584007
QwenMix05,mix05,pick_and_place_simple,64.0,easy_grader_action,late_phack,action_p_hack_late_slope,89,1,0.012645465033073998,0.0531236708164215,0.0404782057833475,4.473570842010423
QwenMix05,mix05,pick_and_place_simple,64.0,easy_grader_action,late_phack,action_p_hack_late_change,89,1,0.11719269608887418,0.1267735242843628,0.009580828195488625,0.041971057415974615
QwenMix05,mix05,pick_and_place_simple,64.0,easy_grader_action,entropy,reasoning_entropy_mean,89,1,0.6558579769225388,0.7250371076182058,0.06917913069566706,0.23988618444967805
QwenMix05,mix05,pick_and_place_simple,64.0,easy_grader_action,entropy,action_entropy_mean,89,1,0.8018421437537312,1.219247200433165,0.41740505667943373,1.6358179260564563
QwenMix05,mix05,pick_and_place_simple,64.0,easy_grader_action,entropy,reasoning_entropy_late_slope,89,1,0.6151929321417853,-0.2758260278645609,-0.8910189600063462,-1.0580932065730864
QwenMix05,mix05,pick_and_place_simple,64.0,easy_grader_action,entropy,reasoning_entropy_late_change,89,1,0.2600306315382354,-0.1482180492197845,-0.4082486807580199,-0.6258376866739027
QwenMix05,mix05,pick_and_place_simple,64.0,easy_grader_action,entropy,action_entropy_late_slope,89,1,1.9566041588929763,2.628237239550799,0.6716330806578228,0.4369827111599472
QwenMix05,mix05,pick_and_place_simple,64.0,easy_grader_action,entropy,action_entropy_late_change,89,1,0.9371962550127607,-0.1225221157073974,-1.059718370720158,-0.8131285564719021
QwenMix05,mix05,pick_and_place_simple,64.0,easy_grader_action,all,reasoning_p_hack,89,1,0.8376355077750803,0.778901529032737,-0.05873397874234332,-0.6268919979556906
QwenMix05,mix05,pick_and_place_simple,64.0,easy_grader_action,all,action_p_hack,89,1,0.9123779689114285,0.7783718585968018,-0.13400611031462673,-2.807741646741541
QwenMix05,mix05,pick_and_place_simple,64.0,easy_grader_action,all,reasoning_p_hack_late_slope,89,1,0.007883632421200968,-0.042800010700453,-0.050683643121653965,-2.1577690452587457
QwenMix05,mix05,pick_and_place_simple,64.0,easy_grader_action,all,reasoning_p_hack_late_change,89,1,0.15066849306157462,0.1466545692624867,-0.0040139237990879095,-0.022949246812584007
QwenMix05,mix05,pick_and_place_simple,64.0,easy_grader_action,all,action_p_hack_late_slope,89,1,0.012645465033073998,0.0531236708164215,0.0404782057833475,4.473570842010423
QwenMix05,mix05,pick_and_place_simple,64.0,easy_grader_action,all,action_p_hack_late_change,89,1,0.11719269608887418,0.1267735242843628,0.009580828195488625,0.041971057415974615
QwenMix05,mix05,pick_and_place_simple,64.0,easy_grader_action,all,reasoning_entropy_mean,89,1,0.6558579769225388,0.7250371076182058,0.06917913069566706,0.23988618444967805
QwenMix05,mix05,pick_and_place_simple,64.0,easy_grader_action,all,action_entropy_mean,89,1,0.8018421437537312,1.219247200433165,0.41740505667943373,1.6358179260564563
QwenMix05,mix05,pick_and_place_simple,64.0,easy_grader_action,all,reasoning_entropy_late_slope,89,1,0.6151929321417853,-0.2758260278645609,-0.8910189600063462,-1.0580932065730864
QwenMix05,mix05,pick_and_place_simple,64.0,easy_grader_action,all,reasoning_entropy_late_change,89,1,0.2600306315382354,-0.1482180492197845,-0.4082486807580199,-0.6258376866739027
QwenMix05,mix05,pick_and_place_simple,64.0,easy_grader_action,all,action_entropy_late_slope,89,1,1.9566041588929763,2.628237239550799,0.6716330806578228,0.4369827111599472
QwenMix05,mix05,pick_and_place_simple,64.0,easy_grader_action,all,action_entropy_late_change,89,1,0.9371962550127607,-0.1225221157073974,-1.059718370720158,-0.8131285564719021
QwenMix05,mix05,pick_and_place_simple,64.0,future_easy_grader_action,mean_phack,reasoning_p_hack,89,1,0.8370345283075131,0.8323887016462244,-0.0046458266612887655,-0.04958682555165395
QwenMix05,mix05,pick_and_place_simple,64.0,future_easy_grader_action,mean_phack,action_p_hack,89,1,0.9106175551374845,0.935048684477806,0.024431129340321434,0.5118893397076867
QwenMix05,mix05,pick_and_place_simple,64.0,future_easy_grader_action,late_phack,reasoning_p_hack_late_slope,89,1,0.007326938466584122,0.0067457512604464,-0.0005811872061377218,-0.024743046980547554
QwenMix05,mix05,pick_and_place_simple,64.0,future_easy_grader_action,late_phack,reasoning_p_hack_late_change,89,1,0.1501614744124368,0.1917792290357524,0.0416177546233156,0.23794575344281743
QwenMix05,mix05,pick_and_place_simple,64.0,future_easy_grader_action,late_phack,action_p_hack_late_slope,89,1,0.013192360022156555,0.0044500167880739,-0.008742343234082656,-0.9661863965059609
QwenMix05,mix05,pick_and_place_simple,64.0,future_easy_grader_action,late_phack,action_p_hack_late_change,89,1,0.11672801161453988,0.1681304425001144,0.05140243088557453,0.22518036374297876
QwenMix05,mix05,pick_and_place_simple,64.0,future_easy_grader_action,entropy,reasoning_entropy_mean,89,1,0.6537349384485012,0.9139875318075572,0.26025259335905604,0.9024542659936583
QwenMix05,mix05,pick_and_place_simple,64.0,future_easy_grader_action,entropy,action_entropy_mean,89,1,0.8083700094767997,0.6382671510800719,-0.17010285839672779,-0.6666361621309044
QwenMix05,mix05,pick_and_place_simple,64.0,future_easy_grader_action,entropy,reasoning_entropy_late_slope,89,1,0.6202825713876425,-0.7288039207458497,-1.3490864921334922,-1.6020526122090564
QwenMix05,mix05,pick_and_place_simple,64.0,future_easy_grader_action,entropy,reasoning_entropy_late_change,89,1,0.251651435580826,0.5975303909896562,0.34587895540883024,0.5302260497702683
QwenMix05,mix05,pick_and_place_simple,64.0,future_easy_grader_action,entropy,action_entropy_late_slope,89,1,1.9851765125581806,0.0852977633476257,-1.8998787492105549,-1.236112679101593
QwenMix05,mix05,pick_and_place_simple,64.0,future_easy_grader_action,entropy,action_entropy_late_change,89,1,0.9544587988678491,-1.6588885188102722,-2.6133473176781212,-2.005237797792672
QwenMix05,mix05,pick_and_place_simple,64.0,future_easy_grader_action,all,reasoning_p_hack,89,1,0.8370345283075131,0.8323887016462244,-0.0046458266612887655,-0.04958682555165395
QwenMix05,mix05,pick_and_place_simple,64.0,future_easy_grader_action,all,action_p_hack,89,1,0.9106175551374845,0.935048684477806,0.024431129340321434,0.5118893397076867
QwenMix05,mix05,pick_and_place_simple,64.0,future_easy_grader_action,all,reasoning_p_hack_late_slope,89,1,0.007326938466584122,0.0067457512604464,-0.0005811872061377218,-0.024743046980547554
QwenMix05,mix05,pick_and_place_simple,64.0,future_easy_grader_action,all,reasoning_p_hack_late_change,89,1,0.1501614744124368,0.1917792290357524,0.0416177546233156,0.23794575344281743
QwenMix05,mix05,pick_and_place_simple,64.0,future_easy_grader_action,all,action_p_hack_late_slope,89,1,0.013192360022156555,0.0044500167880739,-0.008742343234082656,-0.9661863965059609
QwenMix05,mix05,pick_and_place_simple,64.0,future_easy_grader_action,all,action_p_hack_late_change,89,1,0.11672801161453988,0.1681304425001144,0.05140243088557453,0.22518036374297876
QwenMix05,mix05,pick_and_place_simple,64.0,future_easy_grader_action,all,reasoning_entropy_mean,89,1,0.6537349384485012,0.9139875318075572,0.26025259335905604,0.9024542659936583
QwenMix05,mix05,pick_and_place_simple,64.0,future_easy_grader_action,all,action_entropy_mean,89,1,0.8083700094767997,0.6382671510800719,-0.17010285839672779,-0.6666361621309044
QwenMix05,mix05,pick_and_place_simple,64.0,future_easy_grader_action,all,reasoning_entropy_late_slope,89,1,0.6202825713876425,-0.7288039207458497,-1.3490864921334922,-1.6020526122090564
QwenMix05,mix05,pick_and_place_simple,64.0,future_easy_grader_action,all,reasoning_entropy_late_change,89,1,0.251651435580826,0.5975303909896562,0.34587895540883024,0.5302260497702683
QwenMix05,mix05,pick_and_place_simple,64.0,future_easy_grader_action,all,action_entropy_late_slope,89,1,1.9851765125581806,0.0852977633476257,-1.8998787492105549,-1.236112679101593
QwenMix05,mix05,pick_and_place_simple,64.0,future_easy_grader_action,all,action_entropy_late_change,89,1,0.9544587988678491,-1.6588885188102722,-2.6133473176781212,-2.005237797792672
QwenMix10,mix10,pick_and_place_simple,8.0,gameable_hack_action,mean_phack,reasoning_p_hack,88,2,0.28456221368276174,0.2318953793379478,-0.05266683434481395,-0.7585354415392559
QwenMix10,mix10,pick_and_place_simple,8.0,gameable_hack_action,mean_phack,action_p_hack,88,2,0.3758677973758522,0.32340627354569734,-0.052461523830154844,-0.6667297438058136
QwenMix10,mix10,pick_and_place_simple,8.0,gameable_hack_action,late_phack,reasoning_p_hack_late_slope,88,2,0.04598183429924418,-0.011464250225773302,-0.05744608452501748,-1.8385519405029036
QwenMix10,mix10,pick_and_place_simple,8.0,gameable_hack_action,late_phack,reasoning_p_hack_late_change,88,2,0.12583405958177607,-0.11933337935479355,-0.24516743893656961,-1.3302129270118437
QwenMix10,mix10,pick_and_place_simple,8.0,gameable_hack_action,late_phack,action_p_hack_late_slope,88,2,0.03381765830301554,-0.0081787691568024,-0.04199642745981794,-1.7433104265737105
QwenMix10,mix10,pick_and_place_simple,8.0,gameable_hack_action,late_phack,action_p_hack_late_change,88,2,0.29838450399011257,-0.0492409076076001,-0.34762541159771265,-2.3529889979821696
QwenMix10,mix10,pick_and_place_simple,8.0,gameable_hack_action,entropy,reasoning_entropy_mean,88,2,0.26004257213336934,0.7195641728057126,0.45952160067234327,1.3556963858434687
QwenMix10,mix10,pick_and_place_simple,8.0,gameable_hack_action,entropy,action_entropy_mean,88,2,0.2564573375916714,0.6197892089840025,0.3633318713923311,1.2270292799885256
QwenMix10,mix10,pick_and_place_simple,8.0,gameable_hack_action,entropy,reasoning_entropy_late_slope,88,2,0.12645993932408767,0.7242810117240879,0.5978210724000002,1.2616375738325656
QwenMix10,mix10,pick_and_place_simple,8.0,gameable_hack_action,entropy,reasoning_entropy_late_change,88,2,-0.6024995414677505,-1.0642516016960144,-0.46175206022826387,-0.5791185457740685
QwenMix10,mix10,pick_and_place_simple,8.0,gameable_hack_action,entropy,action_entropy_late_slope,88,2,0.32637659839978866,1.061121934792027,0.7347453363922385,1.602100339283814
QwenMix10,mix10,pick_and_place_simple,8.0,gameable_hack_action,entropy,action_entropy_late_change,88,2,-0.6269141862761568,-0.7019400596618652,-0.07502587338570843,-0.15391163490251036
QwenMix10,mix10,pick_and_place_simple,8.0,gameable_hack_action,all,reasoning_p_hack,88,2,0.28456221368276174,0.2318953793379478,-0.05266683434481395,-0.7585354415392559
QwenMix10,mix10,pick_and_place_simple,8.0,gameable_hack_action,all,action_p_hack,88,2,0.3758677973758522,0.32340627354569734,-0.052461523830154844,-0.6667297438058136
QwenMix10,mix10,pick_and_place_simple,8.0,gameable_hack_action,all,reasoning_p_hack_late_slope,88,2,0.04598183429924418,-0.011464250225773302,-0.05744608452501748,-1.8385519405029036
QwenMix10,mix10,pick_and_place_simple,8.0,gameable_hack_action,all,reasoning_p_hack_late_change,88,2,0.12583405958177607,-0.11933337935479355,-0.24516743893656961,-1.3302129270118437
QwenMix10,mix10,pick_and_place_simple,8.0,gameable_hack_action,all,action_p_hack_late_slope,88,2,0.03381765830301554,-0.0081787691568024,-0.04199642745981794,-1.7433104265737105
QwenMix10,mix10,pick_and_place_simple,8.0,gameable_hack_action,all,action_p_hack_late_change,88,2,0.29838450399011257,-0.0492409076076001,-0.34762541159771265,-2.3529889979821696
QwenMix10,mix10,pick_and_place_simple,8.0,gameable_hack_action,all,reasoning_entropy_mean,88,2,0.26004257213336934,0.7195641728057126,0.45952160067234327,1.3556963858434687
QwenMix10,mix10,pick_and_place_simple,8.0,gameable_hack_action,all,action_entropy_mean,88,2,0.2564573375916714,0.6197892089840025,0.3633318713923311,1.2270292799885256
QwenMix10,mix10,pick_and_place_simple,8.0,gameable_hack_action,all,reasoning_entropy_late_slope,88,2,0.12645993932408767,0.7242810117240879,0.5978210724000002,1.2616375738325656
QwenMix10,mix10,pick_and_place_simple,8.0,gameable_hack_action,all,reasoning_entropy_late_change,88,2,-0.6024995414677505,-1.0642516016960144,-0.46175206022826387,-0.5791185457740685
QwenMix10,mix10,pick_and_place_simple,8.0,gameable_hack_action,all,action_entropy_late_slope,88,2,0.32637659839978866,1.061121934792027,0.7347453363922385,1.602100339283814
QwenMix10,mix10,pick_and_place_simple,8.0,gameable_hack_action,all,action_entropy_late_change,88,2,-0.6269141862761568,-0.7019400596618652,-0.07502587338570843,-0.15391163490251036
QwenMix10,mix10,pick_and_place_simple,8.0,future_gameable_hack_action,mean_phack,reasoning_p_hack,88,2,0.285017450832528,0.21186494474823114,-0.07315250608429685,-1.0535808577190313
QwenMix10,mix10,pick_and_place_simple,8.0,future_gameable_hack_action,mean_phack,action_p_hack,88,2,0.37711685994501853,0.26844752050237725,-0.10866933944264129,-1.3810708411884378
QwenMix10,mix10,pick_and_place_simple,8.0,future_gameable_hack_action,late_phack,reasoning_p_hack_late_slope,88,2,0.045811464620712325,-0.003967984370371751,-0.04977944899108408,-1.593182604114046
QwenMix10,mix10,pick_and_place_simple,8.0,future_gameable_hack_action,late_phack,reasoning_p_hack_late_change,88,2,0.12673857838306904,-0.15913220661168456,-0.2858707849947536,-1.551058392193055
QwenMix10,mix10,pick_and_place_simple,8.0,future_gameable_hack_action,late_phack,action_p_hack_late_slope,88,2,0.03272347925339446,0.03996510902652515,0.007241629773130691,0.30060672901199387
QwenMix10,mix10,pick_and_place_simple,8.0,future_gameable_hack_action,late_phack,action_p_hack_late_change,88,2,0.29263335089549264,0.20380982855567706,-0.08882352233981558,-0.6012240873503066
QwenMix10,mix10,pick_and_place_simple,8.0,future_gameable_hack_action,entropy,reasoning_entropy_mean,88,2,0.25969127930070557,0.7350210574429183,0.4753297781422128,1.4023342131650085
QwenMix10,mix10,pick_and_place_simple,8.0,future_gameable_hack_action,entropy,action_entropy_mean,88,2,0.257041019571269,0.5941072018817067,0.3370661823104377,1.1383258875802198
QwenMix10,mix10,pick_and_place_simple,8.0,future_gameable_hack_action,entropy,reasoning_entropy_late_slope,88,2,0.14158753012216865,0.058667016608524136,-0.08292051351364452,-0.17499489449295783
QwenMix10,mix10,pick_and_place_simple,8.0,future_gameable_hack_action,entropy,reasoning_entropy_late_change,88,2,-0.6064783580907881,-0.8891836702823639,-0.2827053121915758,-0.3545623363284089
QwenMix10,mix10,pick_and_place_simple,8.0,future_gameable_hack_action,entropy,action_entropy_late_slope,88,2,0.3200437988667876,1.3397651142440736,1.0197213153772862,2.223485858872809
QwenMix10,mix10,pick_and_place_simple,8.0,future_gameable_hack_action,entropy,action_entropy_late_change,88,2,-0.6496057063764469,0.29648682475090027,0.9460925311273471,1.9408590885208157
QwenMix10,mix10,pick_and_place_simple,8.0,future_gameable_hack_action,all,reasoning_p_hack,88,2,0.285017450832528,0.21186494474823114,-0.07315250608429685,-1.0535808577190313
QwenMix10,mix10,pick_and_place_simple,8.0,future_gameable_hack_action,all,action_p_hack,88,2,0.37711685994501853,0.26844752050237725,-0.10866933944264129,-1.3810708411884378
QwenMix10,mix10,pick_and_place_simple,8.0,future_gameable_hack_action,all,reasoning_p_hack_late_slope,88,2,0.045811464620712325,-0.003967984370371751,-0.04977944899108408,-1.593182604114046
QwenMix10,mix10,pick_and_place_simple,8.0,future_gameable_hack_action,all,reasoning_p_hack_late_change,88,2,0.12673857838306904,-0.15913220661168456,-0.2858707849947536,-1.551058392193055
QwenMix10,mix10,pick_and_place_simple,8.0,future_gameable_hack_action,all,action_p_hack_late_slope,88,2,0.03272347925339446,0.03996510902652515,0.007241629773130691,0.30060672901199387
QwenMix10,mix10,pick_and_place_simple,8.0,future_gameable_hack_action,all,action_p_hack_late_change,88,2,0.29263335089549264,0.20380982855567706,-0.08882352233981558,-0.6012240873503066
QwenMix10,mix10,pick_and_place_simple,8.0,future_gameable_hack_action,all,reasoning_entropy_mean,88,2,0.25969127930070557,0.7350210574429183,0.4753297781422128,1.4023342131650085
QwenMix10,mix10,pick_and_place_simple,8.0,future_gameable_hack_action,all,action_entropy_mean,88,2,0.257041019571269,0.5941072018817067,0.3370661823104377,1.1383258875802198
QwenMix10,mix10,pick_and_place_simple,8.0,future_gameable_hack_action,all,reasoning_entropy_late_slope,88,2,0.14158753012216865,0.058667016608524136,-0.08292051351364452,-0.17499489449295783
QwenMix10,mix10,pick_and_place_simple,8.0,future_gameable_hack_action,all,reasoning_entropy_late_change,88,2,-0.6064783580907881,-0.8891836702823639,-0.2827053121915758,-0.3545623363284089
QwenMix10,mix10,pick_and_place_simple,8.0,future_gameable_hack_action,all,action_entropy_late_slope,88,2,0.3200437988667876,1.3397651142440736,1.0197213153772862,2.223485858872809
QwenMix10,mix10,pick_and_place_simple,8.0,future_gameable_hack_action,all,action_entropy_late_change,88,2,-0.6496057063764469,0.29648682475090027,0.9460925311273471,1.9408590885208157
QwenMix10,mix10,pick_and_place_simple,8.0,easy_grader_action,mean_phack,reasoning_p_hack,88,2,0.28456221368276174,0.2318953793379478,-0.05266683434481395,-0.7585354415392559
QwenMix10,mix10,pick_and_place_simple,8.0,easy_grader_action,mean_phack,action_p_hack,88,2,0.3758677973758522,0.32340627354569734,-0.052461523830154844,-0.6667297438058136
QwenMix10,mix10,pick_and_place_simple,8.0,easy_grader_action,late_phack,reasoning_p_hack_late_slope,88,2,0.04598183429924418,-0.011464250225773302,-0.05744608452501748,-1.8385519405029036
QwenMix10,mix10,pick_and_place_simple,8.0,easy_grader_action,late_phack,reasoning_p_hack_late_change,88,2,0.12583405958177607,-0.11933337935479355,-0.24516743893656961,-1.3302129270118437
QwenMix10,mix10,pick_and_place_simple,8.0,easy_grader_action,late_phack,action_p_hack_late_slope,88,2,0.03381765830301554,-0.0081787691568024,-0.04199642745981794,-1.7433104265737105
QwenMix10,mix10,pick_and_place_simple,8.0,easy_grader_action,late_phack,action_p_hack_late_change,88,2,0.29838450399011257,-0.0492409076076001,-0.34762541159771265,-2.3529889979821696
QwenMix10,mix10,pick_and_place_simple,8.0,easy_grader_action,entropy,reasoning_entropy_mean,88,2,0.26004257213336934,0.7195641728057126,0.45952160067234327,1.3556963858434687
QwenMix10,mix10,pick_and_place_simple,8.0,easy_grader_action,entropy,action_entropy_mean,88,2,0.2564573375916714,0.6197892089840025,0.3633318713923311,1.2270292799885256
QwenMix10,mix10,pick_and_place_simple,8.0,easy_grader_action,entropy,reasoning_entropy_late_slope,88,2,0.12645993932408767,0.7242810117240879,0.5978210724000002,1.2616375738325656
QwenMix10,mix10,pick_and_place_simple,8.0,easy_grader_action,entropy,reasoning_entropy_late_change,88,2,-0.6024995414677505,-1.0642516016960144,-0.46175206022826387,-0.5791185457740685
QwenMix10,mix10,pick_and_place_simple,8.0,easy_grader_action,entropy,action_entropy_late_slope,88,2,0.32637659839978866,1.061121934792027,0.7347453363922385,1.602100339283814
QwenMix10,mix10,pick_and_place_simple,8.0,easy_grader_action,entropy,action_entropy_late_change,88,2,-0.6269141862761568,-0.7019400596618652,-0.07502587338570843,-0.15391163490251036
QwenMix10,mix10,pick_and_place_simple,8.0,easy_grader_action,all,reasoning_p_hack,88,2,0.28456221368276174,0.2318953793379478,-0.05266683434481395,-0.7585354415392559
QwenMix10,mix10,pick_and_place_simple,8.0,easy_grader_action,all,action_p_hack,88,2,0.3758677973758522,0.32340627354569734,-0.052461523830154844,-0.6667297438058136
QwenMix10,mix10,pick_and_place_simple,8.0,easy_grader_action,all,reasoning_p_hack_late_slope,88,2,0.04598183429924418,-0.011464250225773302,-0.05744608452501748,-1.8385519405029036
QwenMix10,mix10,pick_and_place_simple,8.0,easy_grader_action,all,reasoning_p_hack_late_change,88,2,0.12583405958177607,-0.11933337935479355,-0.24516743893656961,-1.3302129270118437
QwenMix10,mix10,pick_and_place_simple,8.0,easy_grader_action,all,action_p_hack_late_slope,88,2,0.03381765830301554,-0.0081787691568024,-0.04199642745981794,-1.7433104265737105
QwenMix10,mix10,pick_and_place_simple,8.0,easy_grader_action,all,action_p_hack_late_change,88,2,0.29838450399011257,-0.0492409076076001,-0.34762541159771265,-2.3529889979821696
QwenMix10,mix10,pick_and_place_simple,8.0,easy_grader_action,all,reasoning_entropy_mean,88,2,0.26004257213336934,0.7195641728057126,0.45952160067234327,1.3556963858434687
QwenMix10,mix10,pick_and_place_simple,8.0,easy_grader_action,all,action_entropy_mean,88,2,0.2564573375916714,0.6197892089840025,0.3633318713923311,1.2270292799885256
QwenMix10,mix10,pick_and_place_simple,8.0,easy_grader_action,all,reasoning_entropy_late_slope,88,2,0.12645993932408767,0.7242810117240879,0.5978210724000002,1.2616375738325656
QwenMix10,mix10,pick_and_place_simple,8.0,easy_grader_action,all,reasoning_entropy_late_change,88,2,-0.6024995414677505,-1.0642516016960144,-0.46175206022826387,-0.5791185457740685
QwenMix10,mix10,pick_and_place_simple,8.0,easy_grader_action,all,action_entropy_late_slope,88,2,0.32637659839978866,1.061121934792027,0.7347453363922385,1.602100339283814
QwenMix10,mix10,pick_and_place_simple,8.0,easy_grader_action,all,action_entropy_late_change,88,2,-0.6269141862761568,-0.7019400596618652,-0.07502587338570843,-0.15391163490251036
QwenMix10,mix10,pick_and_place_simple,8.0,future_easy_grader_action,mean_phack,reasoning_p_hack,88,2,0.285017450832528,0.21186494474823114,-0.07315250608429685,-1.0535808577190313
QwenMix10,mix10,pick_and_place_simple,8.0,future_easy_grader_action,mean_phack,action_p_hack,88,2,0.37711685994501853,0.26844752050237725,-0.10866933944264129,-1.3810708411884378
QwenMix10,mix10,pick_and_place_simple,8.0,future_easy_grader_action,late_phack,reasoning_p_hack_late_slope,88,2,0.045811464620712325,-0.003967984370371751,-0.04977944899108408,-1.593182604114046
QwenMix10,mix10,pick_and_place_simple,8.0,future_easy_grader_action,late_phack,reasoning_p_hack_late_change,88,2,0.12673857838306904,-0.15913220661168456,-0.2858707849947536,-1.551058392193055
QwenMix10,mix10,pick_and_place_simple,8.0,future_easy_grader_action,late_phack,action_p_hack_late_slope,88,2,0.03272347925339446,0.03996510902652515,0.007241629773130691,0.30060672901199387
QwenMix10,mix10,pick_and_place_simple,8.0,future_easy_grader_action,late_phack,action_p_hack_late_change,88,2,0.29263335089549264,0.20380982855567706,-0.08882352233981558,-0.6012240873503066
QwenMix10,mix10,pick_and_place_simple,8.0,future_easy_grader_action,entropy,reasoning_entropy_mean,88,2,0.25969127930070557,0.7350210574429183,0.4753297781422128,1.4023342131650085
QwenMix10,mix10,pick_and_place_simple,8.0,future_easy_grader_action,entropy,action_entropy_mean,88,2,0.257041019571269,0.5941072018817067,0.3370661823104377,1.1383258875802198
QwenMix10,mix10,pick_and_place_simple,8.0,future_easy_grader_action,entropy,reasoning_entropy_late_slope,88,2,0.14158753012216865,0.058667016608524136,-0.08292051351364452,-0.17499489449295783
QwenMix10,mix10,pick_and_place_simple,8.0,future_easy_grader_action,entropy,reasoning_entropy_late_change,88,2,-0.6064783580907881,-0.8891836702823639,-0.2827053121915758,-0.3545623363284089
QwenMix10,mix10,pick_and_place_simple,8.0,future_easy_grader_action,entropy,action_entropy_late_slope,88,2,0.3200437988667876,1.3397651142440736,1.0197213153772862,2.223485858872809
QwenMix10,mix10,pick_and_place_simple,8.0,future_easy_grader_action,entropy,action_entropy_late_change,88,2,-0.6496057063764469,0.29648682475090027,0.9460925311273471,1.9408590885208157
QwenMix10,mix10,pick_and_place_simple,8.0,future_easy_grader_action,all,reasoning_p_hack,88,2,0.285017450832528,0.21186494474823114,-0.07315250608429685,-1.0535808577190313
QwenMix10,mix10,pick_and_place_simple,8.0,future_easy_grader_action,all,action_p_hack,88,2,0.37711685994501853,0.26844752050237725,-0.10866933944264129,-1.3810708411884378
QwenMix10,mix10,pick_and_place_simple,8.0,future_easy_grader_action,all,reasoning_p_hack_late_slope,88,2,0.045811464620712325,-0.003967984370371751,-0.04977944899108408,-1.593182604114046
QwenMix10,mix10,pick_and_place_simple,8.0,future_easy_grader_action,all,reasoning_p_hack_late_change,88,2,0.12673857838306904,-0.15913220661168456,-0.2858707849947536,-1.551058392193055
QwenMix10,mix10,pick_and_place_simple,8.0,future_easy_grader_action,all,action_p_hack_late_slope,88,2,0.03272347925339446,0.03996510902652515,0.007241629773130691,0.30060672901199387
QwenMix10,mix10,pick_and_place_simple,8.0,future_easy_grader_action,all,action_p_hack_late_change,88,2,0.29263335089549264,0.20380982855567706,-0.08882352233981558,-0.6012240873503066
QwenMix10,mix10,pick_and_place_simple,8.0,future_easy_grader_action,all,reasoning_entropy_mean,88,2,0.25969127930070557,0.7350210574429183,0.4753297781422128,1.4023342131650085
QwenMix10,mix10,pick_and_place_simple,8.0,future_easy_grader_action,all,action_entropy_mean,88,2,0.257041019571269,0.5941072018817067,0.3370661823104377,1.1383258875802198
QwenMix10,mix10,pick_and_place_simple,8.0,future_easy_grader_action,all,reasoning_entropy_late_slope,88,2,0.14158753012216865,0.058667016608524136,-0.08292051351364452,-0.17499489449295783
QwenMix10,mix10,pick_and_place_simple,8.0,future_easy_grader_action,all,reasoning_entropy_late_change,88,2,-0.6064783580907881,-0.8891836702823639,-0.2827053121915758,-0.3545623363284089
QwenMix10,mix10,pick_and_place_simple,8.0,future_easy_grader_action,all,action_entropy_late_slope,88,2,0.3200437988667876,1.3397651142440736,1.0197213153772862,2.223485858872809
QwenMix10,mix10,pick_and_place_simple,8.0,future_easy_grader_action,all,action_entropy_late_change,88,2,-0.6496057063764469,0.29648682475090027,0.9460925311273471,1.9408590885208157
QwenMix10,mix10,pick_and_place_simple,16.0,gameable_hack_action,mean_phack,reasoning_p_hack,85,5,0.2724094058191629,0.23711291869141862,-0.035296487127744275,-0.35555156549137473
QwenMix10,mix10,pick_and_place_simple,16.0,gameable_hack_action,mean_phack,action_p_hack,85,5,0.36206570361238255,0.3394059282541275,-0.02265977535825503,-0.21886652496625592
QwenMix10,mix10,pick_and_place_simple,16.0,gameable_hack_action,late_phack,reasoning_p_hack_late_slope,85,5,0.007445973726496708,0.008063813030827519,0.0006178393043308108,0.0229068095354755
QwenMix10,mix10,pick_and_place_simple,16.0,gameable_hack_action,late_phack,reasoning_p_hack_late_change,85,5,0.06321132084021354,0.01926664766491739,-0.04394467317529615,-0.24692415166834789
QwenMix10,mix10,pick_and_place_simple,16.0,gameable_hack_action,late_phack,action_p_hack_late_slope,84,5,0.023214943155607376,-0.0008305679261684601,-0.024045511081775835,-0.6640291917773526
QwenMix10,mix10,pick_and_place_simple,16.0,gameable_hack_action,late_phack,action_p_hack_late_change,85,5,0.18585722557978493,0.15288969136774538,-0.032967534212039545,-0.17160331799775633
QwenMix10,mix10,pick_and_place_simple,16.0,gameable_hack_action,entropy,reasoning_entropy_mean,85,5,0.4934916808445567,0.8094073085111815,0.3159156276666248,0.9538857348103589
QwenMix10,mix10,pick_and_place_simple,16.0,gameable_hack_action,entropy,action_entropy_mean,85,5,0.31376406954793146,0.5796842447016388,0.26592017515370736,0.8753600341822522
QwenMix10,mix10,pick_and_place_simple,16.0,gameable_hack_action,entropy,reasoning_entropy_late_slope,85,5,0.4229808610963635,0.3863548465428176,-0.036626014553545916,-0.03758442233331943
QwenMix10,mix10,pick_and_place_simple,16.0,gameable_hack_action,entropy,reasoning_entropy_late_change,85,5,-0.12590349640725046,-1.112710765004158,-0.9868072685969076,-1.171369273002851
QwenMix10,mix10,pick_and_place_simple,16.0,gameable_hack_action,entropy,action_entropy_late_slope,84,5,0.5171864388096201,0.934681500447914,0.41749506163829386,0.7387779019998015
QwenMix10,mix10,pick_and_place_simple,16.0,gameable_hack_action,entropy,action_entropy_late_change,85,5,-0.3847704961156363,-0.4658147215843201,-0.08104422546868378,-0.1264420412154496
QwenMix10,mix10,pick_and_place_simple,16.0,gameable_hack_action,all,reasoning_p_hack,85,5,0.2724094058191629,0.23711291869141862,-0.035296487127744275,-0.35555156549137473
QwenMix10,mix10,pick_and_place_simple,16.0,gameable_hack_action,all,action_p_hack,85,5,0.36206570361238255,0.3394059282541275,-0.02265977535825503,-0.21886652496625592
QwenMix10,mix10,pick_and_place_simple,16.0,gameable_hack_action,all,reasoning_p_hack_late_slope,85,5,0.007445973726496708,0.008063813030827519,0.0006178393043308108,0.0229068095354755
QwenMix10,mix10,pick_and_place_simple,16.0,gameable_hack_action,all,reasoning_p_hack_late_change,85,5,0.06321132084021354,0.01926664766491739,-0.04394467317529615,-0.24692415166834789
QwenMix10,mix10,pick_and_place_simple,16.0,gameable_hack_action,all,action_p_hack_late_slope,84,5,0.023214943155607376,-0.0008305679261684601,-0.024045511081775835,-0.6640291917773526
QwenMix10,mix10,pick_and_place_simple,16.0,gameable_hack_action,all,action_p_hack_late_change,85,5,0.18585722557978493,0.15288969136774538,-0.032967534212039545,-0.17160331799775633
QwenMix10,mix10,pick_and_place_simple,16.0,gameable_hack_action,all,reasoning_entropy_mean,85,5,0.4934916808445567,0.8094073085111815,0.3159156276666248,0.9538857348103589
QwenMix10,mix10,pick_and_place_simple,16.0,gameable_hack_action,all,action_entropy_mean,85,5,0.31376406954793146,0.5796842447016388,0.26592017515370736,0.8753600341822522
QwenMix10,mix10,pick_and_place_simple,16.0,gameable_hack_action,all,reasoning_entropy_late_slope,85,5,0.4229808610963635,0.3863548465428176,-0.036626014553545916,-0.03758442233331943
QwenMix10,mix10,pick_and_place_simple,16.0,gameable_hack_action,all,reasoning_entropy_late_change,85,5,-0.12590349640725046,-1.112710765004158,-0.9868072685969076,-1.171369273002851
QwenMix10,mix10,pick_and_place_simple,16.0,gameable_hack_action,all,action_entropy_late_slope,84,5,0.5171864388096201,0.934681500447914,0.41749506163829386,0.7387779019998015
QwenMix10,mix10,pick_and_place_simple,16.0,gameable_hack_action,all,action_entropy_late_change,85,5,-0.3847704961156363,-0.4658147215843201,-0.08104422546868378,-0.1264420412154496
QwenMix10,mix10,pick_and_place_simple,16.0,future_gameable_hack_action,mean_phack,reasoning_p_hack,85,5,0.2740633935970582,0.2089951264671981,-0.06506826712986014,-0.6554511829492435
QwenMix10,mix10,pick_and_place_simple,16.0,future_gameable_hack_action,mean_phack,action_p_hack,85,5,0.3701349986187485,0.20222791314590718,-0.1679070854728413,-1.6217830818550025
QwenMix10,mix10,pick_and_place_simple,16.0,future_gameable_hack_action,late_phack,reasoning_p_hack_late_slope,85,5,0.0067207149024345065,0.020393213039884943,0.013672498137450436,0.5069171037086159
QwenMix10,mix10,pick_and_place_simple,16.0,future_gameable_hack_action,late_phack,reasoning_p_hack_late_change,85,5,0.07294726465035643,-0.14624439710751175,-0.2191916617578682,-1.231633124598208
QwenMix10,mix10,pick_and_place_simple,16.0,future_gameable_hack_action,late_phack,action_p_hack_late_slope,84,5,0.023256492356157954,-0.0015285944954181597,-0.024785086851576113,-0.6844529581513933
QwenMix10,mix10,pick_and_place_simple,16.0,future_gameable_hack_action,late_phack,action_p_hack_late_change,85,5,0.18766298122126068,0.12219184546265749,-0.0654711357586032,-0.3407917637090032
QwenMix10,mix10,pick_and_place_simple,16.0,future_gameable_hack_action,entropy,reasoning_entropy_mean,85,5,0.5039459029417196,0.6316855328594102,0.1277396299176906,0.38570111788525635
QwenMix10,mix10,pick_and_place_simple,16.0,future_gameable_hack_action,entropy,action_entropy_mean,85,5,0.32733105458949197,0.3490454989951104,0.021714444405618427,0.0714799348570065
QwenMix10,mix10,pick_and_place_simple,16.0,future_gameable_hack_action,entropy,reasoning_entropy_late_slope,85,5,0.3901623762497582,0.944269088935107,0.5541067126853487,0.5686062478036448
QwenMix10,mix10,pick_and_place_simple,16.0,future_gameable_hack_action,entropy,reasoning_entropy_late_change,85,5,-0.1540764860351447,-0.633769941329956,-0.47969345529481133,-0.5694102504857347
QwenMix10,mix10,pick_and_place_simple,16.0,future_gameable_hack_action,entropy,action_entropy_late_slope,84,5,0.5271435313992524,0.7674023449420929,0.2402588135428405,0.42514970478841363
QwenMix10,mix10,pick_and_place_simple,16.0,future_gameable_hack_action,entropy,action_entropy_late_change,85,5,-0.42789970181937165,0.26738177537918084,0.6952814771985525,1.0847510564493996
QwenMix10,mix10,pick_and_place_simple,16.0,future_gameable_hack_action,all,reasoning_p_hack,85,5,0.2740633935970582,0.2089951264671981,-0.06506826712986014,-0.6554511829492435
QwenMix10,mix10,pick_and_place_simple,16.0,future_gameable_hack_action,all,action_p_hack,85,5,0.3701349986187485,0.20222791314590718,-0.1679070854728413,-1.6217830818550025
QwenMix10,mix10,pick_and_place_simple,16.0,future_gameable_hack_action,all,reasoning_p_hack_late_slope,85,5,0.0067207149024345065,0.020393213039884943,0.013672498137450436,0.5069171037086159
QwenMix10,mix10,pick_and_place_simple,16.0,future_gameable_hack_action,all,reasoning_p_hack_late_change,85,5,0.07294726465035643,-0.14624439710751175,-0.2191916617578682,-1.231633124598208
QwenMix10,mix10,pick_and_place_simple,16.0,future_gameable_hack_action,all,action_p_hack_late_slope,84,5,0.023256492356157954,-0.0015285944954181597,-0.024785086851576113,-0.6844529581513933
QwenMix10,mix10,pick_and_place_simple,16.0,future_gameable_hack_action,all,action_p_hack_late_change,85,5,0.18766298122126068,0.12219184546265749,-0.0654711357586032,-0.3407917637090032
QwenMix10,mix10,pick_and_place_simple,16.0,future_gameable_hack_action,all,reasoning_entropy_mean,85,5,0.5039459029417196,0.6316855328594102,0.1277396299176906,0.38570111788525635
QwenMix10,mix10,pick_and_place_simple,16.0,future_gameable_hack_action,all,action_entropy_mean,85,5,0.32733105458949197,0.3490454989951104,0.021714444405618427,0.0714799348570065
QwenMix10,mix10,pick_and_place_simple,16.0,future_gameable_hack_action,all,reasoning_entropy_late_slope,85,5,0.3901623762497582,0.944269088935107,0.5541067126853487,0.5686062478036448
QwenMix10,mix10,pick_and_place_simple,16.0,future_gameable_hack_action,all,reasoning_entropy_late_change,85,5,-0.1540764860351447,-0.633769941329956,-0.47969345529481133,-0.5694102504857347
QwenMix10,mix10,pick_and_place_simple,16.0,future_gameable_hack_action,all,action_entropy_late_slope,84,5,0.5271435313992524,0.7674023449420929,0.2402588135428405,0.42514970478841363
QwenMix10,mix10,pick_and_place_simple,16.0,future_gameable_hack_action,all,action_entropy_late_change,85,5,-0.42789970181937165,0.26738177537918084,0.6952814771985525,1.0847510564493996
QwenMix10,mix10,pick_and_place_simple,16.0,easy_grader_action,mean_phack,reasoning_p_hack,85,5,0.2724094058191629,0.23711291869141862,-0.035296487127744275,-0.35555156549137473
QwenMix10,mix10,pick_and_place_simple,16.0,easy_grader_action,mean_phack,action_p_hack,85,5,0.36206570361238255,0.3394059282541275,-0.02265977535825503,-0.21886652496625592
QwenMix10,mix10,pick_and_place_simple,16.0,easy_grader_action,late_phack,reasoning_p_hack_late_slope,85,5,0.007445973726496708,0.008063813030827519,0.0006178393043308108,0.0229068095354755
QwenMix10,mix10,pick_and_place_simple,16.0,easy_grader_action,late_phack,reasoning_p_hack_late_change,85,5,0.06321132084021354,0.01926664766491739,-0.04394467317529615,-0.24692415166834789
QwenMix10,mix10,pick_and_place_simple,16.0,easy_grader_action,late_phack,action_p_hack_late_slope,84,5,0.023214943155607376,-0.0008305679261684601,-0.024045511081775835,-0.6640291917773526
QwenMix10,mix10,pick_and_place_simple,16.0,easy_grader_action,late_phack,action_p_hack_late_change,85,5,0.18585722557978493,0.15288969136774538,-0.032967534212039545,-0.17160331799775633
QwenMix10,mix10,pick_and_place_simple,16.0,easy_grader_action,entropy,reasoning_entropy_mean,85,5,0.4934916808445567,0.8094073085111815,0.3159156276666248,0.9538857348103589
QwenMix10,mix10,pick_and_place_simple,16.0,easy_grader_action,entropy,action_entropy_mean,85,5,0.31376406954793146,0.5796842447016388,0.26592017515370736,0.8753600341822522
QwenMix10,mix10,pick_and_place_simple,16.0,easy_grader_action,entropy,reasoning_entropy_late_slope,85,5,0.4229808610963635,0.3863548465428176,-0.036626014553545916,-0.03758442233331943
QwenMix10,mix10,pick_and_place_simple,16.0,easy_grader_action,entropy,reasoning_entropy_late_change,85,5,-0.12590349640725046,-1.112710765004158,-0.9868072685969076,-1.171369273002851
QwenMix10,mix10,pick_and_place_simple,16.0,easy_grader_action,entropy,action_entropy_late_slope,84,5,0.5171864388096201,0.934681500447914,0.41749506163829386,0.7387779019998015
QwenMix10,mix10,pick_and_place_simple,16.0,easy_grader_action,entropy,action_entropy_late_change,85,5,-0.3847704961156363,-0.4658147215843201,-0.08104422546868378,-0.1264420412154496
QwenMix10,mix10,pick_and_place_simple,16.0,easy_grader_action,all,reasoning_p_hack,85,5,0.2724094058191629,0.23711291869141862,-0.035296487127744275,-0.35555156549137473
QwenMix10,mix10,pick_and_place_simple,16.0,easy_grader_action,all,action_p_hack,85,5,0.36206570361238255,0.3394059282541275,-0.02265977535825503,-0.21886652496625592
QwenMix10,mix10,pick_and_place_simple,16.0,easy_grader_action,all,reasoning_p_hack_late_slope,85,5,0.007445973726496708,0.008063813030827519,0.0006178393043308108,0.0229068095354755
QwenMix10,mix10,pick_and_place_simple,16.0,easy_grader_action,all,reasoning_p_hack_late_change,85,5,0.06321132084021354,0.01926664766491739,-0.04394467317529615,-0.24692415166834789
QwenMix10,mix10,pick_and_place_simple,16.0,easy_grader_action,all,action_p_hack_late_slope,84,5,0.023214943155607376,-0.0008305679261684601,-0.024045511081775835,-0.6640291917773526
QwenMix10,mix10,pick_and_place_simple,16.0,easy_grader_action,all,action_p_hack_late_change,85,5,0.18585722557978493,0.15288969136774538,-0.032967534212039545,-0.17160331799775633
QwenMix10,mix10,pick_and_place_simple,16.0,easy_grader_action,all,reasoning_entropy_mean,85,5,0.4934916808445567,0.8094073085111815,0.3159156276666248,0.9538857348103589
QwenMix10,mix10,pick_and_place_simple,16.0,easy_grader_action,all,action_entropy_mean,85,5,0.31376406954793146,0.5796842447016388,0.26592017515370736,0.8753600341822522
QwenMix10,mix10,pick_and_place_simple,16.0,easy_grader_action,all,reasoning_entropy_late_slope,85,5,0.4229808610963635,0.3863548465428176,-0.036626014553545916,-0.03758442233331943
QwenMix10,mix10,pick_and_place_simple,16.0,easy_grader_action,all,reasoning_entropy_late_change,85,5,-0.12590349640725046,-1.112710765004158,-0.9868072685969076,-1.171369273002851
QwenMix10,mix10,pick_and_place_simple,16.0,easy_grader_action,all,action_entropy_late_slope,84,5,0.5171864388096201,0.934681500447914,0.41749506163829386,0.7387779019998015
QwenMix10,mix10,pick_and_place_simple,16.0,easy_grader_action,all,action_entropy_late_change,85,5,-0.3847704961156363,-0.4658147215843201,-0.08104422546868378,-0.1264420412154496
QwenMix10,mix10,pick_and_place_simple,16.0,future_easy_grader_action,mean_phack,reasoning_p_hack,85,5,0.2740633935970582,0.2089951264671981,-0.06506826712986014,-0.6554511829492435
QwenMix10,mix10,pick_and_place_simple,16.0,future_easy_grader_action,mean_phack,action_p_hack,85,5,0.3701349986187485,0.20222791314590718,-0.1679070854728413,-1.6217830818550025
QwenMix10,mix10,pick_and_place_simple,16.0,future_easy_grader_action,late_phack,reasoning_p_hack_late_slope,85,5,0.0067207149024345065,0.020393213039884943,0.013672498137450436,0.5069171037086159
QwenMix10,mix10,pick_and_place_simple,16.0,future_easy_grader_action,late_phack,reasoning_p_hack_late_change,85,5,0.07294726465035643,-0.14624439710751175,-0.2191916617578682,-1.231633124598208
QwenMix10,mix10,pick_and_place_simple,16.0,future_easy_grader_action,late_phack,action_p_hack_late_slope,84,5,0.023256492356157954,-0.0015285944954181597,-0.024785086851576113,-0.6844529581513933
QwenMix10,mix10,pick_and_place_simple,16.0,future_easy_grader_action,late_phack,action_p_hack_late_change,85,5,0.18766298122126068,0.12219184546265749,-0.0654711357586032,-0.3407917637090032
QwenMix10,mix10,pick_and_place_simple,16.0,future_easy_grader_action,entropy,reasoning_entropy_mean,85,5,0.5039459029417196,0.6316855328594102,0.1277396299176906,0.38570111788525635
QwenMix10,mix10,pick_and_place_simple,16.0,future_easy_grader_action,entropy,action_entropy_mean,85,5,0.32733105458949197,0.3490454989951104,0.021714444405618427,0.0714799348570065
QwenMix10,mix10,pick_and_place_simple,16.0,future_easy_grader_action,entropy,reasoning_entropy_late_slope,85,5,0.3901623762497582,0.944269088935107,0.5541067126853487,0.5686062478036448
QwenMix10,mix10,pick_and_place_simple,16.0,future_easy_grader_action,entropy,reasoning_entropy_late_change,85,5,-0.1540764860351447,-0.633769941329956,-0.47969345529481133,-0.5694102504857347
QwenMix10,mix10,pick_and_place_simple,16.0,future_easy_grader_action,entropy,action_entropy_late_slope,84,5,0.5271435313992524,0.7674023449420929,0.2402588135428405,0.42514970478841363
QwenMix10,mix10,pick_and_place_simple,16.0,future_easy_grader_action,entropy,action_entropy_late_change,85,5,-0.42789970181937165,0.26738177537918084,0.6952814771985525,1.0847510564493996
QwenMix10,mix10,pick_and_place_simple,16.0,future_easy_grader_action,all,reasoning_p_hack,85,5,0.2740633935970582,0.2089951264671981,-0.06506826712986014,-0.6554511829492435
QwenMix10,mix10,pick_and_place_simple,16.0,future_easy_grader_action,all,action_p_hack,85,5,0.3701349986187485,0.20222791314590718,-0.1679070854728413,-1.6217830818550025
QwenMix10,mix10,pick_and_place_simple,16.0,future_easy_grader_action,all,reasoning_p_hack_late_slope,85,5,0.0067207149024345065,0.020393213039884943,0.013672498137450436,0.5069171037086159
QwenMix10,mix10,pick_and_place_simple,16.0,future_easy_grader_action,all,reasoning_p_hack_late_change,85,5,0.07294726465035643,-0.14624439710751175,-0.2191916617578682,-1.231633124598208
QwenMix10,mix10,pick_and_place_simple,16.0,future_easy_grader_action,all,action_p_hack_late_slope,84,5,0.023256492356157954,-0.0015285944954181597,-0.024785086851576113,-0.6844529581513933
QwenMix10,mix10,pick_and_place_simple,16.0,future_easy_grader_action,all,action_p_hack_late_change,85,5,0.18766298122126068,0.12219184546265749,-0.0654711357586032,-0.3407917637090032
QwenMix10,mix10,pick_and_place_simple,16.0,future_easy_grader_action,all,reasoning_entropy_mean,85,5,0.5039459029417196,0.6316855328594102,0.1277396299176906,0.38570111788525635
QwenMix10,mix10,pick_and_place_simple,16.0,future_easy_grader_action,all,action_entropy_mean,85,5,0.32733105458949197,0.3490454989951104,0.021714444405618427,0.0714799348570065
QwenMix10,mix10,pick_and_place_simple,16.0,future_easy_grader_action,all,reasoning_entropy_late_slope,85,5,0.3901623762497582,0.944269088935107,0.5541067126853487,0.5686062478036448
QwenMix10,mix10,pick_and_place_simple,16.0,future_easy_grader_action,all,reasoning_entropy_late_change,85,5,-0.1540764860351447,-0.633769941329956,-0.47969345529481133,-0.5694102504857347
QwenMix10,mix10,pick_and_place_simple,16.0,future_easy_grader_action,all,action_entropy_late_slope,84,5,0.5271435313992524,0.7674023449420929,0.2402588135428405,0.42514970478841363
QwenMix10,mix10,pick_and_place_simple,16.0,future_easy_grader_action,all,action_entropy_late_change,85,5,-0.42789970181937165,0.26738177537918084,0.6952814771985525,1.0847510564493996
QwenMix10,mix10,pick_and_place_simple,32.0,gameable_hack_action,mean_phack,reasoning_p_hack,87,3,0.25336162373861737,0.22505539561777063,-0.028306228120846738,-0.3129229232410143
QwenMix10,mix10,pick_and_place_simple,32.0,gameable_hack_action,mean_phack,action_p_hack,87,3,0.3374225789351385,0.31733571148167056,-0.020086867453467938,-0.20671466855006299
QwenMix10,mix10,pick_and_place_simple,32.0,gameable_hack_action,late_phack,reasoning_p_hack_late_slope,86,3,0.007514554517883359,0.0190160624547085,0.011501507936825141,0.4798602050343935
QwenMix10,mix10,pick_and_place_simple,32.0,gameable_hack_action,late_phack,reasoning_p_hack_late_change,87,3,0.056809694358959995,0.1892433728324249,0.1324336784734649,0.8023551065260732
QwenMix10,mix10,pick_and_place_simple,32.0,gameable_hack_action,late_phack,action_p_hack_late_slope,86,3,0.012895066187382825,0.0005374435180177002,-0.012357622669365124,-0.31834806436960134
QwenMix10,mix10,pick_and_place_simple,32.0,gameable_hack_action,late_phack,action_p_hack_late_change,87,3,0.21915923436903087,0.13945687469094986,-0.07970235967808101,-0.42975229195699377
QwenMix10,mix10,pick_and_place_simple,32.0,gameable_hack_action,entropy,reasoning_entropy_mean,87,3,0.4985962936666096,0.6267190953959169,0.12812280172930723,0.4107176531037655
QwenMix10,mix10,pick_and_place_simple,32.0,gameable_hack_action,entropy,action_entropy_mean,87,3,0.2977300363161359,0.5303288546701271,0.2325988183539912,0.7568971677617189
QwenMix10,mix10,pick_and_place_simple,32.0,gameable_hack_action,entropy,reasoning_entropy_late_slope,86,3,0.43457164908024803,0.8767670958526045,0.44219544677235645,0.5310539207527003
QwenMix10,mix10,pick_and_place_simple,32.0,gameable_hack_action,entropy,reasoning_entropy_late_change,87,3,-0.07373466362570442,-0.8098042209943136,-0.7360695573686091,-1.15059526637588
QwenMix10,mix10,pick_and_place_simple,32.0,gameable_hack_action,entropy,action_entropy_late_slope,86,3,0.3825199757140877,0.9249515595535437,0.542431583839456,1.074851265071585
QwenMix10,mix10,pick_and_place_simple,32.0,gameable_hack_action,entropy,action_entropy_late_change,87,3,-0.6652753775030771,-0.45721224943796795,0.20806312806510913,0.27967142403324724
QwenMix10,mix10,pick_and_place_simple,32.0,gameable_hack_action,all,reasoning_p_hack,87,3,0.25336162373861737,0.22505539561777063,-0.028306228120846738,-0.3129229232410143
QwenMix10,mix10,pick_and_place_simple,32.0,gameable_hack_action,all,action_p_hack,87,3,0.3374225789351385,0.31733571148167056,-0.020086867453467938,-0.20671466855006299
QwenMix10,mix10,pick_and_place_simple,32.0,gameable_hack_action,all,reasoning_p_hack_late_slope,86,3,0.007514554517883359,0.0190160624547085,0.011501507936825141,0.4798602050343935
QwenMix10,mix10,pick_and_place_simple,32.0,gameable_hack_action,all,reasoning_p_hack_late_change,87,3,0.056809694358959995,0.1892433728324249,0.1324336784734649,0.8023551065260732
QwenMix10,mix10,pick_and_place_simple,32.0,gameable_hack_action,all,action_p_hack_late_slope,86,3,0.012895066187382825,0.0005374435180177002,-0.012357622669365124,-0.31834806436960134
QwenMix10,mix10,pick_and_place_simple,32.0,gameable_hack_action,all,action_p_hack_late_change,87,3,0.21915923436903087,0.13945687469094986,-0.07970235967808101,-0.42975229195699377
QwenMix10,mix10,pick_and_place_simple,32.0,gameable_hack_action,all,reasoning_entropy_mean,87,3,0.4985962936666096,0.6267190953959169,0.12812280172930723,0.4107176531037655
QwenMix10,mix10,pick_and_place_simple,32.0,gameable_hack_action,all,action_entropy_mean,87,3,0.2977300363161359,0.5303288546701271,0.2325988183539912,0.7568971677617189
QwenMix10,mix10,pick_and_place_simple,32.0,gameable_hack_action,all,reasoning_entropy_late_slope,86,3,0.43457164908024803,0.8767670958526045,0.44219544677235645,0.5310539207527003
QwenMix10,mix10,pick_and_place_simple,32.0,gameable_hack_action,all,reasoning_entropy_late_change,87,3,-0.07373466362570442,-0.8098042209943136,-0.7360695573686091,-1.15059526637588
QwenMix10,mix10,pick_and_place_simple,32.0,gameable_hack_action,all,action_entropy_late_slope,86,3,0.3825199757140877,0.9249515595535437,0.542431583839456,1.074851265071585
QwenMix10,mix10,pick_and_place_simple,32.0,gameable_hack_action,all,action_entropy_late_change,87,3,-0.6652753775030771,-0.45721224943796795,0.20806312806510913,0.27967142403324724
QwenMix10,mix10,pick_and_place_simple,32.0,future_gameable_hack_action,mean_phack,reasoning_p_hack,87,3,0.25290596446655017,0.23826951450771752,-0.014636449958832648,-0.16180469850787488
QwenMix10,mix10,pick_and_place_simple,32.0,future_gameable_hack_action,mean_phack,action_p_hack,87,3,0.3422284677128193,0.17796493692892704,-0.16426353078389225,-1.6904418471180287
QwenMix10,mix10,pick_and_place_simple,32.0,future_gameable_hack_action,late_phack,reasoning_p_hack_late_slope,86,3,0.007395121257052842,0.022439815931849964,0.015044694674797122,0.6276872833529352
QwenMix10,mix10,pick_and_place_simple,32.0,future_gameable_hack_action,late_phack,reasoning_p_hack_late_change,87,3,0.06846959575159184,-0.14889376755389902,-0.21736336330549086,-1.3169052353611614
QwenMix10,mix10,pick_and_place_simple,32.0,future_gameable_hack_action,late_phack,action_p_hack_late_slope,86,3,0.012144362366767022,0.022057619709004134,0.009913257342237112,0.25537810717609943
QwenMix10,mix10,pick_and_place_simple,32.0,future_gameable_hack_action,late_phack,action_p_hack_late_change,87,3,0.21914893346543549,0.13975560089521522,-0.07939333257022027,-0.42808602876960017
QwenMix10,mix10,pick_and_place_simple,32.0,future_gameable_hack_action,entropy,reasoning_entropy_mean,87,3,0.4977218783353864,0.6520771400013877,0.15435526166600133,0.4948099008139016
QwenMix10,mix10,pick_and_place_simple,32.0,future_gameable_hack_action,entropy,action_entropy_mean,87,3,0.2983877563751282,0.5112549729593513,0.21286721658422308,0.6926887869942361
QwenMix10,mix10,pick_and_place_simple,32.0,future_gameable_hack_action,entropy,reasoning_entropy_late_slope,86,3,0.43673308732666133,0.8148058661220906,0.3780727787954293,0.4540459043047128
QwenMix10,mix10,pick_and_place_simple,32.0,future_gameable_hack_action,entropy,reasoning_entropy_late_change,87,3,-0.07819271561415264,-0.6805207133293152,-0.6023279977151625,-0.9415356687950475
QwenMix10,mix10,pick_and_place_simple,32.0,future_gameable_hack_action,entropy,action_entropy_late_slope,86,3,0.3876327200187641,0.7783862228194872,0.39075350280072313,0.7742946932471003
QwenMix10,mix10,pick_and_place_simple,32.0,future_gameable_hack_action,entropy,action_entropy_late_change,87,3,-0.6782443911063314,-0.08111085494359332,0.5971335361627381,0.8026467156851641
QwenMix10,mix10,pick_and_place_simple,32.0,future_gameable_hack_action,all,reasoning_p_hack,87,3,0.25290596446655017,0.23826951450771752,-0.014636449958832648,-0.16180469850787488
QwenMix10,mix10,pick_and_place_simple,32.0,future_gameable_hack_action,all,action_p_hack,87,3,0.3422284677128193,0.17796493692892704,-0.16426353078389225,-1.6904418471180287
QwenMix10,mix10,pick_and_place_simple,32.0,future_gameable_hack_action,all,reasoning_p_hack_late_slope,86,3,0.007395121257052842,0.022439815931849964,0.015044694674797122,0.6276872833529352
QwenMix10,mix10,pick_and_place_simple,32.0,future_gameable_hack_action,all,reasoning_p_hack_late_change,87,3,0.06846959575159184,-0.14889376755389902,-0.21736336330549086,-1.3169052353611614
QwenMix10,mix10,pick_and_place_simple,32.0,future_gameable_hack_action,all,action_p_hack_late_slope,86,3,0.012144362366767022,0.022057619709004134,0.009913257342237112,0.25537810717609943
QwenMix10,mix10,pick_and_place_simple,32.0,future_gameable_hack_action,all,action_p_hack_late_change,87,3,0.21914893346543549,0.13975560089521522,-0.07939333257022027,-0.42808602876960017
QwenMix10,mix10,pick_and_place_simple,32.0,future_gameable_hack_action,all,reasoning_entropy_mean,87,3,0.4977218783353864,0.6520771400013877,0.15435526166600133,0.4948099008139016
QwenMix10,mix10,pick_and_place_simple,32.0,future_gameable_hack_action,all,action_entropy_mean,87,3,0.2983877563751282,0.5112549729593513,0.21286721658422308,0.6926887869942361
QwenMix10,mix10,pick_and_place_simple,32.0,future_gameable_hack_action,all,reasoning_entropy_late_slope,86,3,0.43673308732666133,0.8148058661220906,0.3780727787954293,0.4540459043047128
QwenMix10,mix10,pick_and_place_simple,32.0,future_gameable_hack_action,all,reasoning_entropy_late_change,87,3,-0.07819271561415264,-0.6805207133293152,-0.6023279977151625,-0.9415356687950475
QwenMix10,mix10,pick_and_place_simple,32.0,future_gameable_hack_action,all,action_entropy_late_slope,86,3,0.3876327200187641,0.7783862228194872,0.39075350280072313,0.7742946932471003
QwenMix10,mix10,pick_and_place_simple,32.0,future_gameable_hack_action,all,action_entropy_late_change,87,3,-0.6782443911063314,-0.08111085494359332,0.5971335361627381,0.8026467156851641
QwenMix10,mix10,pick_and_place_simple,32.0,easy_grader_action,mean_phack,reasoning_p_hack,87,3,0.25336162373861737,0.22505539561777063,-0.028306228120846738,-0.3129229232410143
QwenMix10,mix10,pick_and_place_simple,32.0,easy_grader_action,mean_phack,action_p_hack,87,3,0.3374225789351385,0.31733571148167056,-0.020086867453467938,-0.20671466855006299
QwenMix10,mix10,pick_and_place_simple,32.0,easy_grader_action,late_phack,reasoning_p_hack_late_slope,86,3,0.007514554517883359,0.0190160624547085,0.011501507936825141,0.4798602050343935
QwenMix10,mix10,pick_and_place_simple,32.0,easy_grader_action,late_phack,reasoning_p_hack_late_change,87,3,0.056809694358959995,0.1892433728324249,0.1324336784734649,0.8023551065260732
QwenMix10,mix10,pick_and_place_simple,32.0,easy_grader_action,late_phack,action_p_hack_late_slope,86,3,0.012895066187382825,0.0005374435180177002,-0.012357622669365124,-0.31834806436960134
QwenMix10,mix10,pick_and_place_simple,32.0,easy_grader_action,late_phack,action_p_hack_late_change,87,3,0.21915923436903087,0.13945687469094986,-0.07970235967808101,-0.42975229195699377
QwenMix10,mix10,pick_and_place_simple,32.0,easy_grader_action,entropy,reasoning_entropy_mean,87,3,0.4985962936666096,0.6267190953959169,0.12812280172930723,0.4107176531037655
QwenMix10,mix10,pick_and_place_simple,32.0,easy_grader_action,entropy,action_entropy_mean,87,3,0.2977300363161359,0.5303288546701271,0.2325988183539912,0.7568971677617189
QwenMix10,mix10,pick_and_place_simple,32.0,easy_grader_action,entropy,reasoning_entropy_late_slope,86,3,0.43457164908024803,0.8767670958526045,0.44219544677235645,0.5310539207527003
QwenMix10,mix10,pick_and_place_simple,32.0,easy_grader_action,entropy,reasoning_entropy_late_change,87,3,-0.07373466362570442,-0.8098042209943136,-0.7360695573686091,-1.15059526637588
QwenMix10,mix10,pick_and_place_simple,32.0,easy_grader_action,entropy,action_entropy_late_slope,86,3,0.3825199757140877,0.9249515595535437,0.542431583839456,1.074851265071585
QwenMix10,mix10,pick_and_place_simple,32.0,easy_grader_action,entropy,action_entropy_late_change,87,3,-0.6652753775030771,-0.45721224943796795,0.20806312806510913,0.27967142403324724
QwenMix10,mix10,pick_and_place_simple,32.0,easy_grader_action,all,reasoning_p_hack,87,3,0.25336162373861737,0.22505539561777063,-0.028306228120846738,-0.3129229232410143
QwenMix10,mix10,pick_and_place_simple,32.0,easy_grader_action,all,action_p_hack,87,3,0.3374225789351385,0.31733571148167056,-0.020086867453467938,-0.20671466855006299
QwenMix10,mix10,pick_and_place_simple,32.0,easy_grader_action,all,reasoning_p_hack_late_slope,86,3,0.007514554517883359,0.0190160624547085,0.011501507936825141,0.4798602050343935
QwenMix10,mix10,pick_and_place_simple,32.0,easy_grader_action,all,reasoning_p_hack_late_change,87,3,0.056809694358959995,0.1892433728324249,0.1324336784734649,0.8023551065260732
QwenMix10,mix10,pick_and_place_simple,32.0,easy_grader_action,all,action_p_hack_late_slope,86,3,0.012895066187382825,0.0005374435180177002,-0.012357622669365124,-0.31834806436960134
QwenMix10,mix10,pick_and_place_simple,32.0,easy_grader_action,all,action_p_hack_late_change,87,3,0.21915923436903087,0.13945687469094986,-0.07970235967808101,-0.42975229195699377
QwenMix10,mix10,pick_and_place_simple,32.0,easy_grader_action,all,reasoning_entropy_mean,87,3,0.4985962936666096,0.6267190953959169,0.12812280172930723,0.4107176531037655
QwenMix10,mix10,pick_and_place_simple,32.0,easy_grader_action,all,action_entropy_mean,87,3,0.2977300363161359,0.5303288546701271,0.2325988183539912,0.7568971677617189
QwenMix10,mix10,pick_and_place_simple,32.0,easy_grader_action,all,reasoning_entropy_late_slope,86,3,0.43457164908024803,0.8767670958526045,0.44219544677235645,0.5310539207527003
QwenMix10,mix10,pick_and_place_simple,32.0,easy_grader_action,all,reasoning_entropy_late_change,87,3,-0.07373466362570442,-0.8098042209943136,-0.7360695573686091,-1.15059526637588
QwenMix10,mix10,pick_and_place_simple,32.0,easy_grader_action,all,action_entropy_late_slope,86,3,0.3825199757140877,0.9249515595535437,0.542431583839456,1.074851265071585
QwenMix10,mix10,pick_and_place_simple,32.0,easy_grader_action,all,action_entropy_late_change,87,3,-0.6652753775030771,-0.45721224943796795,0.20806312806510913,0.27967142403324724
QwenMix10,mix10,pick_and_place_simple,32.0,future_easy_grader_action,mean_phack,reasoning_p_hack,87,3,0.25290596446655017,0.23826951450771752,-0.014636449958832648,-0.16180469850787488
QwenMix10,mix10,pick_and_place_simple,32.0,future_easy_grader_action,mean_phack,action_p_hack,87,3,0.3422284677128193,0.17796493692892704,-0.16426353078389225,-1.6904418471180287
QwenMix10,mix10,pick_and_place_simple,32.0,future_easy_grader_action,late_phack,reasoning_p_hack_late_slope,86,3,0.007395121257052842,0.022439815931849964,0.015044694674797122,0.6276872833529352
QwenMix10,mix10,pick_and_place_simple,32.0,future_easy_grader_action,late_phack,reasoning_p_hack_late_change,87,3,0.06846959575159184,-0.14889376755389902,-0.21736336330549086,-1.3169052353611614
QwenMix10,mix10,pick_and_place_simple,32.0,future_easy_grader_action,late_phack,action_p_hack_late_slope,86,3,0.012144362366767022,0.022057619709004134,0.009913257342237112,0.25537810717609943
QwenMix10,mix10,pick_and_place_simple,32.0,future_easy_grader_action,late_phack,action_p_hack_late_change,87,3,0.21914893346543549,0.13975560089521522,-0.07939333257022027,-0.42808602876960017
QwenMix10,mix10,pick_and_place_simple,32.0,future_easy_grader_action,entropy,reasoning_entropy_mean,87,3,0.4977218783353864,0.6520771400013877,0.15435526166600133,0.4948099008139016
QwenMix10,mix10,pick_and_place_simple,32.0,future_easy_grader_action,entropy,action_entropy_mean,87,3,0.2983877563751282,0.5112549729593513,0.21286721658422308,0.6926887869942361
QwenMix10,mix10,pick_and_place_simple,32.0,future_easy_grader_action,entropy,reasoning_entropy_late_slope,86,3,0.43673308732666133,0.8148058661220906,0.3780727787954293,0.4540459043047128
QwenMix10,mix10,pick_and_place_simple,32.0,future_easy_grader_action,entropy,reasoning_entropy_late_change,87,3,-0.07819271561415264,-0.6805207133293152,-0.6023279977151625,-0.9415356687950475
QwenMix10,mix10,pick_and_place_simple,32.0,future_easy_grader_action,entropy,action_entropy_late_slope,86,3,0.3876327200187641,0.7783862228194872,0.39075350280072313,0.7742946932471003
QwenMix10,mix10,pick_and_place_simple,32.0,future_easy_grader_action,entropy,action_entropy_late_change,87,3,-0.6782443911063314,-0.08111085494359332,0.5971335361627381,0.8026467156851641
QwenMix10,mix10,pick_and_place_simple,32.0,future_easy_grader_action,all,reasoning_p_hack,87,3,0.25290596446655017,0.23826951450771752,-0.014636449958832648,-0.16180469850787488
QwenMix10,mix10,pick_and_place_simple,32.0,future_easy_grader_action,all,action_p_hack,87,3,0.3422284677128193,0.17796493692892704,-0.16426353078389225,-1.6904418471180287
QwenMix10,mix10,pick_and_place_simple,32.0,future_easy_grader_action,all,reasoning_p_hack_late_slope,86,3,0.007395121257052842,0.022439815931849964,0.015044694674797122,0.6276872833529352
QwenMix10,mix10,pick_and_place_simple,32.0,future_easy_grader_action,all,reasoning_p_hack_late_change,87,3,0.06846959575159184,-0.14889376755389902,-0.21736336330549086,-1.3169052353611614
QwenMix10,mix10,pick_and_place_simple,32.0,future_easy_grader_action,all,action_p_hack_late_slope,86,3,0.012144362366767022,0.022057619709004134,0.009913257342237112,0.25537810717609943
QwenMix10,mix10,pick_and_place_simple,32.0,future_easy_grader_action,all,action_p_hack_late_change,87,3,0.21914893346543549,0.13975560089521522,-0.07939333257022027,-0.42808602876960017
QwenMix10,mix10,pick_and_place_simple,32.0,future_easy_grader_action,all,reasoning_entropy_mean,87,3,0.4977218783353864,0.6520771400013877,0.15435526166600133,0.4948099008139016
QwenMix10,mix10,pick_and_place_simple,32.0,future_easy_grader_action,all,action_entropy_mean,87,3,0.2983877563751282,0.5112549729593513,0.21286721658422308,0.6926887869942361
QwenMix10,mix10,pick_and_place_simple,32.0,future_easy_grader_action,all,reasoning_entropy_late_slope,86,3,0.43673308732666133,0.8148058661220906,0.3780727787954293,0.4540459043047128
QwenMix10,mix10,pick_and_place_simple,32.0,future_easy_grader_action,all,reasoning_entropy_late_change,87,3,-0.07819271561415264,-0.6805207133293152,-0.6023279977151625,-0.9415356687950475
QwenMix10,mix10,pick_and_place_simple,32.0,future_easy_grader_action,all,action_entropy_late_slope,86,3,0.3876327200187641,0.7783862228194872,0.39075350280072313,0.7742946932471003
QwenMix10,mix10,pick_and_place_simple,32.0,future_easy_grader_action,all,action_entropy_late_change,87,3,-0.6782443911063314,-0.08111085494359332,0.5971335361627381,0.8026467156851641
QwenMix10,mix10,pick_and_place_simple,64.0,gameable_hack_action,mean_phack,reasoning_p_hack,88,2,0.2843785988294749,0.2866011393589101,0.0022225405294351575,0.023823185296037917
QwenMix10,mix10,pick_and_place_simple,64.0,gameable_hack_action,mean_phack,action_p_hack,88,2,0.37256219960994613,0.29009057758376,-0.08247162202618613,-0.8884329070546405
QwenMix10,mix10,pick_and_place_simple,64.0,gameable_hack_action,late_phack,reasoning_p_hack_late_slope,87,2,0.005420147282646131,0.04640384605861195,0.04098369877596582,1.9435717725794044
QwenMix10,mix10,pick_and_place_simple,64.0,gameable_hack_action,late_phack,reasoning_p_hack_late_change,88,2,0.059250390257522524,0.06789976464185331,0.008649374384330784,0.05172368954647326
QwenMix10,mix10,pick_and_place_simple,64.0,gameable_hack_action,late_phack,action_p_hack_late_slope,87,2,0.017084563857405016,0.00814688906539225,-0.008937674792012766,-0.24368364967548964
QwenMix10,mix10,pick_and_place_simple,64.0,gameable_hack_action,late_phack,action_p_hack_late_change,88,2,0.2286902222022307,0.19185304632410405,-0.036837175878126655,-0.2170765330701434
QwenMix10,mix10,pick_and_place_simple,64.0,gameable_hack_action,entropy,reasoning_entropy_mean,88,2,0.4309725475742045,0.8072933392173062,0.37632079164310167,1.307468157995587
QwenMix10,mix10,pick_and_place_simple,64.0,gameable_hack_action,entropy,action_entropy_mean,88,2,0.3070682903950497,0.6128300608485006,0.3057617704534509,1.1448010000262525
QwenMix10,mix10,pick_and_place_simple,64.0,gameable_hack_action,entropy,reasoning_entropy_late_slope,87,2,0.45131403239698903,-1.5678748315112898,-2.019188863908279,-2.372566189229684
QwenMix10,mix10,pick_and_place_simple,64.0,gameable_hack_action,entropy,reasoning_entropy_late_change,88,2,-0.10395182036182843,-1.1256184130907059,-1.0216665927288775,-1.5864173351731288
QwenMix10,mix10,pick_and_place_simple,64.0,gameable_hack_action,entropy,action_entropy_late_slope,87,2,0.5597018704986488,0.9439877041731961,0.3842858336745473,0.6402400048868149
QwenMix10,mix10,pick_and_place_simple,64.0,gameable_hack_action,entropy,action_entropy_late_change,88,2,-0.4209755505335951,-0.7688599228858948,-0.3478843723522997,-0.4081350787191145
QwenMix10,mix10,pick_and_place_simple,64.0,gameable_hack_action,all,reasoning_p_hack,88,2,0.2843785988294749,0.2866011393589101,0.0022225405294351575,0.023823185296037917
QwenMix10,mix10,pick_and_place_simple,64.0,gameable_hack_action,all,action_p_hack,88,2,0.37256219960994613,0.29009057758376,-0.08247162202618613,-0.8884329070546405
QwenMix10,mix10,pick_and_place_simple,64.0,gameable_hack_action,all,reasoning_p_hack_late_slope,87,2,0.005420147282646131,0.04640384605861195,0.04098369877596582,1.9435717725794044
QwenMix10,mix10,pick_and_place_simple,64.0,gameable_hack_action,all,reasoning_p_hack_late_change,88,2,0.059250390257522524,0.06789976464185331,0.008649374384330784,0.05172368954647326
QwenMix10,mix10,pick_and_place_simple,64.0,gameable_hack_action,all,action_p_hack_late_slope,87,2,0.017084563857405016,0.00814688906539225,-0.008937674792012766,-0.24368364967548964
QwenMix10,mix10,pick_and_place_simple,64.0,gameable_hack_action,all,action_p_hack_late_change,88,2,0.2286902222022307,0.19185304632410405,-0.036837175878126655,-0.2170765330701434
QwenMix10,mix10,pick_and_place_simple,64.0,gameable_hack_action,all,reasoning_entropy_mean,88,2,0.4309725475742045,0.8072933392173062,0.37632079164310167,1.307468157995587
QwenMix10,mix10,pick_and_place_simple,64.0,gameable_hack_action,all,action_entropy_mean,88,2,0.3070682903950497,0.6128300608485006,0.3057617704534509,1.1448010000262525
QwenMix10,mix10,pick_and_place_simple,64.0,gameable_hack_action,all,reasoning_entropy_late_slope,87,2,0.45131403239698903,-1.5678748315112898,-2.019188863908279,-2.372566189229684
QwenMix10,mix10,pick_and_place_simple,64.0,gameable_hack_action,all,reasoning_entropy_late_change,88,2,-0.10395182036182843,-1.1256184130907059,-1.0216665927288775,-1.5864173351731288
QwenMix10,mix10,pick_and_place_simple,64.0,gameable_hack_action,all,action_entropy_late_slope,87,2,0.5597018704986488,0.9439877041731961,0.3842858336745473,0.6402400048868149
QwenMix10,mix10,pick_and_place_simple,64.0,gameable_hack_action,all,action_entropy_late_change,88,2,-0.4209755505335951,-0.7688599228858948,-0.3478843723522997,-0.4081350787191145
QwenMix10,mix10,pick_and_place_simple,64.0,future_gameable_hack_action,mean_phack,reasoning_p_hack,88,2,0.28501979505628294,0.25838850537935887,-0.026631289676924075,-0.2854580783762188
QwenMix10,mix10,pick_and_place_simple,64.0,future_gameable_hack_action,mean_phack,action_p_hack,88,2,0.37164313038788455,0.33052962335447467,-0.04111350703340988,-0.44289892299324424
QwenMix10,mix10,pick_and_place_simple,64.0,future_gameable_hack_action,late_phack,reasoning_p_hack_late_slope,87,2,0.005515049512519248,0.04227559905913135,0.0367605495466121,1.7432971785650693
QwenMix10,mix10,pick_and_place_simple,64.0,future_gameable_hack_action,late_phack,reasoning_p_hack_late_change,88,2,0.062331702492735494,-0.06767797370751695,-0.13000967620025244,-0.7774643379990149
QwenMix10,mix10,pick_and_place_simple,64.0,future_gameable_hack_action,late_phack,action_p_hack_late_slope,87,2,0.015424273363627826,0.08036952554470014,0.06494525218107232,1.7707173788334625
QwenMix10,mix10,pick_and_place_simple,64.0,future_gameable_hack_action,late_phack,action_p_hack_late_change,88,2,0.23500064111150526,-0.08580538568397364,-0.32080602679547887,-1.8904668565029958
QwenMix10,mix10,pick_and_place_simple,64.0,future_gameable_hack_action,entropy,reasoning_entropy_mean,88,2,0.4389168619930264,0.4577435047891413,0.0188266427961149,0.06541024712028677
QwenMix10,mix10,pick_and_place_simple,64.0,future_gameable_hack_action,entropy,action_entropy_mean,88,2,0.31101848526971226,0.43902148636334454,0.12800300109363227,0.4792553478514759
QwenMix10,mix10,pick_and_place_simple,64.0,future_gameable_hack_action,entropy,reasoning_entropy_late_slope,87,2,0.3976485367611411,0.7665742286480963,0.36892569188695523,0.4334912095419115
QwenMix10,mix10,pick_and_place_simple,64.0,future_gameable_hack_action,entropy,reasoning_entropy_late_change,88,2,-0.1297420420123205,0.009151339530944824,0.13889338154326533,0.21567003344262684
QwenMix10,mix10,pick_and_place_simple,64.0,future_gameable_hack_action,entropy,action_entropy_late_slope,87,2,0.5663524711144627,0.6546865773852915,0.08833410627082872,0.14716917376247707
QwenMix10,mix10,pick_and_place_simple,64.0,future_gameable_hack_action,entropy,action_entropy_late_change,88,2,-0.43841392071242974,-0.0015716350171715021,0.43684228569525824,0.5124997695484825
QwenMix10,mix10,pick_and_place_simple,64.0,future_gameable_hack_action,all,reasoning_p_hack,88,2,0.28501979505628294,0.25838850537935887,-0.026631289676924075,-0.2854580783762188
QwenMix10,mix10,pick_and_place_simple,64.0,future_gameable_hack_action,all,action_p_hack,88,2,0.37164313038788455,0.33052962335447467,-0.04111350703340988,-0.44289892299324424
QwenMix10,mix10,pick_and_place_simple,64.0,future_gameable_hack_action,all,reasoning_p_hack_late_slope,87,2,0.005515049512519248,0.04227559905913135,0.0367605495466121,1.7432971785650693
QwenMix10,mix10,pick_and_place_simple,64.0,future_gameable_hack_action,all,reasoning_p_hack_late_change,88,2,0.062331702492735494,-0.06767797370751695,-0.13000967620025244,-0.7774643379990149
QwenMix10,mix10,pick_and_place_simple,64.0,future_gameable_hack_action,all,action_p_hack_late_slope,87,2,0.015424273363627826,0.08036952554470014,0.06494525218107232,1.7707173788334625
QwenMix10,mix10,pick_and_place_simple,64.0,future_gameable_hack_action,all,action_p_hack_late_change,88,2,0.23500064111150526,-0.08580538568397364,-0.32080602679547887,-1.8904668565029958
QwenMix10,mix10,pick_and_place_simple,64.0,future_gameable_hack_action,all,reasoning_entropy_mean,88,2,0.4389168619930264,0.4577435047891413,0.0188266427961149,0.06541024712028677
QwenMix10,mix10,pick_and_place_simple,64.0,future_gameable_hack_action,all,action_entropy_mean,88,2,0.31101848526971226,0.43902148636334454,0.12800300109363227,0.4792553478514759
QwenMix10,mix10,pick_and_place_simple,64.0,future_gameable_hack_action,all,reasoning_entropy_late_slope,87,2,0.3976485367611411,0.7665742286480963,0.36892569188695523,0.4334912095419115
QwenMix10,mix10,pick_and_place_simple,64.0,future_gameable_hack_action,all,reasoning_entropy_late_change,88,2,-0.1297420420123205,0.009151339530944824,0.13889338154326533,0.21567003344262684
QwenMix10,mix10,pick_and_place_simple,64.0,future_gameable_hack_action,all,action_entropy_late_slope,87,2,0.5663524711144627,0.6546865773852915,0.08833410627082872,0.14716917376247707
QwenMix10,mix10,pick_and_place_simple,64.0,future_gameable_hack_action,all,action_entropy_late_change,88,2,-0.43841392071242974,-0.0015716350171715021,0.43684228569525824,0.5124997695484825
QwenMix10,mix10,pick_and_place_simple,64.0,easy_grader_action,mean_phack,reasoning_p_hack,88,2,0.2843785988294749,0.2866011393589101,0.0022225405294351575,0.023823185296037917
QwenMix10,mix10,pick_and_place_simple,64.0,easy_grader_action,mean_phack,action_p_hack,88,2,0.37256219960994613,0.29009057758376,-0.08247162202618613,-0.8884329070546405
QwenMix10,mix10,pick_and_place_simple,64.0,easy_grader_action,late_phack,reasoning_p_hack_late_slope,87,2,0.005420147282646131,0.04640384605861195,0.04098369877596582,1.9435717725794044
QwenMix10,mix10,pick_and_place_simple,64.0,easy_grader_action,late_phack,reasoning_p_hack_late_change,88,2,0.059250390257522524,0.06789976464185331,0.008649374384330784,0.05172368954647326
QwenMix10,mix10,pick_and_place_simple,64.0,easy_grader_action,late_phack,action_p_hack_late_slope,87,2,0.017084563857405016,0.00814688906539225,-0.008937674792012766,-0.24368364967548964
QwenMix10,mix10,pick_and_place_simple,64.0,easy_grader_action,late_phack,action_p_hack_late_change,88,2,0.2286902222022307,0.19185304632410405,-0.036837175878126655,-0.2170765330701434
QwenMix10,mix10,pick_and_place_simple,64.0,easy_grader_action,entropy,reasoning_entropy_mean,88,2,0.4309725475742045,0.8072933392173062,0.37632079164310167,1.307468157995587
QwenMix10,mix10,pick_and_place_simple,64.0,easy_grader_action,entropy,action_entropy_mean,88,2,0.3070682903950497,0.6128300608485006,0.3057617704534509,1.1448010000262525
QwenMix10,mix10,pick_and_place_simple,64.0,easy_grader_action,entropy,reasoning_entropy_late_slope,87,2,0.45131403239698903,-1.5678748315112898,-2.019188863908279,-2.372566189229684
QwenMix10,mix10,pick_and_place_simple,64.0,easy_grader_action,entropy,reasoning_entropy_late_change,88,2,-0.10395182036182843,-1.1256184130907059,-1.0216665927288775,-1.5864173351731288
QwenMix10,mix10,pick_and_place_simple,64.0,easy_grader_action,entropy,action_entropy_late_slope,87,2,0.5597018704986488,0.9439877041731961,0.3842858336745473,0.6402400048868149
QwenMix10,mix10,pick_and_place_simple,64.0,easy_grader_action,entropy,action_entropy_late_change,88,2,-0.4209755505335951,-0.7688599228858948,-0.3478843723522997,-0.4081350787191145
QwenMix10,mix10,pick_and_place_simple,64.0,easy_grader_action,all,reasoning_p_hack,88,2,0.2843785988294749,0.2866011393589101,0.0022225405294351575,0.023823185296037917
QwenMix10,mix10,pick_and_place_simple,64.0,easy_grader_action,all,action_p_hack,88,2,0.37256219960994613,0.29009057758376,-0.08247162202618613,-0.8884329070546405
QwenMix10,mix10,pick_and_place_simple,64.0,easy_grader_action,all,reasoning_p_hack_late_slope,87,2,0.005420147282646131,0.04640384605861195,0.04098369877596582,1.9435717725794044
QwenMix10,mix10,pick_and_place_simple,64.0,easy_grader_action,all,reasoning_p_hack_late_change,88,2,0.059250390257522524,0.06789976464185331,0.008649374384330784,0.05172368954647326
QwenMix10,mix10,pick_and_place_simple,64.0,easy_grader_action,all,action_p_hack_late_slope,87,2,0.017084563857405016,0.00814688906539225,-0.008937674792012766,-0.24368364967548964
QwenMix10,mix10,pick_and_place_simple,64.0,easy_grader_action,all,action_p_hack_late_change,88,2,0.2286902222022307,0.19185304632410405,-0.036837175878126655,-0.2170765330701434
QwenMix10,mix10,pick_and_place_simple,64.0,easy_grader_action,all,reasoning_entropy_mean,88,2,0.4309725475742045,0.8072933392173062,0.37632079164310167,1.307468157995587
QwenMix10,mix10,pick_and_place_simple,64.0,easy_grader_action,all,action_entropy_mean,88,2,0.3070682903950497,0.6128300608485006,0.3057617704534509,1.1448010000262525
QwenMix10,mix10,pick_and_place_simple,64.0,easy_grader_action,all,reasoning_entropy_late_slope,87,2,0.45131403239698903,-1.5678748315112898,-2.019188863908279,-2.372566189229684
QwenMix10,mix10,pick_and_place_simple,64.0,easy_grader_action,all,reasoning_entropy_late_change,88,2,-0.10395182036182843,-1.1256184130907059,-1.0216665927288775,-1.5864173351731288
QwenMix10,mix10,pick_and_place_simple,64.0,easy_grader_action,all,action_entropy_late_slope,87,2,0.5597018704986488,0.9439877041731961,0.3842858336745473,0.6402400048868149
QwenMix10,mix10,pick_and_place_simple,64.0,easy_grader_action,all,action_entropy_late_change,88,2,-0.4209755505335951,-0.7688599228858948,-0.3478843723522997,-0.4081350787191145
QwenMix10,mix10,pick_and_place_simple,64.0,future_easy_grader_action,mean_phack,reasoning_p_hack,88,2,0.28501979505628294,0.25838850537935887,-0.026631289676924075,-0.2854580783762188
QwenMix10,mix10,pick_and_place_simple,64.0,future_easy_grader_action,mean_phack,action_p_hack,88,2,0.37164313038788455,0.33052962335447467,-0.04111350703340988,-0.44289892299324424
QwenMix10,mix10,pick_and_place_simple,64.0,future_easy_grader_action,late_phack,reasoning_p_hack_late_slope,87,2,0.005515049512519248,0.04227559905913135,0.0367605495466121,1.7432971785650693
QwenMix10,mix10,pick_and_place_simple,64.0,future_easy_grader_action,late_phack,reasoning_p_hack_late_change,88,2,0.062331702492735494,-0.06767797370751695,-0.13000967620025244,-0.7774643379990149
QwenMix10,mix10,pick_and_place_simple,64.0,future_easy_grader_action,late_phack,action_p_hack_late_slope,87,2,0.015424273363627826,0.08036952554470014,0.06494525218107232,1.7707173788334625
QwenMix10,mix10,pick_and_place_simple,64.0,future_easy_grader_action,late_phack,action_p_hack_late_change,88,2,0.23500064111150526,-0.08580538568397364,-0.32080602679547887,-1.8904668565029958
QwenMix10,mix10,pick_and_place_simple,64.0,future_easy_grader_action,entropy,reasoning_entropy_mean,88,2,0.4389168619930264,0.4577435047891413,0.0188266427961149,0.06541024712028677
QwenMix10,mix10,pick_and_place_simple,64.0,future_easy_grader_action,entropy,action_entropy_mean,88,2,0.31101848526971226,0.43902148636334454,0.12800300109363227,0.4792553478514759
QwenMix10,mix10,pick_and_place_simple,64.0,future_easy_grader_action,entropy,reasoning_entropy_late_slope,87,2,0.3976485367611411,0.7665742286480963,0.36892569188695523,0.4334912095419115
QwenMix10,mix10,pick_and_place_simple,64.0,future_easy_grader_action,entropy,reasoning_entropy_late_change,88,2,-0.1297420420123205,0.009151339530944824,0.13889338154326533,0.21567003344262684
QwenMix10,mix10,pick_and_place_simple,64.0,future_easy_grader_action,entropy,action_entropy_late_slope,87,2,0.5663524711144627,0.6546865773852915,0.08833410627082872,0.14716917376247707
QwenMix10,mix10,pick_and_place_simple,64.0,future_easy_grader_action,entropy,action_entropy_late_change,88,2,-0.43841392071242974,-0.0015716350171715021,0.43684228569525824,0.5124997695484825
QwenMix10,mix10,pick_and_place_simple,64.0,future_easy_grader_action,all,reasoning_p_hack,88,2,0.28501979505628294,0.25838850537935887,-0.026631289676924075,-0.2854580783762188
QwenMix10,mix10,pick_and_place_simple,64.0,future_easy_grader_action,all,action_p_hack,88,2,0.37164313038788455,0.33052962335447467,-0.04111350703340988,-0.44289892299324424
QwenMix10,mix10,pick_and_place_simple,64.0,future_easy_grader_action,all,reasoning_p_hack_late_slope,87,2,0.005515049512519248,0.04227559905913135,0.0367605495466121,1.7432971785650693
QwenMix10,mix10,pick_and_place_simple,64.0,future_easy_grader_action,all,reasoning_p_hack_late_change,88,2,0.062331702492735494,-0.06767797370751695,-0.13000967620025244,-0.7774643379990149
QwenMix10,mix10,pick_and_place_simple,64.0,future_easy_grader_action,all,action_p_hack_late_slope,87,2,0.015424273363627826,0.08036952554470014,0.06494525218107232,1.7707173788334625
QwenMix10,mix10,pick_and_place_simple,64.0,future_easy_grader_action,all,action_p_hack_late_change,88,2,0.23500064111150526,-0.08580538568397364,-0.32080602679547887,-1.8904668565029958
QwenMix10,mix10,pick_and_place_simple,64.0,future_easy_grader_action,all,reasoning_entropy_mean,88,2,0.4389168619930264,0.4577435047891413,0.0188266427961149,0.06541024712028677
QwenMix10,mix10,pick_and_place_simple,64.0,future_easy_grader_action,all,action_entropy_mean,88,2,0.31101848526971226,0.43902148636334454,0.12800300109363227,0.4792553478514759
QwenMix10,mix10,pick_and_place_simple,64.0,future_easy_grader_action,all,reasoning_entropy_late_slope,87,2,0.3976485367611411,0.7665742286480963,0.36892569188695523,0.4334912095419115
QwenMix10,mix10,pick_and_place_simple,64.0,future_easy_grader_action,all,reasoning_entropy_late_change,88,2,-0.1297420420123205,0.009151339530944824,0.13889338154326533,0.21567003344262684
QwenMix10,mix10,pick_and_place_simple,64.0,future_easy_grader_action,all,action_entropy_late_slope,87,2,0.5663524711144627,0.6546865773852915,0.08833410627082872,0.14716917376247707
QwenMix10,mix10,pick_and_place_simple,64.0,future_easy_grader_action,all,action_entropy_late_change,88,2,-0.43841392071242974,-0.0015716350171715021,0.43684228569525824,0.5124997695484825
QwenMix10,mix10,pick_and_place_simple,128.0,gameable_hack_action,mean_phack,reasoning_p_hack,88,2,0.3082761306258987,0.3217316207395365,0.01345549011363778,0.15251830134587965
QwenMix10,mix10,pick_and_place_simple,128.0,gameable_hack_action,mean_phack,action_p_hack,88,2,0.38943422737024364,0.30212754947133363,-0.08730667789891,-1.004412151296186
QwenMix10,mix10,pick_and_place_simple,128.0,gameable_hack_action,late_phack,reasoning_p_hack_late_slope,87,2,0.0022145612375552757,0.03357110891984305,0.03135654768228777,1.802140067459144
QwenMix10,mix10,pick_and_place_simple,128.0,gameable_hack_action,late_phack,reasoning_p_hack_late_change,88,2,0.07909568632363774,0.2781030952970188,0.1990074089733811,1.1614423520809065
QwenMix10,mix10,pick_and_place_simple,128.0,gameable_hack_action,late_phack,action_p_hack_late_slope,86,2,0.010071614482820207,-0.0067284316872246504,-0.01680004617004486,-0.5238970076314103
QwenMix10,mix10,pick_and_place_simple,128.0,gameable_hack_action,late_phack,action_p_hack_late_change,88,2,0.17599937458552714,0.021213335962966096,-0.15478603862256105,-0.7932075795079317
QwenMix10,mix10,pick_and_place_simple,128.0,gameable_hack_action,entropy,reasoning_entropy_mean,88,2,0.44189279168767936,0.7197017102883994,0.27780891860072,0.9611362496061304
QwenMix10,mix10,pick_and_place_simple,128.0,gameable_hack_action,entropy,action_entropy_mean,88,2,0.30264844813422614,0.5793782847933471,0.27672983665912093,0.7355852466123077
QwenMix10,mix10,pick_and_place_simple,128.0,gameable_hack_action,entropy,reasoning_entropy_late_slope,87,2,0.5727013810718131,0.49926607618544955,-0.07343530488636357,-0.09791599639362536
QwenMix10,mix10,pick_and_place_simple,128.0,gameable_hack_action,entropy,reasoning_entropy_late_change,88,2,-0.2020268525944555,-1.0179909500293434,-0.8159640974348878,-1.1872582090035544
QwenMix10,mix10,pick_and_place_simple,128.0,gameable_hack_action,entropy,action_entropy_late_slope,86,2,0.44067366756931986,0.9993172609247267,0.5586435933554068,0.6277214886720107
QwenMix10,mix10,pick_and_place_simple,128.0,gameable_hack_action,entropy,action_entropy_late_change,88,2,-0.39579733452079713,-0.5197365283966064,-0.12393919387580932,-0.13212373371199992
QwenMix10,mix10,pick_and_place_simple,128.0,gameable_hack_action,all,reasoning_p_hack,88,2,0.3082761306258987,0.3217316207395365,0.01345549011363778,0.15251830134587965
QwenMix10,mix10,pick_and_place_simple,128.0,gameable_hack_action,all,action_p_hack,88,2,0.38943422737024364,0.30212754947133363,-0.08730667789891,-1.004412151296186
QwenMix10,mix10,pick_and_place_simple,128.0,gameable_hack_action,all,reasoning_p_hack_late_slope,87,2,0.0022145612375552757,0.03357110891984305,0.03135654768228777,1.802140067459144
QwenMix10,mix10,pick_and_place_simple,128.0,gameable_hack_action,all,reasoning_p_hack_late_change,88,2,0.07909568632363774,0.2781030952970188,0.1990074089733811,1.1614423520809065
QwenMix10,mix10,pick_and_place_simple,128.0,gameable_hack_action,all,action_p_hack_late_slope,86,2,0.010071614482820207,-0.0067284316872246504,-0.01680004617004486,-0.5238970076314103
QwenMix10,mix10,pick_and_place_simple,128.0,gameable_hack_action,all,action_p_hack_late_change,88,2,0.17599937458552714,0.021213335962966096,-0.15478603862256105,-0.7932075795079317
QwenMix10,mix10,pick_and_place_simple,128.0,gameable_hack_action,all,reasoning_entropy_mean,88,2,0.44189279168767936,0.7197017102883994,0.27780891860072,0.9611362496061304
QwenMix10,mix10,pick_and_place_simple,128.0,gameable_hack_action,all,action_entropy_mean,88,2,0.30264844813422614,0.5793782847933471,0.27672983665912093,0.7355852466123077
QwenMix10,mix10,pick_and_place_simple,128.0,gameable_hack_action,all,reasoning_entropy_late_slope,87,2,0.5727013810718131,0.49926607618544955,-0.07343530488636357,-0.09791599639362536
QwenMix10,mix10,pick_and_place_simple,128.0,gameable_hack_action,all,reasoning_entropy_late_change,88,2,-0.2020268525944555,-1.0179909500293434,-0.8159640974348878,-1.1872582090035544
QwenMix10,mix10,pick_and_place_simple,128.0,gameable_hack_action,all,action_entropy_late_slope,86,2,0.44067366756931986,0.9993172609247267,0.5586435933554068,0.6277214886720107
QwenMix10,mix10,pick_and_place_simple,128.0,gameable_hack_action,all,action_entropy_late_change,88,2,-0.39579733452079713,-0.5197365283966064,-0.12393919387580932,-0.13212373371199992
QwenMix10,mix10,pick_and_place_simple,128.0,future_gameable_hack_action,mean_phack,reasoning_p_hack,88,2,0.3118679067061451,0.1636934732086956,-0.14817443349744952,-1.6795607375916786
QwenMix10,mix10,pick_and_place_simple,128.0,future_gameable_hack_action,mean_phack,action_p_hack,88,2,0.3903648942101592,0.261178208515048,-0.12918668569511116,-1.4862170915275519
QwenMix10,mix10,pick_and_place_simple,128.0,future_gameable_hack_action,late_phack,reasoning_p_hack_late_slope,87,2,0.0022090457502679036,0.03381103261684375,0.031601986866575844,1.8162460778723972
QwenMix10,mix10,pick_and_place_simple,128.0,future_gameable_hack_action,late_phack,reasoning_p_hack_late_change,88,2,0.0861239076521322,-0.031138643156737096,-0.1172625508088693,-0.6843649365872455
QwenMix10,mix10,pick_and_place_simple,128.0,future_gameable_hack_action,late_phack,action_p_hack_late_slope,86,2,0.010335003267397221,-0.018054149424036298,-0.02838915269143352,-0.8852947184604973
QwenMix10,mix10,pick_and_place_simple,128.0,future_gameable_hack_action,late_phack,action_p_hack_late_change,88,2,0.1784287972550208,-0.08568126149475574,-0.26411005874977656,-1.3534431289080926
QwenMix10,mix10,pick_and_place_simple,128.0,future_gameable_hack_action,entropy,reasoning_entropy_mean,88,2,0.44502249932604054,0.5819945742005075,0.13697207487446694,0.4738826492997768
QwenMix10,mix10,pick_and_place_simple,128.0,future_gameable_hack_action,entropy,action_entropy_mean,88,2,0.3073383846031965,0.3730210801586509,0.06568269555545436,0.1745934677359539
QwenMix10,mix10,pick_and_place_simple,128.0,future_gameable_hack_action,entropy,reasoning_entropy_late_slope,87,2,0.5641149141771608,0.8727773861028255,0.30866247192566476,0.411559447253457
QwenMix10,mix10,pick_and_place_simple,128.0,future_gameable_hack_action,entropy,reasoning_entropy_late_change,88,2,-0.2120354451657567,-0.5776128768920898,-0.36557743172633317,-0.5319288044755677
QwenMix10,mix10,pick_and_place_simple,128.0,future_gameable_hack_action,entropy,action_entropy_late_slope,86,2,0.4471749302194735,0.7197629669681191,0.2725880367486456,0.30629433552490687
QwenMix10,mix10,pick_and_place_simple,128.0,future_gameable_hack_action,entropy,action_entropy_late_change,88,2,-0.4086469810565838,0.04564791917800899,0.4542949002345928,0.4842950526647757
QwenMix10,mix10,pick_and_place_simple,128.0,future_gameable_hack_action,all,reasoning_p_hack,88,2,0.3118679067061451,0.1636934732086956,-0.14817443349744952,-1.6795607375916786
QwenMix10,mix10,pick_and_place_simple,128.0,future_gameable_hack_action,all,action_p_hack,88,2,0.3903648942101592,0.261178208515048,-0.12918668569511116,-1.4862170915275519
QwenMix10,mix10,pick_and_place_simple,128.0,future_gameable_hack_action,all,reasoning_p_hack_late_slope,87,2,0.0022090457502679036,0.03381103261684375,0.031601986866575844,1.8162460778723972
QwenMix10,mix10,pick_and_place_simple,128.0,future_gameable_hack_action,all,reasoning_p_hack_late_change,88,2,0.0861239076521322,-0.031138643156737096,-0.1172625508088693,-0.6843649365872455
QwenMix10,mix10,pick_and_place_simple,128.0,future_gameable_hack_action,all,action_p_hack_late_slope,86,2,0.010335003267397221,-0.018054149424036298,-0.02838915269143352,-0.8852947184604973
QwenMix10,mix10,pick_and_place_simple,128.0,future_gameable_hack_action,all,action_p_hack_late_change,88,2,0.1784287972550208,-0.08568126149475574,-0.26411005874977656,-1.3534431289080926
QwenMix10,mix10,pick_and_place_simple,128.0,future_gameable_hack_action,all,reasoning_entropy_mean,88,2,0.44502249932604054,0.5819945742005075,0.13697207487446694,0.4738826492997768
QwenMix10,mix10,pick_and_place_simple,128.0,future_gameable_hack_action,all,action_entropy_mean,88,2,0.3073383846031965,0.3730210801586509,0.06568269555545436,0.1745934677359539
QwenMix10,mix10,pick_and_place_simple,128.0,future_gameable_hack_action,all,reasoning_entropy_late_slope,87,2,0.5641149141771608,0.8727773861028255,0.30866247192566476,0.411559447253457
QwenMix10,mix10,pick_and_place_simple,128.0,future_gameable_hack_action,all,reasoning_entropy_late_change,88,2,-0.2120354451657567,-0.5776128768920898,-0.36557743172633317,-0.5319288044755677
QwenMix10,mix10,pick_and_place_simple,128.0,future_gameable_hack_action,all,action_entropy_late_slope,86,2,0.4471749302194735,0.7197629669681191,0.2725880367486456,0.30629433552490687
QwenMix10,mix10,pick_and_place_simple,128.0,future_gameable_hack_action,all,action_entropy_late_change,88,2,-0.4086469810565838,0.04564791917800899,0.4542949002345928,0.4842950526647757
QwenMix10,mix10,pick_and_place_simple,128.0,easy_grader_action,mean_phack,reasoning_p_hack,88,2,0.3082761306258987,0.3217316207395365,0.01345549011363778,0.15251830134587965
QwenMix10,mix10,pick_and_place_simple,128.0,easy_grader_action,mean_phack,action_p_hack,88,2,0.38943422737024364,0.30212754947133363,-0.08730667789891,-1.004412151296186
QwenMix10,mix10,pick_and_place_simple,128.0,easy_grader_action,late_phack,reasoning_p_hack_late_slope,87,2,0.0022145612375552757,0.03357110891984305,0.03135654768228777,1.802140067459144
QwenMix10,mix10,pick_and_place_simple,128.0,easy_grader_action,late_phack,reasoning_p_hack_late_change,88,2,0.07909568632363774,0.2781030952970188,0.1990074089733811,1.1614423520809065
QwenMix10,mix10,pick_and_place_simple,128.0,easy_grader_action,late_phack,action_p_hack_late_slope,86,2,0.010071614482820207,-0.0067284316872246504,-0.01680004617004486,-0.5238970076314103
QwenMix10,mix10,pick_and_place_simple,128.0,easy_grader_action,late_phack,action_p_hack_late_change,88,2,0.17599937458552714,0.021213335962966096,-0.15478603862256105,-0.7932075795079317
QwenMix10,mix10,pick_and_place_simple,128.0,easy_grader_action,entropy,reasoning_entropy_mean,88,2,0.44189279168767936,0.7197017102883994,0.27780891860072,0.9611362496061304
QwenMix10,mix10,pick_and_place_simple,128.0,easy_grader_action,entropy,action_entropy_mean,88,2,0.30264844813422614,0.5793782847933471,0.27672983665912093,0.7355852466123077
QwenMix10,mix10,pick_and_place_simple,128.0,easy_grader_action,entropy,reasoning_entropy_late_slope,87,2,0.5727013810718131,0.49926607618544955,-0.07343530488636357,-0.09791599639362536
QwenMix10,mix10,pick_and_place_simple,128.0,easy_grader_action,entropy,reasoning_entropy_late_change,88,2,-0.2020268525944555,-1.0179909500293434,-0.8159640974348878,-1.1872582090035544
QwenMix10,mix10,pick_and_place_simple,128.0,easy_grader_action,entropy,action_entropy_late_slope,86,2,0.44067366756931986,0.9993172609247267,0.5586435933554068,0.6277214886720107
QwenMix10,mix10,pick_and_place_simple,128.0,easy_grader_action,entropy,action_entropy_late_change,88,2,-0.39579733452079713,-0.5197365283966064,-0.12393919387580932,-0.13212373371199992
QwenMix10,mix10,pick_and_place_simple,128.0,easy_grader_action,all,reasoning_p_hack,88,2,0.3082761306258987,0.3217316207395365,0.01345549011363778,0.15251830134587965
QwenMix10,mix10,pick_and_place_simple,128.0,easy_grader_action,all,action_p_hack,88,2,0.38943422737024364,0.30212754947133363,-0.08730667789891,-1.004412151296186
QwenMix10,mix10,pick_and_place_simple,128.0,easy_grader_action,all,reasoning_p_hack_late_slope,87,2,0.0022145612375552757,0.03357110891984305,0.03135654768228777,1.802140067459144
QwenMix10,mix10,pick_and_place_simple,128.0,easy_grader_action,all,reasoning_p_hack_late_change,88,2,0.07909568632363774,0.2781030952970188,0.1990074089733811,1.1614423520809065
QwenMix10,mix10,pick_and_place_simple,128.0,easy_grader_action,all,action_p_hack_late_slope,86,2,0.010071614482820207,-0.0067284316872246504,-0.01680004617004486,-0.5238970076314103
QwenMix10,mix10,pick_and_place_simple,128.0,easy_grader_action,all,action_p_hack_late_change,88,2,0.17599937458552714,0.021213335962966096,-0.15478603862256105,-0.7932075795079317
QwenMix10,mix10,pick_and_place_simple,128.0,easy_grader_action,all,reasoning_entropy_mean,88,2,0.44189279168767936,0.7197017102883994,0.27780891860072,0.9611362496061304
QwenMix10,mix10,pick_and_place_simple,128.0,easy_grader_action,all,action_entropy_mean,88,2,0.30264844813422614,0.5793782847933471,0.27672983665912093,0.7355852466123077
QwenMix10,mix10,pick_and_place_simple,128.0,easy_grader_action,all,reasoning_entropy_late_slope,87,2,0.5727013810718131,0.49926607618544955,-0.07343530488636357,-0.09791599639362536
QwenMix10,mix10,pick_and_place_simple,128.0,easy_grader_action,all,reasoning_entropy_late_change,88,2,-0.2020268525944555,-1.0179909500293434,-0.8159640974348878,-1.1872582090035544
QwenMix10,mix10,pick_and_place_simple,128.0,easy_grader_action,all,action_entropy_late_slope,86,2,0.44067366756931986,0.9993172609247267,0.5586435933554068,0.6277214886720107
QwenMix10,mix10,pick_and_place_simple,128.0,easy_grader_action,all,action_entropy_late_change,88,2,-0.39579733452079713,-0.5197365283966064,-0.12393919387580932,-0.13212373371199992
QwenMix10,mix10,pick_and_place_simple,128.0,future_easy_grader_action,mean_phack,reasoning_p_hack,88,2,0.3118679067061451,0.1636934732086956,-0.14817443349744952,-1.6795607375916786
QwenMix10,mix10,pick_and_place_simple,128.0,future_easy_grader_action,mean_phack,action_p_hack,88,2,0.3903648942101592,0.261178208515048,-0.12918668569511116,-1.4862170915275519
QwenMix10,mix10,pick_and_place_simple,128.0,future_easy_grader_action,late_phack,reasoning_p_hack_late_slope,87,2,0.0022090457502679036,0.03381103261684375,0.031601986866575844,1.8162460778723972
QwenMix10,mix10,pick_and_place_simple,128.0,future_easy_grader_action,late_phack,reasoning_p_hack_late_change,88,2,0.0861239076521322,-0.031138643156737096,-0.1172625508088693,-0.6843649365872455
QwenMix10,mix10,pick_and_place_simple,128.0,future_easy_grader_action,late_phack,action_p_hack_late_slope,86,2,0.010335003267397221,-0.018054149424036298,-0.02838915269143352,-0.8852947184604973
QwenMix10,mix10,pick_and_place_simple,128.0,future_easy_grader_action,late_phack,action_p_hack_late_change,88,2,0.1784287972550208,-0.08568126149475574,-0.26411005874977656,-1.3534431289080926
QwenMix10,mix10,pick_and_place_simple,128.0,future_easy_grader_action,entropy,reasoning_entropy_mean,88,2,0.44502249932604054,0.5819945742005075,0.13697207487446694,0.4738826492997768
QwenMix10,mix10,pick_and_place_simple,128.0,future_easy_grader_action,entropy,action_entropy_mean,88,2,0.3073383846031965,0.3730210801586509,0.06568269555545436,0.1745934677359539
QwenMix10,mix10,pick_and_place_simple,128.0,future_easy_grader_action,entropy,reasoning_entropy_late_slope,87,2,0.5641149141771608,0.8727773861028255,0.30866247192566476,0.411559447253457
QwenMix10,mix10,pick_and_place_simple,128.0,future_easy_grader_action,entropy,reasoning_entropy_late_change,88,2,-0.2120354451657567,-0.5776128768920898,-0.36557743172633317,-0.5319288044755677
QwenMix10,mix10,pick_and_place_simple,128.0,future_easy_grader_action,entropy,action_entropy_late_slope,86,2,0.4471749302194735,0.7197629669681191,0.2725880367486456,0.30629433552490687
QwenMix10,mix10,pick_and_place_simple,128.0,future_easy_grader_action,entropy,action_entropy_late_change,88,2,-0.4086469810565838,0.04564791917800899,0.4542949002345928,0.4842950526647757
QwenMix10,mix10,pick_and_place_simple,128.0,future_easy_grader_action,all,reasoning_p_hack,88,2,0.3118679067061451,0.1636934732086956,-0.14817443349744952,-1.6795607375916786
QwenMix10,mix10,pick_and_place_simple,128.0,future_easy_grader_action,all,action_p_hack,88,2,0.3903648942101592,0.261178208515048,-0.12918668569511116,-1.4862170915275519
QwenMix10,mix10,pick_and_place_simple,128.0,future_easy_grader_action,all,reasoning_p_hack_late_slope,87,2,0.0022090457502679036,0.03381103261684375,0.031601986866575844,1.8162460778723972
QwenMix10,mix10,pick_and_place_simple,128.0,future_easy_grader_action,all,reasoning_p_hack_late_change,88,2,0.0861239076521322,-0.031138643156737096,-0.1172625508088693,-0.6843649365872455
QwenMix10,mix10,pick_and_place_simple,128.0,future_easy_grader_action,all,action_p_hack_late_slope,86,2,0.010335003267397221,-0.018054149424036298,-0.02838915269143352,-0.8852947184604973
QwenMix10,mix10,pick_and_place_simple,128.0,future_easy_grader_action,all,action_p_hack_late_change,88,2,0.1784287972550208,-0.08568126149475574,-0.26411005874977656,-1.3534431289080926
QwenMix10,mix10,pick_and_place_simple,128.0,future_easy_grader_action,all,reasoning_entropy_mean,88,2,0.44502249932604054,0.5819945742005075,0.13697207487446694,0.4738826492997768
QwenMix10,mix10,pick_and_place_simple,128.0,future_easy_grader_action,all,action_entropy_mean,88,2,0.3073383846031965,0.3730210801586509,0.06568269555545436,0.1745934677359539
QwenMix10,mix10,pick_and_place_simple,128.0,future_easy_grader_action,all,reasoning_entropy_late_slope,87,2,0.5641149141771608,0.8727773861028255,0.30866247192566476,0.411559447253457
QwenMix10,mix10,pick_and_place_simple,128.0,future_easy_grader_action,all,reasoning_entropy_late_change,88,2,-0.2120354451657567,-0.5776128768920898,-0.36557743172633317,-0.5319288044755677
QwenMix10,mix10,pick_and_place_simple,128.0,future_easy_grader_action,all,action_entropy_late_slope,86,2,0.4471749302194735,0.7197629669681191,0.2725880367486456,0.30629433552490687
QwenMix10,mix10,pick_and_place_simple,128.0,future_easy_grader_action,all,action_entropy_late_change,88,2,-0.4086469810565838,0.04564791917800899,0.4542949002345928,0.4842950526647757
QwenMix10,mix10,pick_and_place_simple,256.0,gameable_hack_action,mean_phack,reasoning_p_hack,89,1,0.29539930584449,0.2489476893097162,-0.04645161653477378,-0.4950891036154089
QwenMix10,mix10,pick_and_place_simple,256.0,gameable_hack_action,mean_phack,action_p_hack,89,1,0.38732729966377427,0.3995674401521683,0.012240140488394002,0.13635889943441465
QwenMix10,mix10,pick_and_place_simple,256.0,gameable_hack_action,late_phack,reasoning_p_hack_late_slope,89,1,0.006356928806362998,0.0204630023799836,0.014106073573620603,0.5640451520076248
QwenMix10,mix10,pick_and_place_simple,256.0,gameable_hack_action,late_phack,reasoning_p_hack_late_change,89,1,0.10101442756049672,0.0982785020023584,-0.0027359255581383274,-0.01745707381459581
QwenMix10,mix10,pick_and_place_simple,256.0,gameable_hack_action,late_phack,action_p_hack_late_slope,89,1,0.022339710128813466,0.0063262097537517,-0.016013500375061766,-0.4700372574497207
QwenMix10,mix10,pick_and_place_simple,256.0,gameable_hack_action,late_phack,action_p_hack_late_change,89,1,0.19437409912188247,0.1010966449975967,-0.09327745412428577,-0.48651346048564836
QwenMix10,mix10,pick_and_place_simple,256.0,gameable_hack_action,entropy,reasoning_entropy_mean,89,1,0.39532498422391227,0.7409474110412703,0.345622426817358,1.1871004043322086
QwenMix10,mix10,pick_and_place_simple,256.0,gameable_hack_action,entropy,action_entropy_mean,89,1,0.2845343944400735,0.4698586254380643,0.18532423099799078,0.5605081641041006
QwenMix10,mix10,pick_and_place_simple,256.0,gameable_hack_action,entropy,reasoning_entropy_late_slope,89,1,0.4513933131959605,1.30124410116332,0.8498507879673596,1.1577387852530752
QwenMix10,mix10,pick_and_place_simple,256.0,gameable_hack_action,entropy,reasoning_entropy_late_change,89,1,0.06581523920128954,-0.5312434434890747,-0.5970586826903642,-1.0310744458348622
QwenMix10,mix10,pick_and_place_simple,256.0,gameable_hack_action,entropy,action_entropy_late_slope,89,1,0.23455773472061298,0.9024053891189396,0.6678476543983267,0.7973158033343507
QwenMix10,mix10,pick_and_place_simple,256.0,gameable_hack_action,entropy,action_entropy_late_change,89,1,-0.6562455524657749,-0.2532961368560791,0.40294941560969577,0.4607226513461223
QwenMix10,mix10,pick_and_place_simple,256.0,gameable_hack_action,all,reasoning_p_hack,89,1,0.29539930584449,0.2489476893097162,-0.04645161653477378,-0.4950891036154089
QwenMix10,mix10,pick_and_place_simple,256.0,gameable_hack_action,all,action_p_hack,89,1,0.38732729966377427,0.3995674401521683,0.012240140488394002,0.13635889943441465
QwenMix10,mix10,pick_and_place_simple,256.0,gameable_hack_action,all,reasoning_p_hack_late_slope,89,1,0.006356928806362998,0.0204630023799836,0.014106073573620603,0.5640451520076248
QwenMix10,mix10,pick_and_place_simple,256.0,gameable_hack_action,all,reasoning_p_hack_late_change,89,1,0.10101442756049672,0.0982785020023584,-0.0027359255581383274,-0.01745707381459581
QwenMix10,mix10,pick_and_place_simple,256.0,gameable_hack_action,all,action_p_hack_late_slope,89,1,0.022339710128813466,0.0063262097537517,-0.016013500375061766,-0.4700372574497207
QwenMix10,mix10,pick_and_place_simple,256.0,gameable_hack_action,all,action_p_hack_late_change,89,1,0.19437409912188247,0.1010966449975967,-0.09327745412428577,-0.48651346048564836
QwenMix10,mix10,pick_and_place_simple,256.0,gameable_hack_action,all,reasoning_entropy_mean,89,1,0.39532498422391227,0.7409474110412703,0.345622426817358,1.1871004043322086
QwenMix10,mix10,pick_and_place_simple,256.0,gameable_hack_action,all,action_entropy_mean,89,1,0.2845343944400735,0.4698586254380643,0.18532423099799078,0.5605081641041006
QwenMix10,mix10,pick_and_place_simple,256.0,gameable_hack_action,all,reasoning_entropy_late_slope,89,1,0.4513933131959605,1.30124410116332,0.8498507879673596,1.1577387852530752
QwenMix10,mix10,pick_and_place_simple,256.0,gameable_hack_action,all,reasoning_entropy_late_change,89,1,0.06581523920128954,-0.5312434434890747,-0.5970586826903642,-1.0310744458348622
QwenMix10,mix10,pick_and_place_simple,256.0,gameable_hack_action,all,action_entropy_late_slope,89,1,0.23455773472061298,0.9024053891189396,0.6678476543983267,0.7973158033343507
QwenMix10,mix10,pick_and_place_simple,256.0,gameable_hack_action,all,action_entropy_late_change,89,1,-0.6562455524657749,-0.2532961368560791,0.40294941560969577,0.4607226513461223
QwenMix10,mix10,pick_and_place_simple,256.0,future_gameable_hack_action,mean_phack,reasoning_p_hack,89,1,0.29653443569273047,0.1479211328163122,-0.14861330287641827,-1.5839454554037193
QwenMix10,mix10,pick_and_place_simple,256.0,future_gameable_hack_action,mean_phack,action_p_hack,89,1,0.3881372334168236,0.327483336130778,-0.06065389728604559,-0.6757029209080903
QwenMix10,mix10,pick_and_place_simple,256.0,future_gameable_hack_action,late_phack,reasoning_p_hack_late_slope,89,1,0.004963639835732828,0.1444657207660687,0.13950208093033586,5.578127182810028
QwenMix10,mix10,pick_and_place_simple,256.0,future_gameable_hack_action,late_phack,reasoning_p_hack_late_change,89,1,0.10046590199274072,0.1470972775326421,0.046631375539901376,0.2975400271599926
QwenMix10,mix10,pick_and_place_simple,256.0,future_gameable_hack_action,late_phack,action_p_hack_late_slope,89,1,0.022243417164843442,0.0148962835470835,-0.007347133617759943,-0.21565719267641428
QwenMix10,mix10,pick_and_place_simple,256.0,future_gameable_hack_action,late_phack,action_p_hack_late_change,89,1,0.19807865476149583,-0.2286088069279988,-0.4266874616894946,-2.2255023518951886
QwenMix10,mix10,pick_and_place_simple,256.0,future_gameable_hack_action,entropy,reasoning_entropy_mean,89,1,0.3982373181387431,0.4817496926213304,0.0835123744825873,0.286837791250771
QwenMix10,mix10,pick_and_place_simple,256.0,future_gameable_hack_action,entropy,action_entropy_mean,89,1,0.28233781718628365,0.6653540010253588,0.38301618383907515,1.1584221710766263
QwenMix10,mix10,pick_and_place_simple,256.0,future_gameable_hack_action,entropy,reasoning_entropy_late_slope,89,1,0.453220651839964,1.1386109618470073,0.6853903100070433,0.9336967808544987
QwenMix10,mix10,pick_and_place_simple,256.0,future_gameable_hack_action,entropy,reasoning_entropy_late_change,89,1,0.050336104491642,0.8463995456695557,0.7960634411779137,1.3747403651570034
QwenMix10,mix10,pick_and_place_simple,256.0,future_gameable_hack_action,entropy,action_entropy_late_slope,89,1,0.2316279343788491,1.163157619535923,0.9315296851570739,1.1121149177650957
QwenMix10,mix10,pick_and_place_simple,256.0,future_gameable_hack_action,entropy,action_entropy_late_change,89,1,-0.6649428653351576,0.5207647085189819,1.1857075738541396,1.3557094662134874
QwenMix10,mix10,pick_and_place_simple,256.0,future_gameable_hack_action,all,reasoning_p_hack,89,1,0.29653443569273047,0.1479211328163122,-0.14861330287641827,-1.5839454554037193
QwenMix10,mix10,pick_and_place_simple,256.0,future_gameable_hack_action,all,action_p_hack,89,1,0.3881372334168236,0.327483336130778,-0.06065389728604559,-0.6757029209080903
QwenMix10,mix10,pick_and_place_simple,256.0,future_gameable_hack_action,all,reasoning_p_hack_late_slope,89,1,0.004963639835732828,0.1444657207660687,0.13950208093033586,5.578127182810028
QwenMix10,mix10,pick_and_place_simple,256.0,future_gameable_hack_action,all,reasoning_p_hack_late_change,89,1,0.10046590199274072,0.1470972775326421,0.046631375539901376,0.2975400271599926
QwenMix10,mix10,pick_and_place_simple,256.0,future_gameable_hack_action,all,action_p_hack_late_slope,89,1,0.022243417164843442,0.0148962835470835,-0.007347133617759943,-0.21565719267641428
QwenMix10,mix10,pick_and_place_simple,256.0,future_gameable_hack_action,all,action_p_hack_late_change,89,1,0.19807865476149583,-0.2286088069279988,-0.4266874616894946,-2.2255023518951886
QwenMix10,mix10,pick_and_place_simple,256.0,future_gameable_hack_action,all,reasoning_entropy_mean,89,1,0.3982373181387431,0.4817496926213304,0.0835123744825873,0.286837791250771
QwenMix10,mix10,pick_and_place_simple,256.0,future_gameable_hack_action,all,action_entropy_mean,89,1,0.28233781718628365,0.6653540010253588,0.38301618383907515,1.1584221710766263
QwenMix10,mix10,pick_and_place_simple,256.0,future_gameable_hack_action,all,reasoning_entropy_late_slope,89,1,0.453220651839964,1.1386109618470073,0.6853903100070433,0.9336967808544987
QwenMix10,mix10,pick_and_place_simple,256.0,future_gameable_hack_action,all,reasoning_entropy_late_change,89,1,0.050336104491642,0.8463995456695557,0.7960634411779137,1.3747403651570034
QwenMix10,mix10,pick_and_place_simple,256.0,future_gameable_hack_action,all,action_entropy_late_slope,89,1,0.2316279343788491,1.163157619535923,0.9315296851570739,1.1121149177650957
QwenMix10,mix10,pick_and_place_simple,256.0,future_gameable_hack_action,all,action_entropy_late_change,89,1,-0.6649428653351576,0.5207647085189819,1.1857075738541396,1.3557094662134874
QwenMix10,mix10,pick_and_place_simple,256.0,easy_grader_action,mean_phack,reasoning_p_hack,89,1,0.29539930584449,0.2489476893097162,-0.04645161653477378,-0.4950891036154089
QwenMix10,mix10,pick_and_place_simple,256.0,easy_grader_action,mean_phack,action_p_hack,89,1,0.38732729966377427,0.3995674401521683,0.012240140488394002,0.13635889943441465
QwenMix10,mix10,pick_and_place_simple,256.0,easy_grader_action,late_phack,reasoning_p_hack_late_slope,89,1,0.006356928806362998,0.0204630023799836,0.014106073573620603,0.5640451520076248
QwenMix10,mix10,pick_and_place_simple,256.0,easy_grader_action,late_phack,reasoning_p_hack_late_change,89,1,0.10101442756049672,0.0982785020023584,-0.0027359255581383274,-0.01745707381459581
QwenMix10,mix10,pick_and_place_simple,256.0,easy_grader_action,late_phack,action_p_hack_late_slope,89,1,0.022339710128813466,0.0063262097537517,-0.016013500375061766,-0.4700372574497207
QwenMix10,mix10,pick_and_place_simple,256.0,easy_grader_action,late_phack,action_p_hack_late_change,89,1,0.19437409912188247,0.1010966449975967,-0.09327745412428577,-0.48651346048564836
QwenMix10,mix10,pick_and_place_simple,256.0,easy_grader_action,entropy,reasoning_entropy_mean,89,1,0.39532498422391227,0.7409474110412703,0.345622426817358,1.1871004043322086
QwenMix10,mix10,pick_and_place_simple,256.0,easy_grader_action,entropy,action_entropy_mean,89,1,0.2845343944400735,0.4698586254380643,0.18532423099799078,0.5605081641041006
QwenMix10,mix10,pick_and_place_simple,256.0,easy_grader_action,entropy,reasoning_entropy_late_slope,89,1,0.4513933131959605,1.30124410116332,0.8498507879673596,1.1577387852530752
QwenMix10,mix10,pick_and_place_simple,256.0,easy_grader_action,entropy,reasoning_entropy_late_change,89,1,0.06581523920128954,-0.5312434434890747,-0.5970586826903642,-1.0310744458348622
QwenMix10,mix10,pick_and_place_simple,256.0,easy_grader_action,entropy,action_entropy_late_slope,89,1,0.23455773472061298,0.9024053891189396,0.6678476543983267,0.7973158033343507
QwenMix10,mix10,pick_and_place_simple,256.0,easy_grader_action,entropy,action_entropy_late_change,89,1,-0.6562455524657749,-0.2532961368560791,0.40294941560969577,0.4607226513461223
QwenMix10,mix10,pick_and_place_simple,256.0,easy_grader_action,all,reasoning_p_hack,89,1,0.29539930584449,0.2489476893097162,-0.04645161653477378,-0.4950891036154089
QwenMix10,mix10,pick_and_place_simple,256.0,easy_grader_action,all,action_p_hack,89,1,0.38732729966377427,0.3995674401521683,0.012240140488394002,0.13635889943441465
QwenMix10,mix10,pick_and_place_simple,256.0,easy_grader_action,all,reasoning_p_hack_late_slope,89,1,0.006356928806362998,0.0204630023799836,0.014106073573620603,0.5640451520076248
QwenMix10,mix10,pick_and_place_simple,256.0,easy_grader_action,all,reasoning_p_hack_late_change,89,1,0.10101442756049672,0.0982785020023584,-0.0027359255581383274,-0.01745707381459581
QwenMix10,mix10,pick_and_place_simple,256.0,easy_grader_action,all,action_p_hack_late_slope,89,1,0.022339710128813466,0.0063262097537517,-0.016013500375061766,-0.4700372574497207
QwenMix10,mix10,pick_and_place_simple,256.0,easy_grader_action,all,action_p_hack_late_change,89,1,0.19437409912188247,0.1010966449975967,-0.09327745412428577,-0.48651346048564836
QwenMix10,mix10,pick_and_place_simple,256.0,easy_grader_action,all,reasoning_entropy_mean,89,1,0.39532498422391227,0.7409474110412703,0.345622426817358,1.1871004043322086
QwenMix10,mix10,pick_and_place_simple,256.0,easy_grader_action,all,action_entropy_mean,89,1,0.2845343944400735,0.4698586254380643,0.18532423099799078,0.5605081641041006
QwenMix10,mix10,pick_and_place_simple,256.0,easy_grader_action,all,reasoning_entropy_late_slope,89,1,0.4513933131959605,1.30124410116332,0.8498507879673596,1.1577387852530752
QwenMix10,mix10,pick_and_place_simple,256.0,easy_grader_action,all,reasoning_entropy_late_change,89,1,0.06581523920128954,-0.5312434434890747,-0.5970586826903642,-1.0310744458348622
QwenMix10,mix10,pick_and_place_simple,256.0,easy_grader_action,all,action_entropy_late_slope,89,1,0.23455773472061298,0.9024053891189396,0.6678476543983267,0.7973158033343507
QwenMix10,mix10,pick_and_place_simple,256.0,easy_grader_action,all,action_entropy_late_change,89,1,-0.6562455524657749,-0.2532961368560791,0.40294941560969577,0.4607226513461223
QwenMix10,mix10,pick_and_place_simple,256.0,future_easy_grader_action,mean_phack,reasoning_p_hack,89,1,0.29653443569273047,0.1479211328163122,-0.14861330287641827,-1.5839454554037193
QwenMix10,mix10,pick_and_place_simple,256.0,future_easy_grader_action,mean_phack,action_p_hack,89,1,0.3881372334168236,0.327483336130778,-0.06065389728604559,-0.6757029209080903
QwenMix10,mix10,pick_and_place_simple,256.0,future_easy_grader_action,late_phack,reasoning_p_hack_late_slope,89,1,0.004963639835732828,0.1444657207660687,0.13950208093033586,5.578127182810028
QwenMix10,mix10,pick_and_place_simple,256.0,future_easy_grader_action,late_phack,reasoning_p_hack_late_change,89,1,0.10046590199274072,0.1470972775326421,0.046631375539901376,0.2975400271599926
QwenMix10,mix10,pick_and_place_simple,256.0,future_easy_grader_action,late_phack,action_p_hack_late_slope,89,1,0.022243417164843442,0.0148962835470835,-0.007347133617759943,-0.21565719267641428
QwenMix10,mix10,pick_and_place_simple,256.0,future_easy_grader_action,late_phack,action_p_hack_late_change,89,1,0.19807865476149583,-0.2286088069279988,-0.4266874616894946,-2.2255023518951886
QwenMix10,mix10,pick_and_place_simple,256.0,future_easy_grader_action,entropy,reasoning_entropy_mean,89,1,0.3982373181387431,0.4817496926213304,0.0835123744825873,0.286837791250771
QwenMix10,mix10,pick_and_place_simple,256.0,future_easy_grader_action,entropy,action_entropy_mean,89,1,0.28233781718628365,0.6653540010253588,0.38301618383907515,1.1584221710766263
QwenMix10,mix10,pick_and_place_simple,256.0,future_easy_grader_action,entropy,reasoning_entropy_late_slope,89,1,0.453220651839964,1.1386109618470073,0.6853903100070433,0.9336967808544987
QwenMix10,mix10,pick_and_place_simple,256.0,future_easy_grader_action,entropy,reasoning_entropy_late_change,89,1,0.050336104491642,0.8463995456695557,0.7960634411779137,1.3747403651570034
QwenMix10,mix10,pick_and_place_simple,256.0,future_easy_grader_action,entropy,action_entropy_late_slope,89,1,0.2316279343788491,1.163157619535923,0.9315296851570739,1.1121149177650957
QwenMix10,mix10,pick_and_place_simple,256.0,future_easy_grader_action,entropy,action_entropy_late_change,89,1,-0.6649428653351576,0.5207647085189819,1.1857075738541396,1.3557094662134874
QwenMix10,mix10,pick_and_place_simple,256.0,future_easy_grader_action,all,reasoning_p_hack,89,1,0.29653443569273047,0.1479211328163122,-0.14861330287641827,-1.5839454554037193
QwenMix10,mix10,pick_and_place_simple,256.0,future_easy_grader_action,all,action_p_hack,89,1,0.3881372334168236,0.327483336130778,-0.06065389728604559,-0.6757029209080903
QwenMix10,mix10,pick_and_place_simple,256.0,future_easy_grader_action,all,reasoning_p_hack_late_slope,89,1,0.004963639835732828,0.1444657207660687,0.13950208093033586,5.578127182810028
QwenMix10,mix10,pick_and_place_simple,256.0,future_easy_grader_action,all,reasoning_p_hack_late_change,89,1,0.10046590199274072,0.1470972775326421,0.046631375539901376,0.2975400271599926
QwenMix10,mix10,pick_and_place_simple,256.0,future_easy_grader_action,all,action_p_hack_late_slope,89,1,0.022243417164843442,0.0148962835470835,-0.007347133617759943,-0.21565719267641428
QwenMix10,mix10,pick_and_place_simple,256.0,future_easy_grader_action,all,action_p_hack_late_change,89,1,0.19807865476149583,-0.2286088069279988,-0.4266874616894946,-2.2255023518951886
QwenMix10,mix10,pick_and_place_simple,256.0,future_easy_grader_action,all,reasoning_entropy_mean,89,1,0.3982373181387431,0.4817496926213304,0.0835123744825873,0.286837791250771
QwenMix10,mix10,pick_and_place_simple,256.0,future_easy_grader_action,all,action_entropy_mean,89,1,0.28233781718628365,0.6653540010253588,0.38301618383907515,1.1584221710766263
QwenMix10,mix10,pick_and_place_simple,256.0,future_easy_grader_action,all,reasoning_entropy_late_slope,89,1,0.453220651839964,1.1386109618470073,0.6853903100070433,0.9336967808544987
QwenMix10,mix10,pick_and_place_simple,256.0,future_easy_grader_action,all,reasoning_entropy_late_change,89,1,0.050336104491642,0.8463995456695557,0.7960634411779137,1.3747403651570034
QwenMix10,mix10,pick_and_place_simple,256.0,future_easy_grader_action,all,action_entropy_late_slope,89,1,0.2316279343788491,1.163157619535923,0.9315296851570739,1.1121149177650957
QwenMix10,mix10,pick_and_place_simple,256.0,future_easy_grader_action,all,action_entropy_late_change,89,1,-0.6649428653351576,0.5207647085189819,1.1857075738541396,1.3557094662134874
QwenMix50,mix50,pick_and_place_simple,8.0,gameable_hack_action,mean_phack,reasoning_p_hack,84,6,0.9015425617673568,0.8782707119981447,-0.02327184976921215,-0.41087546643062006
QwenMix50,mix50,pick_and_place_simple,8.0,gameable_hack_action,mean_phack,action_p_hack,84,6,0.9197346324164445,0.8745819302896658,-0.04515270212677869,-0.7537523652060181
QwenMix50,mix50,pick_and_place_simple,8.0,gameable_hack_action,late_phack,reasoning_p_hack_late_slope,80,6,0.01507038750020516,0.011797263047524835,-0.0032731244526803243,-0.25622625348608635
QwenMix50,mix50,pick_and_place_simple,8.0,gameable_hack_action,late_phack,reasoning_p_hack_late_change,84,6,0.03479620071039312,0.09757769753535582,0.0627814968249627,0.5381708183820211
QwenMix50,mix50,pick_and_place_simple,8.0,gameable_hack_action,late_phack,action_p_hack_late_slope,80,6,0.016119119504555312,0.019555814138480534,0.003436694633925222,0.23337032449715953
QwenMix50,mix50,pick_and_place_simple,8.0,gameable_hack_action,late_phack,action_p_hack_late_change,84,6,0.027652131745807194,-0.04847896372278529,-0.07613109546859248,-0.5294322662078679
QwenMix50,mix50,pick_and_place_simple,8.0,gameable_hack_action,entropy,reasoning_entropy_mean,84,6,0.5148319170603948,0.8387402681454357,0.3239083510850409,0.8480876585635254
QwenMix50,mix50,pick_and_place_simple,8.0,gameable_hack_action,entropy,action_entropy_mean,84,6,0.8522124740262543,1.1969565489174177,0.3447440748911633,0.8240105976420775
QwenMix50,mix50,pick_and_place_simple,8.0,gameable_hack_action,entropy,reasoning_entropy_late_slope,80,6,0.28935862340194946,-0.2294047845886477,-0.5187634079905972,-0.7347617453928287
QwenMix50,mix50,pick_and_place_simple,8.0,gameable_hack_action,entropy,reasoning_entropy_late_change,84,6,-0.6210924670456821,-1.1873297257116064,-0.5662372586659243,-0.8693117431888513
QwenMix50,mix50,pick_and_place_simple,8.0,gameable_hack_action,entropy,action_entropy_late_slope,80,6,1.466860336496029,2.15739231929183,0.690531982795801,0.696914362662846
QwenMix50,mix50,pick_and_place_simple,8.0,gameable_hack_action,entropy,action_entropy_late_change,84,6,-0.0069760130274863575,-0.0472337951262792,-0.04025778209879284,-0.03900899863025101
QwenMix50,mix50,pick_and_place_simple,8.0,gameable_hack_action,all,reasoning_p_hack,84,6,0.9015425617673568,0.8782707119981447,-0.02327184976921215,-0.41087546643062006
QwenMix50,mix50,pick_and_place_simple,8.0,gameable_hack_action,all,action_p_hack,84,6,0.9197346324164445,0.8745819302896658,-0.04515270212677869,-0.7537523652060181
QwenMix50,mix50,pick_and_place_simple,8.0,gameable_hack_action,all,reasoning_p_hack_late_slope,80,6,0.01507038750020516,0.011797263047524835,-0.0032731244526803243,-0.25622625348608635
QwenMix50,mix50,pick_and_place_simple,8.0,gameable_hack_action,all,reasoning_p_hack_late_change,84,6,0.03479620071039312,0.09757769753535582,0.0627814968249627,0.5381708183820211
QwenMix50,mix50,pick_and_place_simple,8.0,gameable_hack_action,all,action_p_hack_late_slope,80,6,0.016119119504555312,0.019555814138480534,0.003436694633925222,0.23337032449715953
QwenMix50,mix50,pick_and_place_simple,8.0,gameable_hack_action,all,action_p_hack_late_change,84,6,0.027652131745807194,-0.04847896372278529,-0.07613109546859248,-0.5294322662078679
QwenMix50,mix50,pick_and_place_simple,8.0,gameable_hack_action,all,reasoning_entropy_mean,84,6,0.5148319170603948,0.8387402681454357,0.3239083510850409,0.8480876585635254
QwenMix50,mix50,pick_and_place_simple,8.0,gameable_hack_action,all,action_entropy_mean,84,6,0.8522124740262543,1.1969565489174177,0.3447440748911633,0.8240105976420775
QwenMix50,mix50,pick_and_place_simple,8.0,gameable_hack_action,all,reasoning_entropy_late_slope,80,6,0.28935862340194946,-0.2294047845886477,-0.5187634079905972,-0.7347617453928287
QwenMix50,mix50,pick_and_place_simple,8.0,gameable_hack_action,all,reasoning_entropy_late_change,84,6,-0.6210924670456821,-1.1873297257116064,-0.5662372586659243,-0.8693117431888513
QwenMix50,mix50,pick_and_place_simple,8.0,gameable_hack_action,all,action_entropy_late_slope,80,6,1.466860336496029,2.15739231929183,0.690531982795801,0.696914362662846
QwenMix50,mix50,pick_and_place_simple,8.0,gameable_hack_action,all,action_entropy_late_change,84,6,-0.0069760130274863575,-0.0472337951262792,-0.04025778209879284,-0.03900899863025101
QwenMix50,mix50,pick_and_place_simple,8.0,future_gameable_hack_action,mean_phack,reasoning_p_hack,84,6,0.903211598837423,0.8549041930172178,-0.04830740582020521,-0.8528899977984867
QwenMix50,mix50,pick_and_place_simple,8.0,future_gameable_hack_action,mean_phack,action_p_hack,84,6,0.9162721917007852,0.923056100308895,0.006783908608109734,0.11324653714736563
QwenMix50,mix50,pick_and_place_simple,8.0,future_gameable_hack_action,late_phack,reasoning_p_hack_late_slope,80,6,0.013531311292733415,0.03231827914714811,0.018786967854414697,1.4706786916575447
QwenMix50,mix50,pick_and_place_simple,8.0,future_gameable_hack_action,late_phack,reasoning_p_hack_late_change,84,6,0.037340129657633704,0.06196269227398765,0.024622562616353948,0.21106767668904866
QwenMix50,mix50,pick_and_place_simple,8.0,future_gameable_hack_action,late_phack,action_p_hack_late_slope,80,6,0.016350296435079365,0.016473455064826486,0.00012315862974712072,0.008363143208881462
QwenMix50,mix50,pick_and_place_simple,8.0,future_gameable_hack_action,late_phack,action_p_hack_late_change,84,6,0.026543879364522155,-0.03296343038479483,-0.059507309749316985,-0.41382682939997517
QwenMix50,mix50,pick_and_place_simple,8.0,future_gameable_hack_action,entropy,reasoning_entropy_mean,84,6,0.5181442288143261,0.7923679035903963,0.27422367477607024,0.7179985124942452
QwenMix50,mix50,pick_and_place_simple,8.0,future_gameable_hack_action,entropy,action_entropy_mean,84,6,0.860953196708463,1.074586431366495,0.21363323465803197,0.5106282085409305
QwenMix50,mix50,pick_and_place_simple,8.0,future_gameable_hack_action,entropy,reasoning_entropy_late_slope,80,6,0.18153697424831988,1.208217204126413,1.026680229878093,1.4541606945399885
QwenMix50,mix50,pick_and_place_simple,8.0,future_gameable_hack_action,entropy,reasoning_entropy_late_change,84,6,-0.6644206370478319,-0.5807353456815084,0.08368529136632352,0.12847725119382641
QwenMix50,mix50,pick_and_place_simple,8.0,future_gameable_hack_action,entropy,action_entropy_late_slope,80,6,1.4454046087223105,2.443468689608077,0.9980640808857666,1.0072888876355937
QwenMix50,mix50,pick_and_place_simple,8.0,future_gameable_hack_action,entropy,action_entropy_late_change,84,6,-0.08621213975406829,1.062071979045868,1.1482841187999362,1.1126647143025015
QwenMix50,mix50,pick_and_place_simple,8.0,future_gameable_hack_action,all,reasoning_p_hack,84,6,0.903211598837423,0.8549041930172178,-0.04830740582020521,-0.8528899977984867
QwenMix50,mix50,pick_and_place_simple,8.0,future_gameable_hack_action,all,action_p_hack,84,6,0.9162721917007852,0.923056100308895,0.006783908608109734,0.11324653714736563
QwenMix50,mix50,pick_and_place_simple,8.0,future_gameable_hack_action,all,reasoning_p_hack_late_slope,80,6,0.013531311292733415,0.03231827914714811,0.018786967854414697,1.4706786916575447
QwenMix50,mix50,pick_and_place_simple,8.0,future_gameable_hack_action,all,reasoning_p_hack_late_change,84,6,0.037340129657633704,0.06196269227398765,0.024622562616353948,0.21106767668904866
QwenMix50,mix50,pick_and_place_simple,8.0,future_gameable_hack_action,all,action_p_hack_late_slope,80,6,0.016350296435079365,0.016473455064826486,0.00012315862974712072,0.008363143208881462
QwenMix50,mix50,pick_and_place_simple,8.0,future_gameable_hack_action,all,action_p_hack_late_change,84,6,0.026543879364522155,-0.03296343038479483,-0.059507309749316985,-0.41382682939997517
QwenMix50,mix50,pick_and_place_simple,8.0,future_gameable_hack_action,all,reasoning_entropy_mean,84,6,0.5181442288143261,0.7923679035903963,0.27422367477607024,0.7179985124942452
QwenMix50,mix50,pick_and_place_simple,8.0,future_gameable_hack_action,all,action_entropy_mean,84,6,0.860953196708463,1.074586431366495,0.21363323465803197,0.5106282085409305
QwenMix50,mix50,pick_and_place_simple,8.0,future_gameable_hack_action,all,reasoning_entropy_late_slope,80,6,0.18153697424831988,1.208217204126413,1.026680229878093,1.4541606945399885
QwenMix50,mix50,pick_and_place_simple,8.0,future_gameable_hack_action,all,reasoning_entropy_late_change,84,6,-0.6644206370478319,-0.5807353456815084,0.08368529136632352,0.12847725119382641
QwenMix50,mix50,pick_and_place_simple,8.0,future_gameable_hack_action,all,action_entropy_late_slope,80,6,1.4454046087223105,2.443468689608077,0.9980640808857666,1.0072888876355937
QwenMix50,mix50,pick_and_place_simple,8.0,future_gameable_hack_action,all,action_entropy_late_change,84,6,-0.08621213975406829,1.062071979045868,1.1482841187999362,1.1126647143025015
QwenMix50,mix50,pick_and_place_simple,8.0,easy_grader_action,mean_phack,reasoning_p_hack,84,6,0.9015425617673568,0.8782707119981447,-0.02327184976921215,-0.41087546643062006
QwenMix50,mix50,pick_and_place_simple,8.0,easy_grader_action,mean_phack,action_p_hack,84,6,0.9197346324164445,0.8745819302896658,-0.04515270212677869,-0.7537523652060181
QwenMix50,mix50,pick_and_place_simple,8.0,easy_grader_action,late_phack,reasoning_p_hack_late_slope,80,6,0.01507038750020516,0.011797263047524835,-0.0032731244526803243,-0.25622625348608635
QwenMix50,mix50,pick_and_place_simple,8.0,easy_grader_action,late_phack,reasoning_p_hack_late_change,84,6,0.03479620071039312,0.09757769753535582,0.0627814968249627,0.5381708183820211
QwenMix50,mix50,pick_and_place_simple,8.0,easy_grader_action,late_phack,action_p_hack_late_slope,80,6,0.016119119504555312,0.019555814138480534,0.003436694633925222,0.23337032449715953
QwenMix50,mix50,pick_and_place_simple,8.0,easy_grader_action,late_phack,action_p_hack_late_change,84,6,0.027652131745807194,-0.04847896372278529,-0.07613109546859248,-0.5294322662078679
QwenMix50,mix50,pick_and_place_simple,8.0,easy_grader_action,entropy,reasoning_entropy_mean,84,6,0.5148319170603948,0.8387402681454357,0.3239083510850409,0.8480876585635254
QwenMix50,mix50,pick_and_place_simple,8.0,easy_grader_action,entropy,action_entropy_mean,84,6,0.8522124740262543,1.1969565489174177,0.3447440748911633,0.8240105976420775
QwenMix50,mix50,pick_and_place_simple,8.0,easy_grader_action,entropy,reasoning_entropy_late_slope,80,6,0.28935862340194946,-0.2294047845886477,-0.5187634079905972,-0.7347617453928287
QwenMix50,mix50,pick_and_place_simple,8.0,easy_grader_action,entropy,reasoning_entropy_late_change,84,6,-0.6210924670456821,-1.1873297257116064,-0.5662372586659243,-0.8693117431888513
QwenMix50,mix50,pick_and_place_simple,8.0,easy_grader_action,entropy,action_entropy_late_slope,80,6,1.466860336496029,2.15739231929183,0.690531982795801,0.696914362662846
QwenMix50,mix50,pick_and_place_simple,8.0,easy_grader_action,entropy,action_entropy_late_change,84,6,-0.0069760130274863575,-0.0472337951262792,-0.04025778209879284,-0.03900899863025101
QwenMix50,mix50,pick_and_place_simple,8.0,easy_grader_action,all,reasoning_p_hack,84,6,0.9015425617673568,0.8782707119981447,-0.02327184976921215,-0.41087546643062006
QwenMix50,mix50,pick_and_place_simple,8.0,easy_grader_action,all,action_p_hack,84,6,0.9197346324164445,0.8745819302896658,-0.04515270212677869,-0.7537523652060181
QwenMix50,mix50,pick_and_place_simple,8.0,easy_grader_action,all,reasoning_p_hack_late_slope,80,6,0.01507038750020516,0.011797263047524835,-0.0032731244526803243,-0.25622625348608635
QwenMix50,mix50,pick_and_place_simple,8.0,easy_grader_action,all,reasoning_p_hack_late_change,84,6,0.03479620071039312,0.09757769753535582,0.0627814968249627,0.5381708183820211
QwenMix50,mix50,pick_and_place_simple,8.0,easy_grader_action,all,action_p_hack_late_slope,80,6,0.016119119504555312,0.019555814138480534,0.003436694633925222,0.23337032449715953
QwenMix50,mix50,pick_and_place_simple,8.0,easy_grader_action,all,action_p_hack_late_change,84,6,0.027652131745807194,-0.04847896372278529,-0.07613109546859248,-0.5294322662078679
QwenMix50,mix50,pick_and_place_simple,8.0,easy_grader_action,all,reasoning_entropy_mean,84,6,0.5148319170603948,0.8387402681454357,0.3239083510850409,0.8480876585635254
QwenMix50,mix50,pick_and_place_simple,8.0,easy_grader_action,all,action_entropy_mean,84,6,0.8522124740262543,1.1969565489174177,0.3447440748911633,0.8240105976420775
QwenMix50,mix50,pick_and_place_simple,8.0,easy_grader_action,all,reasoning_entropy_late_slope,80,6,0.28935862340194946,-0.2294047845886477,-0.5187634079905972,-0.7347617453928287
QwenMix50,mix50,pick_and_place_simple,8.0,easy_grader_action,all,reasoning_entropy_late_change,84,6,-0.6210924670456821,-1.1873297257116064,-0.5662372586659243,-0.8693117431888513
QwenMix50,mix50,pick_and_place_simple,8.0,easy_grader_action,all,action_entropy_late_slope,80,6,1.466860336496029,2.15739231929183,0.690531982795801,0.696914362662846
QwenMix50,mix50,pick_and_place_simple,8.0,easy_grader_action,all,action_entropy_late_change,84,6,-0.0069760130274863575,-0.0472337951262792,-0.04025778209879284,-0.03900899863025101
QwenMix50,mix50,pick_and_place_simple,8.0,future_easy_grader_action,mean_phack,reasoning_p_hack,84,6,0.903211598837423,0.8549041930172178,-0.04830740582020521,-0.8528899977984867
QwenMix50,mix50,pick_and_place_simple,8.0,future_easy_grader_action,mean_phack,action_p_hack,84,6,0.9162721917007852,0.923056100308895,0.006783908608109734,0.11324653714736563
QwenMix50,mix50,pick_and_place_simple,8.0,future_easy_grader_action,late_phack,reasoning_p_hack_late_slope,80,6,0.013531311292733415,0.03231827914714811,0.018786967854414697,1.4706786916575447
QwenMix50,mix50,pick_and_place_simple,8.0,future_easy_grader_action,late_phack,reasoning_p_hack_late_change,84,6,0.037340129657633704,0.06196269227398765,0.024622562616353948,0.21106767668904866
QwenMix50,mix50,pick_and_place_simple,8.0,future_easy_grader_action,late_phack,action_p_hack_late_slope,80,6,0.016350296435079365,0.016473455064826486,0.00012315862974712072,0.008363143208881462
QwenMix50,mix50,pick_and_place_simple,8.0,future_easy_grader_action,late_phack,action_p_hack_late_change,84,6,0.026543879364522155,-0.03296343038479483,-0.059507309749316985,-0.41382682939997517
QwenMix50,mix50,pick_and_place_simple,8.0,future_easy_grader_action,entropy,reasoning_entropy_mean,84,6,0.5181442288143261,0.7923679035903963,0.27422367477607024,0.7179985124942452
QwenMix50,mix50,pick_and_place_simple,8.0,future_easy_grader_action,entropy,action_entropy_mean,84,6,0.860953196708463,1.074586431366495,0.21363323465803197,0.5106282085409305
QwenMix50,mix50,pick_and_place_simple,8.0,future_easy_grader_action,entropy,reasoning_entropy_late_slope,80,6,0.18153697424831988,1.208217204126413,1.026680229878093,1.4541606945399885
QwenMix50,mix50,pick_and_place_simple,8.0,future_easy_grader_action,entropy,reasoning_entropy_late_change,84,6,-0.6644206370478319,-0.5807353456815084,0.08368529136632352,0.12847725119382641
QwenMix50,mix50,pick_and_place_simple,8.0,future_easy_grader_action,entropy,action_entropy_late_slope,80,6,1.4454046087223105,2.443468689608077,0.9980640808857666,1.0072888876355937
QwenMix50,mix50,pick_and_place_simple,8.0,future_easy_grader_action,entropy,action_entropy_late_change,84,6,-0.08621213975406829,1.062071979045868,1.1482841187999362,1.1126647143025015
QwenMix50,mix50,pick_and_place_simple,8.0,future_easy_grader_action,all,reasoning_p_hack,84,6,0.903211598837423,0.8549041930172178,-0.04830740582020521,-0.8528899977984867
QwenMix50,mix50,pick_and_place_simple,8.0,future_easy_grader_action,all,action_p_hack,84,6,0.9162721917007852,0.923056100308895,0.006783908608109734,0.11324653714736563
QwenMix50,mix50,pick_and_place_simple,8.0,future_easy_grader_action,all,reasoning_p_hack_late_slope,80,6,0.013531311292733415,0.03231827914714811,0.018786967854414697,1.4706786916575447
QwenMix50,mix50,pick_and_place_simple,8.0,future_easy_grader_action,all,reasoning_p_hack_late_change,84,6,0.037340129657633704,0.06196269227398765,0.024622562616353948,0.21106767668904866
QwenMix50,mix50,pick_and_place_simple,8.0,future_easy_grader_action,all,action_p_hack_late_slope,80,6,0.016350296435079365,0.016473455064826486,0.00012315862974712072,0.008363143208881462
QwenMix50,mix50,pick_and_place_simple,8.0,future_easy_grader_action,all,action_p_hack_late_change,84,6,0.026543879364522155,-0.03296343038479483,-0.059507309749316985,-0.41382682939997517
QwenMix50,mix50,pick_and_place_simple,8.0,future_easy_grader_action,all,reasoning_entropy_mean,84,6,0.5181442288143261,0.7923679035903963,0.27422367477607024,0.7179985124942452
QwenMix50,mix50,pick_and_place_simple,8.0,future_easy_grader_action,all,action_entropy_mean,84,6,0.860953196708463,1.074586431366495,0.21363323465803197,0.5106282085409305
QwenMix50,mix50,pick_and_place_simple,8.0,future_easy_grader_action,all,reasoning_entropy_late_slope,80,6,0.18153697424831988,1.208217204126413,1.026680229878093,1.4541606945399885
QwenMix50,mix50,pick_and_place_simple,8.0,future_easy_grader_action,all,reasoning_entropy_late_change,84,6,-0.6644206370478319,-0.5807353456815084,0.08368529136632352,0.12847725119382641
QwenMix50,mix50,pick_and_place_simple,8.0,future_easy_grader_action,all,action_entropy_late_slope,80,6,1.4454046087223105,2.443468689608077,0.9980640808857666,1.0072888876355937
QwenMix50,mix50,pick_and_place_simple,8.0,future_easy_grader_action,all,action_entropy_late_change,84,6,-0.08621213975406829,1.062071979045868,1.1482841187999362,1.1126647143025015
QwenMix50,mix50,pick_and_place_simple,16.0,gameable_hack_action,mean_phack,reasoning_p_hack,72,18,0.9263632003631856,0.8198122948776057,-0.10655090548558,-1.4936399324683678
QwenMix50,mix50,pick_and_place_simple,16.0,gameable_hack_action,mean_phack,action_p_hack,72,18,0.9516028341507076,0.8542702784140904,-0.09733255573661714,-1.9552481143815337
QwenMix50,mix50,pick_and_place_simple,16.0,gameable_hack_action,late_phack,reasoning_p_hack_late_slope,72,18,0.014022033149721426,0.03681866522004568,0.02279663207032425,1.170323723854802
QwenMix50,mix50,pick_and_place_simple,16.0,gameable_hack_action,late_phack,reasoning_p_hack_late_change,72,18,0.05321244593672077,0.07792733812037805,0.024714892183657286,0.3326927051446245
QwenMix50,mix50,pick_and_place_simple,16.0,gameable_hack_action,late_phack,action_p_hack_late_slope,72,18,0.011937161127016618,0.031172814716895363,0.019235653589878745,1.4477345475322254
QwenMix50,mix50,pick_and_place_simple,16.0,gameable_hack_action,late_phack,action_p_hack_late_change,72,18,0.03991110972449103,-0.023052753011385624,-0.06296386273587665,-0.7161770531821272
QwenMix50,mix50,pick_and_place_simple,16.0,gameable_hack_action,entropy,reasoning_entropy_mean,72,18,0.5085363017079831,0.3273213040046503,-0.18121499770333283,-0.6438890503826791
QwenMix50,mix50,pick_and_place_simple,16.0,gameable_hack_action,entropy,action_entropy_mean,72,18,1.0847310663167162,0.8295193344251148,-0.2552117318916014,-0.9942324781871037
QwenMix50,mix50,pick_and_place_simple,16.0,gameable_hack_action,entropy,reasoning_entropy_late_slope,72,18,0.31313617260952104,0.6181236830150536,0.30498751040553257,0.45606553444432923
QwenMix50,mix50,pick_and_place_simple,16.0,gameable_hack_action,entropy,reasoning_entropy_late_change,72,18,-0.31640366308614415,0.008356365892622201,0.3247600289787663,0.6167179696538945
QwenMix50,mix50,pick_and_place_simple,16.0,gameable_hack_action,entropy,action_entropy_late_slope,72,18,2.225839849501022,2.559658234783759,0.3338183852827368,0.3394533050659702
QwenMix50,mix50,pick_and_place_simple,16.0,gameable_hack_action,entropy,action_entropy_late_change,72,18,0.8370913670256009,1.3991573651631672,0.5620659981375663,0.5357926002954577
QwenMix50,mix50,pick_and_place_simple,16.0,gameable_hack_action,all,reasoning_p_hack,72,18,0.9263632003631856,0.8198122948776057,-0.10655090548558,-1.4936399324683678
QwenMix50,mix50,pick_and_place_simple,16.0,gameable_hack_action,all,action_p_hack,72,18,0.9516028341507076,0.8542702784140904,-0.09733255573661714,-1.9552481143815337
QwenMix50,mix50,pick_and_place_simple,16.0,gameable_hack_action,all,reasoning_p_hack_late_slope,72,18,0.014022033149721426,0.03681866522004568,0.02279663207032425,1.170323723854802
QwenMix50,mix50,pick_and_place_simple,16.0,gameable_hack_action,all,reasoning_p_hack_late_change,72,18,0.05321244593672077,0.07792733812037805,0.024714892183657286,0.3326927051446245
QwenMix50,mix50,pick_and_place_simple,16.0,gameable_hack_action,all,action_p_hack_late_slope,72,18,0.011937161127016618,0.031172814716895363,0.019235653589878745,1.4477345475322254
QwenMix50,mix50,pick_and_place_simple,16.0,gameable_hack_action,all,action_p_hack_late_change,72,18,0.03991110972449103,-0.023052753011385624,-0.06296386273587665,-0.7161770531821272
QwenMix50,mix50,pick_and_place_simple,16.0,gameable_hack_action,all,reasoning_entropy_mean,72,18,0.5085363017079831,0.3273213040046503,-0.18121499770333283,-0.6438890503826791
QwenMix50,mix50,pick_and_place_simple,16.0,gameable_hack_action,all,action_entropy_mean,72,18,1.0847310663167162,0.8295193344251148,-0.2552117318916014,-0.9942324781871037
QwenMix50,mix50,pick_and_place_simple,16.0,gameable_hack_action,all,reasoning_entropy_late_slope,72,18,0.31313617260952104,0.6181236830150536,0.30498751040553257,0.45606553444432923
QwenMix50,mix50,pick_and_place_simple,16.0,gameable_hack_action,all,reasoning_entropy_late_change,72,18,-0.31640366308614415,0.008356365892622201,0.3247600289787663,0.6167179696538945
QwenMix50,mix50,pick_and_place_simple,16.0,gameable_hack_action,all,action_entropy_late_slope,72,18,2.225839849501022,2.559658234783759,0.3338183852827368,0.3394533050659702
QwenMix50,mix50,pick_and_place_simple,16.0,gameable_hack_action,all,action_entropy_late_change,72,18,0.8370913670256009,1.3991573651631672,0.5620659981375663,0.5357926002954577
QwenMix50,mix50,pick_and_place_simple,16.0,future_gameable_hack_action,mean_phack,reasoning_p_hack,72,18,0.9220946866639511,0.8368863496745441,-0.085208336989407,-1.1944579365759016
QwenMix50,mix50,pick_and_place_simple,16.0,future_gameable_hack_action,mean_phack,action_p_hack,72,18,0.9484365373692185,0.866935465540047,-0.08150107182917155,-1.637220103880528
QwenMix50,mix50,pick_and_place_simple,16.0,future_gameable_hack_action,late_phack,reasoning_p_hack_late_slope,72,18,0.015424085638694681,0.031210455264152656,0.015786369625457975,0.8104338758997889
QwenMix50,mix50,pick_and_place_simple,16.0,future_gameable_hack_action,late_phack,reasoning_p_hack_late_change,72,18,0.05249389015962854,0.08080156122874693,0.02830767106911839,0.3810559072783134
QwenMix50,mix50,pick_and_place_simple,16.0,future_gameable_hack_action,late_phack,action_p_hack_late_slope,72,18,0.012242885561728875,0.02994991697804633,0.017707031416317458,1.3326857335967885
QwenMix50,mix50,pick_and_place_simple,16.0,future_gameable_hack_action,late_phack,action_p_hack_late_change,72,18,0.038257134276092356,-0.016436851217790895,-0.054693985493883254,-0.6221120442071612
QwenMix50,mix50,pick_and_place_simple,16.0,future_gameable_hack_action,entropy,reasoning_entropy_mean,72,18,0.5048170397008429,0.34219835203321164,-0.16261868766763127,-0.5778130601982886
QwenMix50,mix50,pick_and_place_simple,16.0,future_gameable_hack_action,entropy,action_entropy_mean,72,18,1.0771625396554856,0.8597934410700367,-0.21736909858544884,-0.8468083185913274
QwenMix50,mix50,pick_and_place_simple,16.0,future_gameable_hack_action,entropy,reasoning_entropy_late_slope,72,18,0.3616911228630083,0.4239038820011046,0.06221275913809632,0.09303035133420837
QwenMix50,mix50,pick_and_place_simple,16.0,future_gameable_hack_action,entropy,reasoning_entropy_late_change,72,18,-0.29594203523156654,-0.07349014552568812,0.22245188970587843,0.42243523070399547
QwenMix50,mix50,pick_and_place_simple,16.0,future_gameable_hack_action,entropy,action_entropy_late_slope,72,18,2.260350108551898,2.4216171985802553,0.16126709002835726,0.16398931012182397
QwenMix50,mix50,pick_and_place_simple,16.0,future_gameable_hack_action,entropy,action_entropy_late_change,72,18,0.8717383590798514,1.2605693969461653,0.3888310378663139,0.3706553919722862
QwenMix50,mix50,pick_and_place_simple,16.0,future_gameable_hack_action,all,reasoning_p_hack,72,18,0.9220946866639511,0.8368863496745441,-0.085208336989407,-1.1944579365759016
QwenMix50,mix50,pick_and_place_simple,16.0,future_gameable_hack_action,all,action_p_hack,72,18,0.9484365373692185,0.866935465540047,-0.08150107182917155,-1.637220103880528
QwenMix50,mix50,pick_and_place_simple,16.0,future_gameable_hack_action,all,reasoning_p_hack_late_slope,72,18,0.015424085638694681,0.031210455264152656,0.015786369625457975,0.8104338758997889
QwenMix50,mix50,pick_and_place_simple,16.0,future_gameable_hack_action,all,reasoning_p_hack_late_change,72,18,0.05249389015962854,0.08080156122874693,0.02830767106911839,0.3810559072783134
QwenMix50,mix50,pick_and_place_simple,16.0,future_gameable_hack_action,all,action_p_hack_late_slope,72,18,0.012242885561728875,0.02994991697804633,0.017707031416317458,1.3326857335967885
QwenMix50,mix50,pick_and_place_simple,16.0,future_gameable_hack_action,all,action_p_hack_late_change,72,18,0.038257134276092356,-0.016436851217790895,-0.054693985493883254,-0.6221120442071612
QwenMix50,mix50,pick_and_place_simple,16.0,future_gameable_hack_action,all,reasoning_entropy_mean,72,18,0.5048170397008429,0.34219835203321164,-0.16261868766763127,-0.5778130601982886
QwenMix50,mix50,pick_and_place_simple,16.0,future_gameable_hack_action,all,action_entropy_mean,72,18,1.0771625396554856,0.8597934410700367,-0.21736909858544884,-0.8468083185913274
QwenMix50,mix50,pick_and_place_simple,16.0,future_gameable_hack_action,all,reasoning_entropy_late_slope,72,18,0.3616911228630083,0.4239038820011046,0.06221275913809632,0.09303035133420837
QwenMix50,mix50,pick_and_place_simple,16.0,future_gameable_hack_action,all,reasoning_entropy_late_change,72,18,-0.29594203523156654,-0.07349014552568812,0.22245188970587843,0.42243523070399547
QwenMix50,mix50,pick_and_place_simple,16.0,future_gameable_hack_action,all,action_entropy_late_slope,72,18,2.260350108551898,2.4216171985802553,0.16126709002835726,0.16398931012182397
QwenMix50,mix50,pick_and_place_simple,16.0,future_gameable_hack_action,all,action_entropy_late_change,72,18,0.8717383590798514,1.2605693969461653,0.3888310378663139,0.3706553919722862
QwenMix50,mix50,pick_and_place_simple,16.0,easy_grader_action,mean_phack,reasoning_p_hack,72,18,0.9263632003631856,0.8198122948776057,-0.10655090548558,-1.4936399324683678
QwenMix50,mix50,pick_and_place_simple,16.0,easy_grader_action,mean_phack,action_p_hack,72,18,0.9516028341507076,0.8542702784140904,-0.09733255573661714,-1.9552481143815337
QwenMix50,mix50,pick_and_place_simple,16.0,easy_grader_action,late_phack,reasoning_p_hack_late_slope,72,18,0.014022033149721426,0.03681866522004568,0.02279663207032425,1.170323723854802
QwenMix50,mix50,pick_and_place_simple,16.0,easy_grader_action,late_phack,reasoning_p_hack_late_change,72,18,0.05321244593672077,0.07792733812037805,0.024714892183657286,0.3326927051446245
QwenMix50,mix50,pick_and_place_simple,16.0,easy_grader_action,late_phack,action_p_hack_late_slope,72,18,0.011937161127016618,0.031172814716895363,0.019235653589878745,1.4477345475322254
QwenMix50,mix50,pick_and_place_simple,16.0,easy_grader_action,late_phack,action_p_hack_late_change,72,18,0.03991110972449103,-0.023052753011385624,-0.06296386273587665,-0.7161770531821272
QwenMix50,mix50,pick_and_place_simple,16.0,easy_grader_action,entropy,reasoning_entropy_mean,72,18,0.5085363017079831,0.3273213040046503,-0.18121499770333283,-0.6438890503826791
QwenMix50,mix50,pick_and_place_simple,16.0,easy_grader_action,entropy,action_entropy_mean,72,18,1.0847310663167162,0.8295193344251148,-0.2552117318916014,-0.9942324781871037
QwenMix50,mix50,pick_and_place_simple,16.0,easy_grader_action,entropy,reasoning_entropy_late_slope,72,18,0.31313617260952104,0.6181236830150536,0.30498751040553257,0.45606553444432923
QwenMix50,mix50,pick_and_place_simple,16.0,easy_grader_action,entropy,reasoning_entropy_late_change,72,18,-0.31640366308614415,0.008356365892622201,0.3247600289787663,0.6167179696538945
QwenMix50,mix50,pick_and_place_simple,16.0,easy_grader_action,entropy,action_entropy_late_slope,72,18,2.225839849501022,2.559658234783759,0.3338183852827368,0.3394533050659702
QwenMix50,mix50,pick_and_place_simple,16.0,easy_grader_action,entropy,action_entropy_late_change,72,18,0.8370913670256009,1.3991573651631672,0.5620659981375663,0.5357926002954577
QwenMix50,mix50,pick_and_place_simple,16.0,easy_grader_action,all,reasoning_p_hack,72,18,0.9263632003631856,0.8198122948776057,-0.10655090548558,-1.4936399324683678
QwenMix50,mix50,pick_and_place_simple,16.0,easy_grader_action,all,action_p_hack,72,18,0.9516028341507076,0.8542702784140904,-0.09733255573661714,-1.9552481143815337
QwenMix50,mix50,pick_and_place_simple,16.0,easy_grader_action,all,reasoning_p_hack_late_slope,72,18,0.014022033149721426,0.03681866522004568,0.02279663207032425,1.170323723854802
QwenMix50,mix50,pick_and_place_simple,16.0,easy_grader_action,all,reasoning_p_hack_late_change,72,18,0.05321244593672077,0.07792733812037805,0.024714892183657286,0.3326927051446245
QwenMix50,mix50,pick_and_place_simple,16.0,easy_grader_action,all,action_p_hack_late_slope,72,18,0.011937161127016618,0.031172814716895363,0.019235653589878745,1.4477345475322254
QwenMix50,mix50,pick_and_place_simple,16.0,easy_grader_action,all,action_p_hack_late_change,72,18,0.03991110972449103,-0.023052753011385624,-0.06296386273587665,-0.7161770531821272
QwenMix50,mix50,pick_and_place_simple,16.0,easy_grader_action,all,reasoning_entropy_mean,72,18,0.5085363017079831,0.3273213040046503,-0.18121499770333283,-0.6438890503826791
QwenMix50,mix50,pick_and_place_simple,16.0,easy_grader_action,all,action_entropy_mean,72,18,1.0847310663167162,0.8295193344251148,-0.2552117318916014,-0.9942324781871037
QwenMix50,mix50,pick_and_place_simple,16.0,easy_grader_action,all,reasoning_entropy_late_slope,72,18,0.31313617260952104,0.6181236830150536,0.30498751040553257,0.45606553444432923
QwenMix50,mix50,pick_and_place_simple,16.0,easy_grader_action,all,reasoning_entropy_late_change,72,18,-0.31640366308614415,0.008356365892622201,0.3247600289787663,0.6167179696538945
QwenMix50,mix50,pick_and_place_simple,16.0,easy_grader_action,all,action_entropy_late_slope,72,18,2.225839849501022,2.559658234783759,0.3338183852827368,0.3394533050659702
QwenMix50,mix50,pick_and_place_simple,16.0,easy_grader_action,all,action_entropy_late_change,72,18,0.8370913670256009,1.3991573651631672,0.5620659981375663,0.5357926002954577
QwenMix50,mix50,pick_and_place_simple,16.0,future_easy_grader_action,mean_phack,reasoning_p_hack,72,18,0.9220946866639511,0.8368863496745441,-0.085208336989407,-1.1944579365759016
QwenMix50,mix50,pick_and_place_simple,16.0,future_easy_grader_action,mean_phack,action_p_hack,72,18,0.9484365373692185,0.866935465540047,-0.08150107182917155,-1.637220103880528
QwenMix50,mix50,pick_and_place_simple,16.0,future_easy_grader_action,late_phack,reasoning_p_hack_late_slope,72,18,0.015424085638694681,0.031210455264152656,0.015786369625457975,0.8104338758997889
QwenMix50,mix50,pick_and_place_simple,16.0,future_easy_grader_action,late_phack,reasoning_p_hack_late_change,72,18,0.05249389015962854,0.08080156122874693,0.02830767106911839,0.3810559072783134
QwenMix50,mix50,pick_and_place_simple,16.0,future_easy_grader_action,late_phack,action_p_hack_late_slope,72,18,0.012242885561728875,0.02994991697804633,0.017707031416317458,1.3326857335967885
QwenMix50,mix50,pick_and_place_simple,16.0,future_easy_grader_action,late_phack,action_p_hack_late_change,72,18,0.038257134276092356,-0.016436851217790895,-0.054693985493883254,-0.6221120442071612
QwenMix50,mix50,pick_and_place_simple,16.0,future_easy_grader_action,entropy,reasoning_entropy_mean,72,18,0.5048170397008429,0.34219835203321164,-0.16261868766763127,-0.5778130601982886
QwenMix50,mix50,pick_and_place_simple,16.0,future_easy_grader_action,entropy,action_entropy_mean,72,18,1.0771625396554856,0.8597934410700367,-0.21736909858544884,-0.8468083185913274
QwenMix50,mix50,pick_and_place_simple,16.0,future_easy_grader_action,entropy,reasoning_entropy_late_slope,72,18,0.3616911228630083,0.4239038820011046,0.06221275913809632,0.09303035133420837
QwenMix50,mix50,pick_and_place_simple,16.0,future_easy_grader_action,entropy,reasoning_entropy_late_change,72,18,-0.29594203523156654,-0.07349014552568812,0.22245188970587843,0.42243523070399547
QwenMix50,mix50,pick_and_place_simple,16.0,future_easy_grader_action,entropy,action_entropy_late_slope,72,18,2.260350108551898,2.4216171985802553,0.16126709002835726,0.16398931012182397
QwenMix50,mix50,pick_and_place_simple,16.0,future_easy_grader_action,entropy,action_entropy_late_change,72,18,0.8717383590798514,1.2605693969461653,0.3888310378663139,0.3706553919722862
QwenMix50,mix50,pick_and_place_simple,16.0,future_easy_grader_action,all,reasoning_p_hack,72,18,0.9220946866639511,0.8368863496745441,-0.085208336989407,-1.1944579365759016
QwenMix50,mix50,pick_and_place_simple,16.0,future_easy_grader_action,all,action_p_hack,72,18,0.9484365373692185,0.866935465540047,-0.08150107182917155,-1.637220103880528
QwenMix50,mix50,pick_and_place_simple,16.0,future_easy_grader_action,all,reasoning_p_hack_late_slope,72,18,0.015424085638694681,0.031210455264152656,0.015786369625457975,0.8104338758997889
QwenMix50,mix50,pick_and_place_simple,16.0,future_easy_grader_action,all,reasoning_p_hack_late_change,72,18,0.05249389015962854,0.08080156122874693,0.02830767106911839,0.3810559072783134
QwenMix50,mix50,pick_and_place_simple,16.0,future_easy_grader_action,all,action_p_hack_late_slope,72,18,0.012242885561728875,0.02994991697804633,0.017707031416317458,1.3326857335967885
QwenMix50,mix50,pick_and_place_simple,16.0,future_easy_grader_action,all,action_p_hack_late_change,72,18,0.038257134276092356,-0.016436851217790895,-0.054693985493883254,-0.6221120442071612
QwenMix50,mix50,pick_and_place_simple,16.0,future_easy_grader_action,all,reasoning_entropy_mean,72,18,0.5048170397008429,0.34219835203321164,-0.16261868766763127,-0.5778130601982886
QwenMix50,mix50,pick_and_place_simple,16.0,future_easy_grader_action,all,action_entropy_mean,72,18,1.0771625396554856,0.8597934410700367,-0.21736909858544884,-0.8468083185913274
QwenMix50,mix50,pick_and_place_simple,16.0,future_easy_grader_action,all,reasoning_entropy_late_slope,72,18,0.3616911228630083,0.4239038820011046,0.06221275913809632,0.09303035133420837
QwenMix50,mix50,pick_and_place_simple,16.0,future_easy_grader_action,all,reasoning_entropy_late_change,72,18,-0.29594203523156654,-0.07349014552568812,0.22245188970587843,0.42243523070399547
QwenMix50,mix50,pick_and_place_simple,16.0,future_easy_grader_action,all,action_entropy_late_slope,72,18,2.260350108551898,2.4216171985802553,0.16126709002835726,0.16398931012182397
QwenMix50,mix50,pick_and_place_simple,16.0,future_easy_grader_action,all,action_entropy_late_change,72,18,0.8717383590798514,1.2605693969461653,0.3888310378663139,0.3706553919722862
QwenMix50,mix50,pick_and_place_simple,32.0,gameable_hack_action,mean_phack,reasoning_p_hack,50,40,0.9303182357647235,0.805478978380561,-0.12483925738416246,-1.551018314173926
QwenMix50,mix50,pick_and_place_simple,32.0,gameable_hack_action,mean_phack,action_p_hack,50,40,0.9443677689617587,0.8182790154218672,-0.12608875353989146,-1.393339146181649
QwenMix50,mix50,pick_and_place_simple,32.0,gameable_hack_action,late_phack,reasoning_p_hack_late_slope,50,40,0.011858726039731489,0.04320020014213186,0.031341474102400374,1.4141565590378389
QwenMix50,mix50,pick_and_place_simple,32.0,gameable_hack_action,late_phack,reasoning_p_hack_late_change,50,40,0.035834441175405074,0.041028720363974536,0.005194279188569462,0.06420792062013049
QwenMix50,mix50,pick_and_place_simple,32.0,gameable_hack_action,late_phack,action_p_hack_late_slope,49,40,0.006218471506246666,0.035811372250318475,0.02959290074407181,1.1483527697385265
QwenMix50,mix50,pick_and_place_simple,32.0,gameable_hack_action,late_phack,action_p_hack_late_change,50,40,0.03584110935387159,0.07818931281566621,0.042348203461794624,0.24974943273999428
QwenMix50,mix50,pick_and_place_simple,32.0,gameable_hack_action,entropy,reasoning_entropy_mean,50,40,0.5746746330056102,0.27328464538813624,-0.30138998761747393,-1.0271375294523641
QwenMix50,mix50,pick_and_place_simple,32.0,gameable_hack_action,entropy,action_entropy_mean,50,40,1.4224112125395334,0.9217170035699382,-0.5006942089695952,-1.402142843138978
QwenMix50,mix50,pick_and_place_simple,32.0,gameable_hack_action,entropy,reasoning_entropy_late_slope,50,40,0.5321979989735806,0.4585748683008205,-0.07362313067276005,-0.137990470555335
QwenMix50,mix50,pick_and_place_simple,32.0,gameable_hack_action,entropy,reasoning_entropy_late_change,50,40,-0.18571457105248557,-0.1361712558194995,0.04954331523298608,0.090918968153625
QwenMix50,mix50,pick_and_place_simple,32.0,gameable_hack_action,entropy,action_entropy_late_slope,49,40,2.189243340750738,2.8437013324117286,0.6544579916609905,0.6220890517659005
QwenMix50,mix50,pick_and_place_simple,32.0,gameable_hack_action,entropy,action_entropy_late_change,50,40,1.0652533827535808,1.5251348674297334,0.45988148467615253,0.4330703530350021
QwenMix50,mix50,pick_and_place_simple,32.0,gameable_hack_action,all,reasoning_p_hack,50,40,0.9303182357647235,0.805478978380561,-0.12483925738416246,-1.551018314173926
QwenMix50,mix50,pick_and_place_simple,32.0,gameable_hack_action,all,action_p_hack,50,40,0.9443677689617587,0.8182790154218672,-0.12608875353989146,-1.393339146181649
QwenMix50,mix50,pick_and_place_simple,32.0,gameable_hack_action,all,reasoning_p_hack_late_slope,50,40,0.011858726039731489,0.04320020014213186,0.031341474102400374,1.4141565590378389
QwenMix50,mix50,pick_and_place_simple,32.0,gameable_hack_action,all,reasoning_p_hack_late_change,50,40,0.035834441175405074,0.041028720363974536,0.005194279188569462,0.06420792062013049
QwenMix50,mix50,pick_and_place_simple,32.0,gameable_hack_action,all,action_p_hack_late_slope,49,40,0.006218471506246666,0.035811372250318475,0.02959290074407181,1.1483527697385265
QwenMix50,mix50,pick_and_place_simple,32.0,gameable_hack_action,all,action_p_hack_late_change,50,40,0.03584110935387159,0.07818931281566621,0.042348203461794624,0.24974943273999428
QwenMix50,mix50,pick_and_place_simple,32.0,gameable_hack_action,all,reasoning_entropy_mean,50,40,0.5746746330056102,0.27328464538813624,-0.30138998761747393,-1.0271375294523641
QwenMix50,mix50,pick_and_place_simple,32.0,gameable_hack_action,all,action_entropy_mean,50,40,1.4224112125395334,0.9217170035699382,-0.5006942089695952,-1.402142843138978
QwenMix50,mix50,pick_and_place_simple,32.0,gameable_hack_action,all,reasoning_entropy_late_slope,50,40,0.5321979989735806,0.4585748683008205,-0.07362313067276005,-0.137990470555335
QwenMix50,mix50,pick_and_place_simple,32.0,gameable_hack_action,all,reasoning_entropy_late_change,50,40,-0.18571457105248557,-0.1361712558194995,0.04954331523298608,0.090918968153625
QwenMix50,mix50,pick_and_place_simple,32.0,gameable_hack_action,all,action_entropy_late_slope,49,40,2.189243340750738,2.8437013324117286,0.6544579916609905,0.6220890517659005
QwenMix50,mix50,pick_and_place_simple,32.0,gameable_hack_action,all,action_entropy_late_change,50,40,1.0652533827535808,1.5251348674297334,0.45988148467615253,0.4330703530350021
QwenMix50,mix50,pick_and_place_simple,32.0,future_gameable_hack_action,mean_phack,reasoning_p_hack,51,39,0.9203109776830766,0.8153643861954283,-0.10494659148764829,-1.303869382261497
QwenMix50,mix50,pick_and_place_simple,32.0,future_gameable_hack_action,mean_phack,action_p_hack,51,39,0.9382610158968704,0.8230317244672367,-0.11522929142963367,-1.2733370584465877
QwenMix50,mix50,pick_and_place_simple,32.0,future_gameable_hack_action,late_phack,reasoning_p_hack_late_slope,51,39,0.014227836563592665,0.04090576007509291,0.026677923511500244,1.2037328043995363
QwenMix50,mix50,pick_and_place_simple,32.0,future_gameable_hack_action,late_phack,reasoning_p_hack_late_change,51,39,0.033713626119309004,0.04393528054473015,0.010221654425421146,0.1263526953649557
QwenMix50,mix50,pick_and_place_simple,32.0,future_gameable_hack_action,late_phack,action_p_hack_late_slope,51,38,0.007512737159468536,0.03563185259699817,0.028119115437529638,1.0911625181506799
QwenMix50,mix50,pick_and_place_simple,32.0,future_gameable_hack_action,late_phack,action_p_hack_late_change,51,39,0.035358266073281706,0.07990657463032975,0.04454830855704805,0.2627245994434327
QwenMix50,mix50,pick_and_place_simple,32.0,future_gameable_hack_action,entropy,reasoning_entropy_mean,51,39,0.5519176040366617,0.2953158887163131,-0.2566017153203486,-0.8744990303456941
QwenMix50,mix50,pick_and_place_simple,32.0,future_gameable_hack_action,entropy,action_entropy_mean,51,39,1.3805235461796805,0.963654869605397,-0.4168686765742835,-1.167398026412851
QwenMix50,mix50,pick_and_place_simple,32.0,future_gameable_hack_action,entropy,reasoning_entropy_late_slope,51,39,0.48565677727914475,0.5175486933198837,0.03189191604073899,0.05977442769899845
QwenMix50,mix50,pick_and_place_simple,32.0,future_gameable_hack_action,entropy,reasoning_entropy_late_change,51,39,-0.19529827204375275,-0.12236838233776581,0.07292988970598693,0.133836629390745
QwenMix50,mix50,pick_and_place_simple,32.0,future_gameable_hack_action,entropy,action_entropy_late_slope,51,38,2.2766852225268295,2.7607902801154474,0.4841050575886179,0.4601616300322895
QwenMix50,mix50,pick_and_place_simple,32.0,future_gameable_hack_action,entropy,action_entropy_late_change,51,39,1.0869765876080184,1.5085194324835753,0.42154284487555693,0.39696685935984843
QwenMix50,mix50,pick_and_place_simple,32.0,future_gameable_hack_action,all,reasoning_p_hack,51,39,0.9203109776830766,0.8153643861954283,-0.10494659148764829,-1.303869382261497
QwenMix50,mix50,pick_and_place_simple,32.0,future_gameable_hack_action,all,action_p_hack,51,39,0.9382610158968704,0.8230317244672367,-0.11522929142963367,-1.2733370584465877
QwenMix50,mix50,pick_and_place_simple,32.0,future_gameable_hack_action,all,reasoning_p_hack_late_slope,51,39,0.014227836563592665,0.04090576007509291,0.026677923511500244,1.2037328043995363
QwenMix50,mix50,pick_and_place_simple,32.0,future_gameable_hack_action,all,reasoning_p_hack_late_change,51,39,0.033713626119309004,0.04393528054473015,0.010221654425421146,0.1263526953649557
QwenMix50,mix50,pick_and_place_simple,32.0,future_gameable_hack_action,all,action_p_hack_late_slope,51,38,0.007512737159468536,0.03563185259699817,0.028119115437529638,1.0911625181506799
QwenMix50,mix50,pick_and_place_simple,32.0,future_gameable_hack_action,all,action_p_hack_late_change,51,39,0.035358266073281706,0.07990657463032975,0.04454830855704805,0.2627245994434327
QwenMix50,mix50,pick_and_place_simple,32.0,future_gameable_hack_action,all,reasoning_entropy_mean,51,39,0.5519176040366617,0.2953158887163131,-0.2566017153203486,-0.8744990303456941
QwenMix50,mix50,pick_and_place_simple,32.0,future_gameable_hack_action,all,action_entropy_mean,51,39,1.3805235461796805,0.963654869605397,-0.4168686765742835,-1.167398026412851
QwenMix50,mix50,pick_and_place_simple,32.0,future_gameable_hack_action,all,reasoning_entropy_late_slope,51,39,0.48565677727914475,0.5175486933198837,0.03189191604073899,0.05977442769899845
QwenMix50,mix50,pick_and_place_simple,32.0,future_gameable_hack_action,all,reasoning_entropy_late_change,51,39,-0.19529827204375275,-0.12236838233776581,0.07292988970598693,0.133836629390745
QwenMix50,mix50,pick_and_place_simple,32.0,future_gameable_hack_action,all,action_entropy_late_slope,51,38,2.2766852225268295,2.7607902801154474,0.4841050575886179,0.4601616300322895
QwenMix50,mix50,pick_and_place_simple,32.0,future_gameable_hack_action,all,action_entropy_late_change,51,39,1.0869765876080184,1.5085194324835753,0.42154284487555693,0.39696685935984843
QwenMix50,mix50,pick_and_place_simple,32.0,easy_grader_action,mean_phack,reasoning_p_hack,50,40,0.9303182357647235,0.805478978380561,-0.12483925738416246,-1.551018314173926
QwenMix50,mix50,pick_and_place_simple,32.0,easy_grader_action,mean_phack,action_p_hack,50,40,0.9443677689617587,0.8182790154218672,-0.12608875353989146,-1.393339146181649
QwenMix50,mix50,pick_and_place_simple,32.0,easy_grader_action,late_phack,reasoning_p_hack_late_slope,50,40,0.011858726039731489,0.04320020014213186,0.031341474102400374,1.4141565590378389
QwenMix50,mix50,pick_and_place_simple,32.0,easy_grader_action,late_phack,reasoning_p_hack_late_change,50,40,0.035834441175405074,0.041028720363974536,0.005194279188569462,0.06420792062013049
QwenMix50,mix50,pick_and_place_simple,32.0,easy_grader_action,late_phack,action_p_hack_late_slope,49,40,0.006218471506246666,0.035811372250318475,0.02959290074407181,1.1483527697385265
QwenMix50,mix50,pick_and_place_simple,32.0,easy_grader_action,late_phack,action_p_hack_late_change,50,40,0.03584110935387159,0.07818931281566621,0.042348203461794624,0.24974943273999428
QwenMix50,mix50,pick_and_place_simple,32.0,easy_grader_action,entropy,reasoning_entropy_mean,50,40,0.5746746330056102,0.27328464538813624,-0.30138998761747393,-1.0271375294523641
QwenMix50,mix50,pick_and_place_simple,32.0,easy_grader_action,entropy,action_entropy_mean,50,40,1.4224112125395334,0.9217170035699382,-0.5006942089695952,-1.402142843138978
QwenMix50,mix50,pick_and_place_simple,32.0,easy_grader_action,entropy,reasoning_entropy_late_slope,50,40,0.5321979989735806,0.4585748683008205,-0.07362313067276005,-0.137990470555335
QwenMix50,mix50,pick_and_place_simple,32.0,easy_grader_action,entropy,reasoning_entropy_late_change,50,40,-0.18571457105248557,-0.1361712558194995,0.04954331523298608,0.090918968153625
QwenMix50,mix50,pick_and_place_simple,32.0,easy_grader_action,entropy,action_entropy_late_slope,49,40,2.189243340750738,2.8437013324117286,0.6544579916609905,0.6220890517659005
QwenMix50,mix50,pick_and_place_simple,32.0,easy_grader_action,entropy,action_entropy_late_change,50,40,1.0652533827535808,1.5251348674297334,0.45988148467615253,0.4330703530350021
QwenMix50,mix50,pick_and_place_simple,32.0,easy_grader_action,all,reasoning_p_hack,50,40,0.9303182357647235,0.805478978380561,-0.12483925738416246,-1.551018314173926
QwenMix50,mix50,pick_and_place_simple,32.0,easy_grader_action,all,action_p_hack,50,40,0.9443677689617587,0.8182790154218672,-0.12608875353989146,-1.393339146181649
QwenMix50,mix50,pick_and_place_simple,32.0,easy_grader_action,all,reasoning_p_hack_late_slope,50,40,0.011858726039731489,0.04320020014213186,0.031341474102400374,1.4141565590378389
QwenMix50,mix50,pick_and_place_simple,32.0,easy_grader_action,all,reasoning_p_hack_late_change,50,40,0.035834441175405074,0.041028720363974536,0.005194279188569462,0.06420792062013049
QwenMix50,mix50,pick_and_place_simple,32.0,easy_grader_action,all,action_p_hack_late_slope,49,40,0.006218471506246666,0.035811372250318475,0.02959290074407181,1.1483527697385265
QwenMix50,mix50,pick_and_place_simple,32.0,easy_grader_action,all,action_p_hack_late_change,50,40,0.03584110935387159,0.07818931281566621,0.042348203461794624,0.24974943273999428
QwenMix50,mix50,pick_and_place_simple,32.0,easy_grader_action,all,reasoning_entropy_mean,50,40,0.5746746330056102,0.27328464538813624,-0.30138998761747393,-1.0271375294523641
QwenMix50,mix50,pick_and_place_simple,32.0,easy_grader_action,all,action_entropy_mean,50,40,1.4224112125395334,0.9217170035699382,-0.5006942089695952,-1.402142843138978
QwenMix50,mix50,pick_and_place_simple,32.0,easy_grader_action,all,reasoning_entropy_late_slope,50,40,0.5321979989735806,0.4585748683008205,-0.07362313067276005,-0.137990470555335
QwenMix50,mix50,pick_and_place_simple,32.0,easy_grader_action,all,reasoning_entropy_late_change,50,40,-0.18571457105248557,-0.1361712558194995,0.04954331523298608,0.090918968153625
QwenMix50,mix50,pick_and_place_simple,32.0,easy_grader_action,all,action_entropy_late_slope,49,40,2.189243340750738,2.8437013324117286,0.6544579916609905,0.6220890517659005
QwenMix50,mix50,pick_and_place_simple,32.0,easy_grader_action,all,action_entropy_late_change,50,40,1.0652533827535808,1.5251348674297334,0.45988148467615253,0.4330703530350021
QwenMix50,mix50,pick_and_place_simple,32.0,future_easy_grader_action,mean_phack,reasoning_p_hack,51,39,0.9203109776830766,0.8153643861954283,-0.10494659148764829,-1.303869382261497
QwenMix50,mix50,pick_and_place_simple,32.0,future_easy_grader_action,mean_phack,action_p_hack,51,39,0.9382610158968704,0.8230317244672367,-0.11522929142963367,-1.2733370584465877
QwenMix50,mix50,pick_and_place_simple,32.0,future_easy_grader_action,late_phack,reasoning_p_hack_late_slope,51,39,0.014227836563592665,0.04090576007509291,0.026677923511500244,1.2037328043995363
QwenMix50,mix50,pick_and_place_simple,32.0,future_easy_grader_action,late_phack,reasoning_p_hack_late_change,51,39,0.033713626119309004,0.04393528054473015,0.010221654425421146,0.1263526953649557
QwenMix50,mix50,pick_and_place_simple,32.0,future_easy_grader_action,late_phack,action_p_hack_late_slope,51,38,0.007512737159468536,0.03563185259699817,0.028119115437529638,1.0911625181506799
QwenMix50,mix50,pick_and_place_simple,32.0,future_easy_grader_action,late_phack,action_p_hack_late_change,51,39,0.035358266073281706,0.07990657463032975,0.04454830855704805,0.2627245994434327
QwenMix50,mix50,pick_and_place_simple,32.0,future_easy_grader_action,entropy,reasoning_entropy_mean,51,39,0.5519176040366617,0.2953158887163131,-0.2566017153203486,-0.8744990303456941
QwenMix50,mix50,pick_and_place_simple,32.0,future_easy_grader_action,entropy,action_entropy_mean,51,39,1.3805235461796805,0.963654869605397,-0.4168686765742835,-1.167398026412851
QwenMix50,mix50,pick_and_place_simple,32.0,future_easy_grader_action,entropy,reasoning_entropy_late_slope,51,39,0.48565677727914475,0.5175486933198837,0.03189191604073899,0.05977442769899845
QwenMix50,mix50,pick_and_place_simple,32.0,future_easy_grader_action,entropy,reasoning_entropy_late_change,51,39,-0.19529827204375275,-0.12236838233776581,0.07292988970598693,0.133836629390745
QwenMix50,mix50,pick_and_place_simple,32.0,future_easy_grader_action,entropy,action_entropy_late_slope,51,38,2.2766852225268295,2.7607902801154474,0.4841050575886179,0.4601616300322895
QwenMix50,mix50,pick_and_place_simple,32.0,future_easy_grader_action,entropy,action_entropy_late_change,51,39,1.0869765876080184,1.5085194324835753,0.42154284487555693,0.39696685935984843
QwenMix50,mix50,pick_and_place_simple,32.0,future_easy_grader_action,all,reasoning_p_hack,51,39,0.9203109776830766,0.8153643861954283,-0.10494659148764829,-1.303869382261497
QwenMix50,mix50,pick_and_place_simple,32.0,future_easy_grader_action,all,action_p_hack,51,39,0.9382610158968704,0.8230317244672367,-0.11522929142963367,-1.2733370584465877
QwenMix50,mix50,pick_and_place_simple,32.0,future_easy_grader_action,all,reasoning_p_hack_late_slope,51,39,0.014227836563592665,0.04090576007509291,0.026677923511500244,1.2037328043995363
QwenMix50,mix50,pick_and_place_simple,32.0,future_easy_grader_action,all,reasoning_p_hack_late_change,51,39,0.033713626119309004,0.04393528054473015,0.010221654425421146,0.1263526953649557
QwenMix50,mix50,pick_and_place_simple,32.0,future_easy_grader_action,all,action_p_hack_late_slope,51,38,0.007512737159468536,0.03563185259699817,0.028119115437529638,1.0911625181506799
QwenMix50,mix50,pick_and_place_simple,32.0,future_easy_grader_action,all,action_p_hack_late_change,51,39,0.035358266073281706,0.07990657463032975,0.04454830855704805,0.2627245994434327
QwenMix50,mix50,pick_and_place_simple,32.0,future_easy_grader_action,all,reasoning_entropy_mean,51,39,0.5519176040366617,0.2953158887163131,-0.2566017153203486,-0.8744990303456941
QwenMix50,mix50,pick_and_place_simple,32.0,future_easy_grader_action,all,action_entropy_mean,51,39,1.3805235461796805,0.963654869605397,-0.4168686765742835,-1.167398026412851
QwenMix50,mix50,pick_and_place_simple,32.0,future_easy_grader_action,all,reasoning_entropy_late_slope,51,39,0.48565677727914475,0.5175486933198837,0.03189191604073899,0.05977442769899845
QwenMix50,mix50,pick_and_place_simple,32.0,future_easy_grader_action,all,reasoning_entropy_late_change,51,39,-0.19529827204375275,-0.12236838233776581,0.07292988970598693,0.133836629390745
QwenMix50,mix50,pick_and_place_simple,32.0,future_easy_grader_action,all,action_entropy_late_slope,51,38,2.2766852225268295,2.7607902801154474,0.4841050575886179,0.4601616300322895
QwenMix50,mix50,pick_and_place_simple,32.0,future_easy_grader_action,all,action_entropy_late_change,51,39,1.0869765876080184,1.5085194324835753,0.42154284487555693,0.39696685935984843
QwenMix50,mix50,pick_and_place_simple,64.0,gameable_hack_action,mean_phack,reasoning_p_hack,61,29,0.9147015565650544,0.8231063670638146,-0.0915951895012398,-1.43849407785286
QwenMix50,mix50,pick_and_place_simple,64.0,gameable_hack_action,mean_phack,action_p_hack,61,29,0.9319431095844268,0.8569603525359056,-0.0749827570485212,-1.5281930992168753
QwenMix50,mix50,pick_and_place_simple,64.0,gameable_hack_action,late_phack,reasoning_p_hack_late_slope,61,29,0.013285429661006657,0.03823666667108538,0.02495123701007872,1.3583472388997457
QwenMix50,mix50,pick_and_place_simple,64.0,gameable_hack_action,late_phack,reasoning_p_hack_late_change,61,29,0.008864319804134664,0.06273870554415933,0.05387438574002467,0.5495091940255095
QwenMix50,mix50,pick_and_place_simple,64.0,gameable_hack_action,late_phack,action_p_hack_late_slope,60,29,0.013472835170252882,0.02889125655437333,0.015418421384120447,1.3515038314048646
QwenMix50,mix50,pick_and_place_simple,64.0,gameable_hack_action,late_phack,action_p_hack_late_change,61,29,0.015232893582040889,-0.06472481078114999,-0.07995770436319087,-0.5681601810319639
QwenMix50,mix50,pick_and_place_simple,64.0,gameable_hack_action,entropy,reasoning_entropy_mean,61,29,0.30794291473267643,0.33200652727782154,0.024063612545145108,0.08449093084733092
QwenMix50,mix50,pick_and_place_simple,64.0,gameable_hack_action,entropy,action_entropy_mean,61,29,0.6966535991413043,0.8910346971118246,0.19438109797052028,0.5331040259461584
QwenMix50,mix50,pick_and_place_simple,64.0,gameable_hack_action,entropy,reasoning_entropy_late_slope,61,29,0.5684354183868513,0.2838293657023266,-0.2846060526845247,-0.5390104643057725
QwenMix50,mix50,pick_and_place_simple,64.0,gameable_hack_action,entropy,reasoning_entropy_late_change,61,29,-0.19678674587588124,-0.09215743503904385,0.1046293108368374,0.16128452969049087
QwenMix50,mix50,pick_and_place_simple,64.0,gameable_hack_action,entropy,action_entropy_late_slope,61,29,1.3179419352940176,2.8350819188073793,1.5171399835133617,1.1248249316819692
QwenMix50,mix50,pick_and_place_simple,64.0,gameable_hack_action,entropy,action_entropy_late_change,61,29,-0.21775871446188233,1.5827986639121483,1.8005573783740307,1.2616430397436948
QwenMix50,mix50,pick_and_place_simple,64.0,gameable_hack_action,all,reasoning_p_hack,61,29,0.9147015565650544,0.8231063670638146,-0.0915951895012398,-1.43849407785286
QwenMix50,mix50,pick_and_place_simple,64.0,gameable_hack_action,all,action_p_hack,61,29,0.9319431095844268,0.8569603525359056,-0.0749827570485212,-1.5281930992168753
QwenMix50,mix50,pick_and_place_simple,64.0,gameable_hack_action,all,reasoning_p_hack_late_slope,61,29,0.013285429661006657,0.03823666667108538,0.02495123701007872,1.3583472388997457
QwenMix50,mix50,pick_and_place_simple,64.0,gameable_hack_action,all,reasoning_p_hack_late_change,61,29,0.008864319804134664,0.06273870554415933,0.05387438574002467,0.5495091940255095
QwenMix50,mix50,pick_and_place_simple,64.0,gameable_hack_action,all,action_p_hack_late_slope,60,29,0.013472835170252882,0.02889125655437333,0.015418421384120447,1.3515038314048646
QwenMix50,mix50,pick_and_place_simple,64.0,gameable_hack_action,all,action_p_hack_late_change,61,29,0.015232893582040889,-0.06472481078114999,-0.07995770436319087,-0.5681601810319639
QwenMix50,mix50,pick_and_place_simple,64.0,gameable_hack_action,all,reasoning_entropy_mean,61,29,0.30794291473267643,0.33200652727782154,0.024063612545145108,0.08449093084733092
QwenMix50,mix50,pick_and_place_simple,64.0,gameable_hack_action,all,action_entropy_mean,61,29,0.6966535991413043,0.8910346971118246,0.19438109797052028,0.5331040259461584
QwenMix50,mix50,pick_and_place_simple,64.0,gameable_hack_action,all,reasoning_entropy_late_slope,61,29,0.5684354183868513,0.2838293657023266,-0.2846060526845247,-0.5390104643057725
QwenMix50,mix50,pick_and_place_simple,64.0,gameable_hack_action,all,reasoning_entropy_late_change,61,29,-0.19678674587588124,-0.09215743503904385,0.1046293108368374,0.16128452969049087
QwenMix50,mix50,pick_and_place_simple,64.0,gameable_hack_action,all,action_entropy_late_slope,61,29,1.3179419352940176,2.8350819188073793,1.5171399835133617,1.1248249316819692
QwenMix50,mix50,pick_and_place_simple,64.0,gameable_hack_action,all,action_entropy_late_change,61,29,-0.21775871446188233,1.5827986639121483,1.8005573783740307,1.2616430397436948
QwenMix50,mix50,pick_and_place_simple,64.0,future_gameable_hack_action,mean_phack,reasoning_p_hack,61,29,0.9110847208400035,0.8307141939337492,-0.08037052690625424,-1.2622117779121558
QwenMix50,mix50,pick_and_place_simple,64.0,future_gameable_hack_action,mean_phack,action_p_hack,61,29,0.9276842713862028,0.8659185984011353,-0.06176567298506752,-1.2588210802009703
QwenMix50,mix50,pick_and_place_simple,64.0,future_gameable_hack_action,late_phack,reasoning_p_hack_late_slope,61,29,0.013680742457181141,0.03740514665154594,0.0237244041943648,1.2915583671839481
QwenMix50,mix50,pick_and_place_simple,64.0,future_gameable_hack_action,late_phack,reasoning_p_hack_late_change,61,29,0.01019529310167458,0.05993907205623055,0.04974377895455597,0.5073777362958132
QwenMix50,mix50,pick_and_place_simple,64.0,future_gameable_hack_action,late_phack,action_p_hack_late_slope,61,28,0.014139717610830585,0.027989063429690486,0.0138493458188599,1.2139662985159647
QwenMix50,mix50,pick_and_place_simple,64.0,future_gameable_hack_action,late_phack,action_p_hack_late_change,61,29,0.014130004069634865,-0.062404939737813185,-0.07653494380744805,-0.5438388692525933
QwenMix50,mix50,pick_and_place_simple,64.0,future_gameable_hack_action,entropy,reasoning_entropy_mean,61,29,0.299426050254073,0.34992131118109077,0.05049526092701778,0.17729638852431345
QwenMix50,mix50,pick_and_place_simple,64.0,future_gameable_hack_action,entropy,action_entropy_mean,61,29,0.6957495570782372,0.89293630283069,0.19718674575245287,0.5407987151085892
QwenMix50,mix50,pick_and_place_simple,64.0,future_gameable_hack_action,entropy,reasoning_entropy_late_slope,61,29,0.48764984852595095,0.4537576333407722,-0.033892215185178765,-0.06418787819514171
QwenMix50,mix50,pick_and_place_simple,64.0,future_gameable_hack_action,entropy,reasoning_entropy_late_change,61,29,-0.19900381386844887,-0.08749394719260845,0.11150986667584042,0.17189080439140436
QwenMix50,mix50,pick_and_place_simple,64.0,future_gameable_hack_action,entropy,action_entropy_late_slope,61,29,1.35782142898419,2.7511974665625343,1.3933760375783444,1.0330649269732008
QwenMix50,mix50,pick_and_place_simple,64.0,future_gameable_hack_action,entropy,action_entropy_late_change,61,29,-0.19571921111420407,1.5364397085946182,1.7321589197088223,1.2137165252428994
QwenMix50,mix50,pick_and_place_simple,64.0,future_gameable_hack_action,all,reasoning_p_hack,61,29,0.9110847208400035,0.8307141939337492,-0.08037052690625424,-1.2622117779121558
QwenMix50,mix50,pick_and_place_simple,64.0,future_gameable_hack_action,all,action_p_hack,61,29,0.9276842713862028,0.8659185984011353,-0.06176567298506752,-1.2588210802009703
QwenMix50,mix50,pick_and_place_simple,64.0,future_gameable_hack_action,all,reasoning_p_hack_late_slope,61,29,0.013680742457181141,0.03740514665154594,0.0237244041943648,1.2915583671839481
QwenMix50,mix50,pick_and_place_simple,64.0,future_gameable_hack_action,all,reasoning_p_hack_late_change,61,29,0.01019529310167458,0.05993907205623055,0.04974377895455597,0.5073777362958132
QwenMix50,mix50,pick_and_place_simple,64.0,future_gameable_hack_action,all,action_p_hack_late_slope,61,28,0.014139717610830585,0.027989063429690486,0.0138493458188599,1.2139662985159647
QwenMix50,mix50,pick_and_place_simple,64.0,future_gameable_hack_action,all,action_p_hack_late_change,61,29,0.014130004069634865,-0.062404939737813185,-0.07653494380744805,-0.5438388692525933
QwenMix50,mix50,pick_and_place_simple,64.0,future_gameable_hack_action,all,reasoning_entropy_mean,61,29,0.299426050254073,0.34992131118109077,0.05049526092701778,0.17729638852431345
QwenMix50,mix50,pick_and_place_simple,64.0,future_gameable_hack_action,all,action_entropy_mean,61,29,0.6957495570782372,0.89293630283069,0.19718674575245287,0.5407987151085892
QwenMix50,mix50,pick_and_place_simple,64.0,future_gameable_hack_action,all,reasoning_entropy_late_slope,61,29,0.48764984852595095,0.4537576333407722,-0.033892215185178765,-0.06418787819514171
QwenMix50,mix50,pick_and_place_simple,64.0,future_gameable_hack_action,all,reasoning_entropy_late_change,61,29,-0.19900381386844887,-0.08749394719260845,0.11150986667584042,0.17189080439140436
QwenMix50,mix50,pick_and_place_simple,64.0,future_gameable_hack_action,all,action_entropy_late_slope,61,29,1.35782142898419,2.7511974665625343,1.3933760375783444,1.0330649269732008
QwenMix50,mix50,pick_and_place_simple,64.0,future_gameable_hack_action,all,action_entropy_late_change,61,29,-0.19571921111420407,1.5364397085946182,1.7321589197088223,1.2137165252428994
QwenMix50,mix50,pick_and_place_simple,64.0,easy_grader_action,mean_phack,reasoning_p_hack,61,29,0.9147015565650544,0.8231063670638146,-0.0915951895012398,-1.43849407785286
QwenMix50,mix50,pick_and_place_simple,64.0,easy_grader_action,mean_phack,action_p_hack,61,29,0.9319431095844268,0.8569603525359056,-0.0749827570485212,-1.5281930992168753
QwenMix50,mix50,pick_and_place_simple,64.0,easy_grader_action,late_phack,reasoning_p_hack_late_slope,61,29,0.013285429661006657,0.03823666667108538,0.02495123701007872,1.3583472388997457
QwenMix50,mix50,pick_and_place_simple,64.0,easy_grader_action,late_phack,reasoning_p_hack_late_change,61,29,0.008864319804134664,0.06273870554415933,0.05387438574002467,0.5495091940255095
QwenMix50,mix50,pick_and_place_simple,64.0,easy_grader_action,late_phack,action_p_hack_late_slope,60,29,0.013472835170252882,0.02889125655437333,0.015418421384120447,1.3515038314048646
QwenMix50,mix50,pick_and_place_simple,64.0,easy_grader_action,late_phack,action_p_hack_late_change,61,29,0.015232893582040889,-0.06472481078114999,-0.07995770436319087,-0.5681601810319639
QwenMix50,mix50,pick_and_place_simple,64.0,easy_grader_action,entropy,reasoning_entropy_mean,61,29,0.30794291473267643,0.33200652727782154,0.024063612545145108,0.08449093084733092
QwenMix50,mix50,pick_and_place_simple,64.0,easy_grader_action,entropy,action_entropy_mean,61,29,0.6966535991413043,0.8910346971118246,0.19438109797052028,0.5331040259461584
QwenMix50,mix50,pick_and_place_simple,64.0,easy_grader_action,entropy,reasoning_entropy_late_slope,61,29,0.5684354183868513,0.2838293657023266,-0.2846060526845247,-0.5390104643057725
QwenMix50,mix50,pick_and_place_simple,64.0,easy_grader_action,entropy,reasoning_entropy_late_change,61,29,-0.19678674587588124,-0.09215743503904385,0.1046293108368374,0.16128452969049087
QwenMix50,mix50,pick_and_place_simple,64.0,easy_grader_action,entropy,action_entropy_late_slope,61,29,1.3179419352940176,2.8350819188073793,1.5171399835133617,1.1248249316819692
QwenMix50,mix50,pick_and_place_simple,64.0,easy_grader_action,entropy,action_entropy_late_change,61,29,-0.21775871446188233,1.5827986639121483,1.8005573783740307,1.2616430397436948
QwenMix50,mix50,pick_and_place_simple,64.0,easy_grader_action,all,reasoning_p_hack,61,29,0.9147015565650544,0.8231063670638146,-0.0915951895012398,-1.43849407785286
QwenMix50,mix50,pick_and_place_simple,64.0,easy_grader_action,all,action_p_hack,61,29,0.9319431095844268,0.8569603525359056,-0.0749827570485212,-1.5281930992168753
QwenMix50,mix50,pick_and_place_simple,64.0,easy_grader_action,all,reasoning_p_hack_late_slope,61,29,0.013285429661006657,0.03823666667108538,0.02495123701007872,1.3583472388997457
QwenMix50,mix50,pick_and_place_simple,64.0,easy_grader_action,all,reasoning_p_hack_late_change,61,29,0.008864319804134664,0.06273870554415933,0.05387438574002467,0.5495091940255095
QwenMix50,mix50,pick_and_place_simple,64.0,easy_grader_action,all,action_p_hack_late_slope,60,29,0.013472835170252882,0.02889125655437333,0.015418421384120447,1.3515038314048646
QwenMix50,mix50,pick_and_place_simple,64.0,easy_grader_action,all,action_p_hack_late_change,61,29,0.015232893582040889,-0.06472481078114999,-0.07995770436319087,-0.5681601810319639
QwenMix50,mix50,pick_and_place_simple,64.0,easy_grader_action,all,reasoning_entropy_mean,61,29,0.30794291473267643,0.33200652727782154,0.024063612545145108,0.08449093084733092
QwenMix50,mix50,pick_and_place_simple,64.0,easy_grader_action,all,action_entropy_mean,61,29,0.6966535991413043,0.8910346971118246,0.19438109797052028,0.5331040259461584
QwenMix50,mix50,pick_and_place_simple,64.0,easy_grader_action,all,reasoning_entropy_late_slope,61,29,0.5684354183868513,0.2838293657023266,-0.2846060526845247,-0.5390104643057725
QwenMix50,mix50,pick_and_place_simple,64.0,easy_grader_action,all,reasoning_entropy_late_change,61,29,-0.19678674587588124,-0.09215743503904385,0.1046293108368374,0.16128452969049087
QwenMix50,mix50,pick_and_place_simple,64.0,easy_grader_action,all,action_entropy_late_slope,61,29,1.3179419352940176,2.8350819188073793,1.5171399835133617,1.1248249316819692
QwenMix50,mix50,pick_and_place_simple,64.0,easy_grader_action,all,action_entropy_late_change,61,29,-0.21775871446188233,1.5827986639121483,1.8005573783740307,1.2616430397436948
QwenMix50,mix50,pick_and_place_simple,64.0,future_easy_grader_action,mean_phack,reasoning_p_hack,61,29,0.9110847208400035,0.8307141939337492,-0.08037052690625424,-1.2622117779121558
QwenMix50,mix50,pick_and_place_simple,64.0,future_easy_grader_action,mean_phack,action_p_hack,61,29,0.9276842713862028,0.8659185984011353,-0.06176567298506752,-1.2588210802009703
QwenMix50,mix50,pick_and_place_simple,64.0,future_easy_grader_action,late_phack,reasoning_p_hack_late_slope,61,29,0.013680742457181141,0.03740514665154594,0.0237244041943648,1.2915583671839481
QwenMix50,mix50,pick_and_place_simple,64.0,future_easy_grader_action,late_phack,reasoning_p_hack_late_change,61,29,0.01019529310167458,0.05993907205623055,0.04974377895455597,0.5073777362958132
QwenMix50,mix50,pick_and_place_simple,64.0,future_easy_grader_action,late_phack,action_p_hack_late_slope,61,28,0.014139717610830585,0.027989063429690486,0.0138493458188599,1.2139662985159647
QwenMix50,mix50,pick_and_place_simple,64.0,future_easy_grader_action,late_phack,action_p_hack_late_change,61,29,0.014130004069634865,-0.062404939737813185,-0.07653494380744805,-0.5438388692525933
QwenMix50,mix50,pick_and_place_simple,64.0,future_easy_grader_action,entropy,reasoning_entropy_mean,61,29,0.299426050254073,0.34992131118109077,0.05049526092701778,0.17729638852431345
QwenMix50,mix50,pick_and_place_simple,64.0,future_easy_grader_action,entropy,action_entropy_mean,61,29,0.6957495570782372,0.89293630283069,0.19718674575245287,0.5407987151085892
QwenMix50,mix50,pick_and_place_simple,64.0,future_easy_grader_action,entropy,reasoning_entropy_late_slope,61,29,0.48764984852595095,0.4537576333407722,-0.033892215185178765,-0.06418787819514171
QwenMix50,mix50,pick_and_place_simple,64.0,future_easy_grader_action,entropy,reasoning_entropy_late_change,61,29,-0.19900381386844887,-0.08749394719260845,0.11150986667584042,0.17189080439140436
QwenMix50,mix50,pick_and_place_simple,64.0,future_easy_grader_action,entropy,action_entropy_late_slope,61,29,1.35782142898419,2.7511974665625343,1.3933760375783444,1.0330649269732008
QwenMix50,mix50,pick_and_place_simple,64.0,future_easy_grader_action,entropy,action_entropy_late_change,61,29,-0.19571921111420407,1.5364397085946182,1.7321589197088223,1.2137165252428994
QwenMix50,mix50,pick_and_place_simple,64.0,future_easy_grader_action,all,reasoning_p_hack,61,29,0.9110847208400035,0.8307141939337492,-0.08037052690625424,-1.2622117779121558
QwenMix50,mix50,pick_and_place_simple,64.0,future_easy_grader_action,all,action_p_hack,61,29,0.9276842713862028,0.8659185984011353,-0.06176567298506752,-1.2588210802009703
QwenMix50,mix50,pick_and_place_simple,64.0,future_easy_grader_action,all,reasoning_p_hack_late_slope,61,29,0.013680742457181141,0.03740514665154594,0.0237244041943648,1.2915583671839481
QwenMix50,mix50,pick_and_place_simple,64.0,future_easy_grader_action,all,reasoning_p_hack_late_change,61,29,0.01019529310167458,0.05993907205623055,0.04974377895455597,0.5073777362958132
QwenMix50,mix50,pick_and_place_simple,64.0,future_easy_grader_action,all,action_p_hack_late_slope,61,28,0.014139717610830585,0.027989063429690486,0.0138493458188599,1.2139662985159647
QwenMix50,mix50,pick_and_place_simple,64.0,future_easy_grader_action,all,action_p_hack_late_change,61,29,0.014130004069634865,-0.062404939737813185,-0.07653494380744805,-0.5438388692525933
QwenMix50,mix50,pick_and_place_simple,64.0,future_easy_grader_action,all,reasoning_entropy_mean,61,29,0.299426050254073,0.34992131118109077,0.05049526092701778,0.17729638852431345
QwenMix50,mix50,pick_and_place_simple,64.0,future_easy_grader_action,all,action_entropy_mean,61,29,0.6957495570782372,0.89293630283069,0.19718674575245287,0.5407987151085892
QwenMix50,mix50,pick_and_place_simple,64.0,future_easy_grader_action,all,reasoning_entropy_late_slope,61,29,0.48764984852595095,0.4537576333407722,-0.033892215185178765,-0.06418787819514171
QwenMix50,mix50,pick_and_place_simple,64.0,future_easy_grader_action,all,reasoning_entropy_late_change,61,29,-0.19900381386844887,-0.08749394719260845,0.11150986667584042,0.17189080439140436
QwenMix50,mix50,pick_and_place_simple,64.0,future_easy_grader_action,all,action_entropy_late_slope,61,29,1.35782142898419,2.7511974665625343,1.3933760375783444,1.0330649269732008
QwenMix50,mix50,pick_and_place_simple,64.0,future_easy_grader_action,all,action_entropy_late_change,61,29,-0.19571921111420407,1.5364397085946182,1.7321589197088223,1.2137165252428994
QwenMix50,mix50,pick_and_place_simple,128.0,gameable_hack_action,mean_phack,reasoning_p_hack,64,26,0.9464876479873237,0.8264415720621733,-0.12004607592515038,-1.5264173351951804
QwenMix50,mix50,pick_and_place_simple,128.0,gameable_hack_action,mean_phack,action_p_hack,64,26,0.9492774211579844,0.8280868967374165,-0.12119052442056788,-1.6463961471517448
QwenMix50,mix50,pick_and_place_simple,128.0,gameable_hack_action,late_phack,reasoning_p_hack_late_slope,61,26,0.009536376862261579,0.03240967258585596,0.02287329572359438,1.099273646829151
QwenMix50,mix50,pick_and_place_simple,128.0,gameable_hack_action,late_phack,reasoning_p_hack_late_change,64,26,0.029903647312674173,0.037586070777713095,0.007682423465038921,0.09371277572044363
QwenMix50,mix50,pick_and_place_simple,128.0,gameable_hack_action,late_phack,action_p_hack_late_slope,60,26,0.015202493781135145,0.032460682820051094,0.017258189038915947,0.983698334749568
QwenMix50,mix50,pick_and_place_simple,128.0,gameable_hack_action,late_phack,action_p_hack_late_change,64,26,0.045569110360173914,0.028824235537113295,-0.01674487482306062,-0.1207072958691116
QwenMix50,mix50,pick_and_place_simple,128.0,gameable_hack_action,entropy,reasoning_entropy_mean,64,26,0.5656358628666122,0.3365819108456836,-0.22905395202092854,-0.6889726170509136
QwenMix50,mix50,pick_and_place_simple,128.0,gameable_hack_action,entropy,action_entropy_mean,64,26,1.30220331059717,0.9271507957568151,-0.37505251484035484,-1.0030503049844346
QwenMix50,mix50,pick_and_place_simple,128.0,gameable_hack_action,entropy,reasoning_entropy_late_slope,61,26,0.42587473503840717,0.34548022600550826,-0.08039450903289891,-0.16692303523238514
QwenMix50,mix50,pick_and_place_simple,128.0,gameable_hack_action,entropy,reasoning_entropy_late_change,64,26,-0.34490930950857246,-0.22972157228428494,0.11518773722428752,0.21616086370514823
QwenMix50,mix50,pick_and_place_simple,128.0,gameable_hack_action,entropy,action_entropy_late_slope,60,26,2.0647135730910424,2.6425002225173206,0.5777866494262782,0.6121314040396366
QwenMix50,mix50,pick_and_place_simple,128.0,gameable_hack_action,entropy,action_entropy_late_change,64,26,0.8960069247623323,1.3843999952077866,0.4883930704454542,0.44271331293913857
QwenMix50,mix50,pick_and_place_simple,128.0,gameable_hack_action,all,reasoning_p_hack,64,26,0.9464876479873237,0.8264415720621733,-0.12004607592515038,-1.5264173351951804
QwenMix50,mix50,pick_and_place_simple,128.0,gameable_hack_action,all,action_p_hack,64,26,0.9492774211579844,0.8280868967374165,-0.12119052442056788,-1.6463961471517448
QwenMix50,mix50,pick_and_place_simple,128.0,gameable_hack_action,all,reasoning_p_hack_late_slope,61,26,0.009536376862261579,0.03240967258585596,0.02287329572359438,1.099273646829151
QwenMix50,mix50,pick_and_place_simple,128.0,gameable_hack_action,all,reasoning_p_hack_late_change,64,26,0.029903647312674173,0.037586070777713095,0.007682423465038921,0.09371277572044363
QwenMix50,mix50,pick_and_place_simple,128.0,gameable_hack_action,all,action_p_hack_late_slope,60,26,0.015202493781135145,0.032460682820051094,0.017258189038915947,0.983698334749568
QwenMix50,mix50,pick_and_place_simple,128.0,gameable_hack_action,all,action_p_hack_late_change,64,26,0.045569110360173914,0.028824235537113295,-0.01674487482306062,-0.1207072958691116
QwenMix50,mix50,pick_and_place_simple,128.0,gameable_hack_action,all,reasoning_entropy_mean,64,26,0.5656358628666122,0.3365819108456836,-0.22905395202092854,-0.6889726170509136
QwenMix50,mix50,pick_and_place_simple,128.0,gameable_hack_action,all,action_entropy_mean,64,26,1.30220331059717,0.9271507957568151,-0.37505251484035484,-1.0030503049844346
QwenMix50,mix50,pick_and_place_simple,128.0,gameable_hack_action,all,reasoning_entropy_late_slope,61,26,0.42587473503840717,0.34548022600550826,-0.08039450903289891,-0.16692303523238514
QwenMix50,mix50,pick_and_place_simple,128.0,gameable_hack_action,all,reasoning_entropy_late_change,64,26,-0.34490930950857246,-0.22972157228428494,0.11518773722428752,0.21616086370514823
QwenMix50,mix50,pick_and_place_simple,128.0,gameable_hack_action,all,action_entropy_late_slope,60,26,2.0647135730910424,2.6425002225173206,0.5777866494262782,0.6121314040396366
QwenMix50,mix50,pick_and_place_simple,128.0,gameable_hack_action,all,action_entropy_late_change,64,26,0.8960069247623323,1.3843999952077866,0.4883930704454542,0.44271331293913857
QwenMix50,mix50,pick_and_place_simple,128.0,future_gameable_hack_action,mean_phack,reasoning_p_hack,64,26,0.9375534744440874,0.8484333838609086,-0.08912009058317882,-1.1331853218188273
QwenMix50,mix50,pick_and_place_simple,128.0,future_gameable_hack_action,mean_phack,action_p_hack,64,26,0.9420833543807801,0.8457953688043814,-0.09628798557639862,-1.30809045697207
QwenMix50,mix50,pick_and_place_simple,128.0,future_gameable_hack_action,late_phack,reasoning_p_hack_late_slope,63,24,0.0110649548817765,0.030303263261595492,0.01923830837981899,0.924578848062222
QwenMix50,mix50,pick_and_place_simple,128.0,future_gameable_hack_action,late_phack,reasoning_p_hack_late_change,64,26,0.026641191646371406,0.04561673087938146,0.018975539233010052,0.2314699860545296
QwenMix50,mix50,pick_and_place_simple,128.0,future_gameable_hack_action,late_phack,action_p_hack_late_slope,62,24,0.016612816856066706,0.030255530629720907,0.0136427137736542,0.7776201077845891
QwenMix50,mix50,pick_and_place_simple,128.0,future_gameable_hack_action,late_phack,action_p_hack_late_change,64,26,0.04695822418933465,0.025404878419179197,-0.021553345770155455,-0.15536969444910378
QwenMix50,mix50,pick_and_place_simple,128.0,future_gameable_hack_action,entropy,reasoning_entropy_mean,64,26,0.5515603143701053,0.37122941483708494,-0.1803308995330204,-0.5424182848198945
QwenMix50,mix50,pick_and_place_simple,128.0,future_gameable_hack_action,entropy,action_entropy_mean,64,26,1.257521243944809,1.0371374213626274,-0.22038382258218148,-0.5894002885136967
QwenMix50,mix50,pick_and_place_simple,128.0,future_gameable_hack_action,entropy,reasoning_entropy_late_slope,63,24,0.406627886650603,0.389303660604086,-0.01732422604651701,-0.0359702724666579
QwenMix50,mix50,pick_and_place_simple,128.0,future_gameable_hack_action,entropy,reasoning_entropy_late_change,64,26,-0.32589559064722323,-0.2765245725583753,0.04937101808884792,0.09264946225402226
QwenMix50,mix50,pick_and_place_simple,128.0,future_gameable_hack_action,entropy,action_entropy_late_slope,62,24,2.1201929468736656,2.5473273943644017,0.42713444749073615,0.452524144190285
QwenMix50,mix50,pick_and_place_simple,128.0,future_gameable_hack_action,entropy,action_entropy_late_change,64,26,0.9420147232813179,1.2711500296225915,0.32913530634127364,0.29835104282434183
QwenMix50,mix50,pick_and_place_simple,128.0,future_gameable_hack_action,all,reasoning_p_hack,64,26,0.9375534744440874,0.8484333838609086,-0.08912009058317882,-1.1331853218188273
QwenMix50,mix50,pick_and_place_simple,128.0,future_gameable_hack_action,all,action_p_hack,64,26,0.9420833543807801,0.8457953688043814,-0.09628798557639862,-1.30809045697207
QwenMix50,mix50,pick_and_place_simple,128.0,future_gameable_hack_action,all,reasoning_p_hack_late_slope,63,24,0.0110649548817765,0.030303263261595492,0.01923830837981899,0.924578848062222
QwenMix50,mix50,pick_and_place_simple,128.0,future_gameable_hack_action,all,reasoning_p_hack_late_change,64,26,0.026641191646371406,0.04561673087938146,0.018975539233010052,0.2314699860545296
QwenMix50,mix50,pick_and_place_simple,128.0,future_gameable_hack_action,all,action_p_hack_late_slope,62,24,0.016612816856066706,0.030255530629720907,0.0136427137736542,0.7776201077845891
QwenMix50,mix50,pick_and_place_simple,128.0,future_gameable_hack_action,all,action_p_hack_late_change,64,26,0.04695822418933465,0.025404878419179197,-0.021553345770155455,-0.15536969444910378
QwenMix50,mix50,pick_and_place_simple,128.0,future_gameable_hack_action,all,reasoning_entropy_mean,64,26,0.5515603143701053,0.37122941483708494,-0.1803308995330204,-0.5424182848198945
QwenMix50,mix50,pick_and_place_simple,128.0,future_gameable_hack_action,all,action_entropy_mean,64,26,1.257521243944809,1.0371374213626274,-0.22038382258218148,-0.5894002885136967
QwenMix50,mix50,pick_and_place_simple,128.0,future_gameable_hack_action,all,reasoning_entropy_late_slope,63,24,0.406627886650603,0.389303660604086,-0.01732422604651701,-0.0359702724666579
QwenMix50,mix50,pick_and_place_simple,128.0,future_gameable_hack_action,all,reasoning_entropy_late_change,64,26,-0.32589559064722323,-0.2765245725583753,0.04937101808884792,0.09264946225402226
QwenMix50,mix50,pick_and_place_simple,128.0,future_gameable_hack_action,all,action_entropy_late_slope,62,24,2.1201929468736656,2.5473273943644017,0.42713444749073615,0.452524144190285
QwenMix50,mix50,pick_and_place_simple,128.0,future_gameable_hack_action,all,action_entropy_late_change,64,26,0.9420147232813179,1.2711500296225915,0.32913530634127364,0.29835104282434183
QwenMix50,mix50,pick_and_place_simple,128.0,easy_grader_action,mean_phack,reasoning_p_hack,64,26,0.9464876479873237,0.8264415720621733,-0.12004607592515038,-1.5264173351951804
QwenMix50,mix50,pick_and_place_simple,128.0,easy_grader_action,mean_phack,action_p_hack,64,26,0.9492774211579844,0.8280868967374165,-0.12119052442056788,-1.6463961471517448
QwenMix50,mix50,pick_and_place_simple,128.0,easy_grader_action,late_phack,reasoning_p_hack_late_slope,61,26,0.009536376862261579,0.03240967258585596,0.02287329572359438,1.099273646829151
QwenMix50,mix50,pick_and_place_simple,128.0,easy_grader_action,late_phack,reasoning_p_hack_late_change,64,26,0.029903647312674173,0.037586070777713095,0.007682423465038921,0.09371277572044363
QwenMix50,mix50,pick_and_place_simple,128.0,easy_grader_action,late_phack,action_p_hack_late_slope,60,26,0.015202493781135145,0.032460682820051094,0.017258189038915947,0.983698334749568
QwenMix50,mix50,pick_and_place_simple,128.0,easy_grader_action,late_phack,action_p_hack_late_change,64,26,0.045569110360173914,0.028824235537113295,-0.01674487482306062,-0.1207072958691116
QwenMix50,mix50,pick_and_place_simple,128.0,easy_grader_action,entropy,reasoning_entropy_mean,64,26,0.5656358628666122,0.3365819108456836,-0.22905395202092854,-0.6889726170509136
QwenMix50,mix50,pick_and_place_simple,128.0,easy_grader_action,entropy,action_entropy_mean,64,26,1.30220331059717,0.9271507957568151,-0.37505251484035484,-1.0030503049844346
QwenMix50,mix50,pick_and_place_simple,128.0,easy_grader_action,entropy,reasoning_entropy_late_slope,61,26,0.42587473503840717,0.34548022600550826,-0.08039450903289891,-0.16692303523238514
QwenMix50,mix50,pick_and_place_simple,128.0,easy_grader_action,entropy,reasoning_entropy_late_change,64,26,-0.34490930950857246,-0.22972157228428494,0.11518773722428752,0.21616086370514823
QwenMix50,mix50,pick_and_place_simple,128.0,easy_grader_action,entropy,action_entropy_late_slope,60,26,2.0647135730910424,2.6425002225173206,0.5777866494262782,0.6121314040396366
QwenMix50,mix50,pick_and_place_simple,128.0,easy_grader_action,entropy,action_entropy_late_change,64,26,0.8960069247623323,1.3843999952077866,0.4883930704454542,0.44271331293913857
QwenMix50,mix50,pick_and_place_simple,128.0,easy_grader_action,all,reasoning_p_hack,64,26,0.9464876479873237,0.8264415720621733,-0.12004607592515038,-1.5264173351951804
QwenMix50,mix50,pick_and_place_simple,128.0,easy_grader_action,all,action_p_hack,64,26,0.9492774211579844,0.8280868967374165,-0.12119052442056788,-1.6463961471517448
QwenMix50,mix50,pick_and_place_simple,128.0,easy_grader_action,all,reasoning_p_hack_late_slope,61,26,0.009536376862261579,0.03240967258585596,0.02287329572359438,1.099273646829151
QwenMix50,mix50,pick_and_place_simple,128.0,easy_grader_action,all,reasoning_p_hack_late_change,64,26,0.029903647312674173,0.037586070777713095,0.007682423465038921,0.09371277572044363
QwenMix50,mix50,pick_and_place_simple,128.0,easy_grader_action,all,action_p_hack_late_slope,60,26,0.015202493781135145,0.032460682820051094,0.017258189038915947,0.983698334749568
QwenMix50,mix50,pick_and_place_simple,128.0,easy_grader_action,all,action_p_hack_late_change,64,26,0.045569110360173914,0.028824235537113295,-0.01674487482306062,-0.1207072958691116
QwenMix50,mix50,pick_and_place_simple,128.0,easy_grader_action,all,reasoning_entropy_mean,64,26,0.5656358628666122,0.3365819108456836,-0.22905395202092854,-0.6889726170509136
QwenMix50,mix50,pick_and_place_simple,128.0,easy_grader_action,all,action_entropy_mean,64,26,1.30220331059717,0.9271507957568151,-0.37505251484035484,-1.0030503049844346
QwenMix50,mix50,pick_and_place_simple,128.0,easy_grader_action,all,reasoning_entropy_late_slope,61,26,0.42587473503840717,0.34548022600550826,-0.08039450903289891,-0.16692303523238514
QwenMix50,mix50,pick_and_place_simple,128.0,easy_grader_action,all,reasoning_entropy_late_change,64,26,-0.34490930950857246,-0.22972157228428494,0.11518773722428752,0.21616086370514823
QwenMix50,mix50,pick_and_place_simple,128.0,easy_grader_action,all,action_entropy_late_slope,60,26,2.0647135730910424,2.6425002225173206,0.5777866494262782,0.6121314040396366
QwenMix50,mix50,pick_and_place_simple,128.0,easy_grader_action,all,action_entropy_late_change,64,26,0.8960069247623323,1.3843999952077866,0.4883930704454542,0.44271331293913857
QwenMix50,mix50,pick_and_place_simple,128.0,future_easy_grader_action,mean_phack,reasoning_p_hack,64,26,0.9375534744440874,0.8484333838609086,-0.08912009058317882,-1.1331853218188273
QwenMix50,mix50,pick_and_place_simple,128.0,future_easy_grader_action,mean_phack,action_p_hack,64,26,0.9420833543807801,0.8457953688043814,-0.09628798557639862,-1.30809045697207
QwenMix50,mix50,pick_and_place_simple,128.0,future_easy_grader_action,late_phack,reasoning_p_hack_late_slope,63,24,0.0110649548817765,0.030303263261595492,0.01923830837981899,0.924578848062222
QwenMix50,mix50,pick_and_place_simple,128.0,future_easy_grader_action,late_phack,reasoning_p_hack_late_change,64,26,0.026641191646371406,0.04561673087938146,0.018975539233010052,0.2314699860545296
QwenMix50,mix50,pick_and_place_simple,128.0,future_easy_grader_action,late_phack,action_p_hack_late_slope,62,24,0.016612816856066706,0.030255530629720907,0.0136427137736542,0.7776201077845891
QwenMix50,mix50,pick_and_place_simple,128.0,future_easy_grader_action,late_phack,action_p_hack_late_change,64,26,0.04695822418933465,0.025404878419179197,-0.021553345770155455,-0.15536969444910378
QwenMix50,mix50,pick_and_place_simple,128.0,future_easy_grader_action,entropy,reasoning_entropy_mean,64,26,0.5515603143701053,0.37122941483708494,-0.1803308995330204,-0.5424182848198945
QwenMix50,mix50,pick_and_place_simple,128.0,future_easy_grader_action,entropy,action_entropy_mean,64,26,1.257521243944809,1.0371374213626274,-0.22038382258218148,-0.5894002885136967
QwenMix50,mix50,pick_and_place_simple,128.0,future_easy_grader_action,entropy,reasoning_entropy_late_slope,63,24,0.406627886650603,0.389303660604086,-0.01732422604651701,-0.0359702724666579
QwenMix50,mix50,pick_and_place_simple,128.0,future_easy_grader_action,entropy,reasoning_entropy_late_change,64,26,-0.32589559064722323,-0.2765245725583753,0.04937101808884792,0.09264946225402226
QwenMix50,mix50,pick_and_place_simple,128.0,future_easy_grader_action,entropy,action_entropy_late_slope,62,24,2.1201929468736656,2.5473273943644017,0.42713444749073615,0.452524144190285
QwenMix50,mix50,pick_and_place_simple,128.0,future_easy_grader_action,entropy,action_entropy_late_change,64,26,0.9420147232813179,1.2711500296225915,0.32913530634127364,0.29835104282434183
QwenMix50,mix50,pick_and_place_simple,128.0,future_easy_grader_action,all,reasoning_p_hack,64,26,0.9375534744440874,0.8484333838609086,-0.08912009058317882,-1.1331853218188273
QwenMix50,mix50,pick_and_place_simple,128.0,future_easy_grader_action,all,action_p_hack,64,26,0.9420833543807801,0.8457953688043814,-0.09628798557639862,-1.30809045697207
QwenMix50,mix50,pick_and_place_simple,128.0,future_easy_grader_action,all,reasoning_p_hack_late_slope,63,24,0.0110649548817765,0.030303263261595492,0.01923830837981899,0.924578848062222
QwenMix50,mix50,pick_and_place_simple,128.0,future_easy_grader_action,all,reasoning_p_hack_late_change,64,26,0.026641191646371406,0.04561673087938146,0.018975539233010052,0.2314699860545296
QwenMix50,mix50,pick_and_place_simple,128.0,future_easy_grader_action,all,action_p_hack_late_slope,62,24,0.016612816856066706,0.030255530629720907,0.0136427137736542,0.7776201077845891
QwenMix50,mix50,pick_and_place_simple,128.0,future_easy_grader_action,all,action_p_hack_late_change,64,26,0.04695822418933465,0.025404878419179197,-0.021553345770155455,-0.15536969444910378
QwenMix50,mix50,pick_and_place_simple,128.0,future_easy_grader_action,all,reasoning_entropy_mean,64,26,0.5515603143701053,0.37122941483708494,-0.1803308995330204,-0.5424182848198945
QwenMix50,mix50,pick_and_place_simple,128.0,future_easy_grader_action,all,action_entropy_mean,64,26,1.257521243944809,1.0371374213626274,-0.22038382258218148,-0.5894002885136967
QwenMix50,mix50,pick_and_place_simple,128.0,future_easy_grader_action,all,reasoning_entropy_late_slope,63,24,0.406627886650603,0.389303660604086,-0.01732422604651701,-0.0359702724666579
QwenMix50,mix50,pick_and_place_simple,128.0,future_easy_grader_action,all,reasoning_entropy_late_change,64,26,-0.32589559064722323,-0.2765245725583753,0.04937101808884792,0.09264946225402226
QwenMix50,mix50,pick_and_place_simple,128.0,future_easy_grader_action,all,action_entropy_late_slope,62,24,2.1201929468736656,2.5473273943644017,0.42713444749073615,0.452524144190285
QwenMix50,mix50,pick_and_place_simple,128.0,future_easy_grader_action,all,action_entropy_late_change,64,26,0.9420147232813179,1.2711500296225915,0.32913530634127364,0.29835104282434183
QwenMix50,mix50,pick_and_place_simple,256.0,gameable_hack_action,mean_phack,reasoning_p_hack,78,12,0.8869641796999138,0.877149127803808,-0.009815051896105764,-0.19900930457892108
QwenMix50,mix50,pick_and_place_simple,256.0,gameable_hack_action,mean_phack,action_p_hack,78,12,0.9129599314956255,0.8420940741896629,-0.07086585730596262,-1.298498236582622
QwenMix50,mix50,pick_and_place_simple,256.0,gameable_hack_action,late_phack,reasoning_p_hack_late_slope,76,12,0.011717837703522966,0.012147168419524358,0.0004293307160013922,0.01894103168979253
QwenMix50,mix50,pick_and_place_simple,256.0,gameable_hack_action,late_phack,reasoning_p_hack_late_change,78,12,0.026688021215128775,-0.026488734780646672,-0.05317675599577545,-0.4664012941822701
QwenMix50,mix50,pick_and_place_simple,256.0,gameable_hack_action,late_phack,action_p_hack_late_slope,75,12,0.019213485315205506,0.031746850535273506,0.012533365220068,0.9435671522185717
QwenMix50,mix50,pick_and_place_simple,256.0,gameable_hack_action,late_phack,action_p_hack_late_change,78,12,0.03614492192000187,0.04106468508640925,0.0049197631664073815,0.033585399473836666
QwenMix50,mix50,pick_and_place_simple,256.0,gameable_hack_action,entropy,reasoning_entropy_mean,78,12,0.4757703166980609,0.5970328850237694,0.12126256832570848,0.34154162420274153
QwenMix50,mix50,pick_and_place_simple,256.0,gameable_hack_action,entropy,action_entropy_mean,78,12,1.0086153468670838,1.0610223153916498,0.052406968524566055,0.17309404678123508
QwenMix50,mix50,pick_and_place_simple,256.0,gameable_hack_action,entropy,reasoning_entropy_late_slope,76,12,0.6022227900809761,0.3311806552158228,-0.27104213486515333,-0.44299086472739
QwenMix50,mix50,pick_and_place_simple,256.0,gameable_hack_action,entropy,reasoning_entropy_late_change,78,12,-0.15749170637945775,-0.49799827770411104,-0.3405065713246533,-0.4910294400456899
QwenMix50,mix50,pick_and_place_simple,256.0,gameable_hack_action,entropy,action_entropy_late_slope,75,12,2.0266495252773167,2.607755787515392,0.5811062622380754,0.5595159629511856
QwenMix50,mix50,pick_and_place_simple,256.0,gameable_hack_action,entropy,action_entropy_late_change,78,12,0.5464169732115877,0.5706126689910889,0.024195695779501203,0.021802789831531822
QwenMix50,mix50,pick_and_place_simple,256.0,gameable_hack_action,all,reasoning_p_hack,78,12,0.8869641796999138,0.877149127803808,-0.009815051896105764,-0.19900930457892108
QwenMix50,mix50,pick_and_place_simple,256.0,gameable_hack_action,all,action_p_hack,78,12,0.9129599314956255,0.8420940741896629,-0.07086585730596262,-1.298498236582622
QwenMix50,mix50,pick_and_place_simple,256.0,gameable_hack_action,all,reasoning_p_hack_late_slope,76,12,0.011717837703522966,0.012147168419524358,0.0004293307160013922,0.01894103168979253
QwenMix50,mix50,pick_and_place_simple,256.0,gameable_hack_action,all,reasoning_p_hack_late_change,78,12,0.026688021215128775,-0.026488734780646672,-0.05317675599577545,-0.4664012941822701
QwenMix50,mix50,pick_and_place_simple,256.0,gameable_hack_action,all,action_p_hack_late_slope,75,12,0.019213485315205506,0.031746850535273506,0.012533365220068,0.9435671522185717
QwenMix50,mix50,pick_and_place_simple,256.0,gameable_hack_action,all,action_p_hack_late_change,78,12,0.03614492192000187,0.04106468508640925,0.0049197631664073815,0.033585399473836666
QwenMix50,mix50,pick_and_place_simple,256.0,gameable_hack_action,all,reasoning_entropy_mean,78,12,0.4757703166980609,0.5970328850237694,0.12126256832570848,0.34154162420274153
QwenMix50,mix50,pick_and_place_simple,256.0,gameable_hack_action,all,action_entropy_mean,78,12,1.0086153468670838,1.0610223153916498,0.052406968524566055,0.17309404678123508
QwenMix50,mix50,pick_and_place_simple,256.0,gameable_hack_action,all,reasoning_entropy_late_slope,76,12,0.6022227900809761,0.3311806552158228,-0.27104213486515333,-0.44299086472739
QwenMix50,mix50,pick_and_place_simple,256.0,gameable_hack_action,all,reasoning_entropy_late_change,78,12,-0.15749170637945775,-0.49799827770411104,-0.3405065713246533,-0.4910294400456899
QwenMix50,mix50,pick_and_place_simple,256.0,gameable_hack_action,all,action_entropy_late_slope,75,12,2.0266495252773167,2.607755787515392,0.5811062622380754,0.5595159629511856
QwenMix50,mix50,pick_and_place_simple,256.0,gameable_hack_action,all,action_entropy_late_change,78,12,0.5464169732115877,0.5706126689910889,0.024195695779501203,0.021802789831531822
QwenMix50,mix50,pick_and_place_simple,256.0,future_gameable_hack_action,mean_phack,reasoning_p_hack,79,11,0.8889564282247081,0.861948883680638,-0.02700754454407006,-0.5476030809609996
QwenMix50,mix50,pick_and_place_simple,256.0,future_gameable_hack_action,mean_phack,action_p_hack,79,11,0.9061800388573271,0.8843436797459919,-0.02183635911133519,-0.40011473617024723
QwenMix50,mix50,pick_and_place_simple,256.0,future_gameable_hack_action,late_phack,reasoning_p_hack_late_slope,77,11,0.010478500203298421,0.02086156098618722,0.010383060782888798,0.4580755021616041
QwenMix50,mix50,pick_and_place_simple,256.0,future_gameable_hack_action,late_phack,reasoning_p_hack_late_change,79,11,0.020548490996178524,0.012770004428561889,-0.007778486567616635,-0.06822334559490646
QwenMix50,mix50,pick_and_place_simple,256.0,future_gameable_hack_action,late_phack,action_p_hack_late_slope,76,11,0.020455520562267338,0.024304912939216106,0.0038493923769487674,0.28979927889388685
QwenMix50,mix50,pick_and_place_simple,256.0,future_gameable_hack_action,late_phack,action_p_hack_late_change,79,11,0.0434689985777938,-0.011088250622604833,-0.05455724920039863,-0.3724421169499275
QwenMix50,mix50,pick_and_place_simple,256.0,future_gameable_hack_action,entropy,reasoning_entropy_mean,79,11,0.4644658195036627,0.6892435983586029,0.2247777788549402,0.6330969955097429
QwenMix50,mix50,pick_and_place_simple,256.0,future_gameable_hack_action,entropy,action_entropy_mean,79,11,1.0020456329346166,1.1129690762270583,0.11092344329244175,0.3663670733673022
QwenMix50,mix50,pick_and_place_simple,256.0,future_gameable_hack_action,entropy,reasoning_entropy_late_slope,77,11,0.5580868685423008,0.6154919119078998,0.05740504336559893,0.09382271805411979
QwenMix50,mix50,pick_and_place_simple,256.0,future_gameable_hack_action,entropy,reasoning_entropy_late_change,79,11,-0.15825515448972016,-0.5234704750326493,-0.36521532054292916,-0.5266608325491594
QwenMix50,mix50,pick_and_place_simple,256.0,future_gameable_hack_action,entropy,action_entropy_late_slope,76,11,2.052661453116391,2.480864855376157,0.42820340225976583,0.41229402352609595
QwenMix50,mix50,pick_and_place_simple,256.0,future_gameable_hack_action,entropy,action_entropy_late_change,79,11,0.525354877061246,0.7240764227780428,0.1987215457167969,0.17906838206864673
QwenMix50,mix50,pick_and_place_simple,256.0,future_gameable_hack_action,all,reasoning_p_hack,79,11,0.8889564282247081,0.861948883680638,-0.02700754454407006,-0.5476030809609996
QwenMix50,mix50,pick_and_place_simple,256.0,future_gameable_hack_action,all,action_p_hack,79,11,0.9061800388573271,0.8843436797459919,-0.02183635911133519,-0.40011473617024723
QwenMix50,mix50,pick_and_place_simple,256.0,future_gameable_hack_action,all,reasoning_p_hack_late_slope,77,11,0.010478500203298421,0.02086156098618722,0.010383060782888798,0.4580755021616041
QwenMix50,mix50,pick_and_place_simple,256.0,future_gameable_hack_action,all,reasoning_p_hack_late_change,79,11,0.020548490996178524,0.012770004428561889,-0.007778486567616635,-0.06822334559490646
QwenMix50,mix50,pick_and_place_simple,256.0,future_gameable_hack_action,all,action_p_hack_late_slope,76,11,0.020455520562267338,0.024304912939216106,0.0038493923769487674,0.28979927889388685
QwenMix50,mix50,pick_and_place_simple,256.0,future_gameable_hack_action,all,action_p_hack_late_change,79,11,0.0434689985777938,-0.011088250622604833,-0.05455724920039863,-0.3724421169499275
QwenMix50,mix50,pick_and_place_simple,256.0,future_gameable_hack_action,all,reasoning_entropy_mean,79,11,0.4644658195036627,0.6892435983586029,0.2247777788549402,0.6330969955097429
QwenMix50,mix50,pick_and_place_simple,256.0,future_gameable_hack_action,all,action_entropy_mean,79,11,1.0020456329346166,1.1129690762270583,0.11092344329244175,0.3663670733673022
QwenMix50,mix50,pick_and_place_simple,256.0,future_gameable_hack_action,all,reasoning_entropy_late_slope,77,11,0.5580868685423008,0.6154919119078998,0.05740504336559893,0.09382271805411979
QwenMix50,mix50,pick_and_place_simple,256.0,future_gameable_hack_action,all,reasoning_entropy_late_change,79,11,-0.15825515448972016,-0.5234704750326493,-0.36521532054292916,-0.5266608325491594
QwenMix50,mix50,pick_and_place_simple,256.0,future_gameable_hack_action,all,action_entropy_late_slope,76,11,2.052661453116391,2.480864855376157,0.42820340225976583,0.41229402352609595
QwenMix50,mix50,pick_and_place_simple,256.0,future_gameable_hack_action,all,action_entropy_late_change,79,11,0.525354877061246,0.7240764227780428,0.1987215457167969,0.17906838206864673
QwenMix50,mix50,pick_and_place_simple,256.0,easy_grader_action,mean_phack,reasoning_p_hack,78,12,0.8869641796999138,0.877149127803808,-0.009815051896105764,-0.19900930457892108
QwenMix50,mix50,pick_and_place_simple,256.0,easy_grader_action,mean_phack,action_p_hack,78,12,0.9129599314956255,0.8420940741896629,-0.07086585730596262,-1.298498236582622
QwenMix50,mix50,pick_and_place_simple,256.0,easy_grader_action,late_phack,reasoning_p_hack_late_slope,76,12,0.011717837703522966,0.012147168419524358,0.0004293307160013922,0.01894103168979253
QwenMix50,mix50,pick_and_place_simple,256.0,easy_grader_action,late_phack,reasoning_p_hack_late_change,78,12,0.026688021215128775,-0.026488734780646672,-0.05317675599577545,-0.4664012941822701
QwenMix50,mix50,pick_and_place_simple,256.0,easy_grader_action,late_phack,action_p_hack_late_slope,75,12,0.019213485315205506,0.031746850535273506,0.012533365220068,0.9435671522185717
QwenMix50,mix50,pick_and_place_simple,256.0,easy_grader_action,late_phack,action_p_hack_late_change,78,12,0.03614492192000187,0.04106468508640925,0.0049197631664073815,0.033585399473836666
QwenMix50,mix50,pick_and_place_simple,256.0,easy_grader_action,entropy,reasoning_entropy_mean,78,12,0.4757703166980609,0.5970328850237694,0.12126256832570848,0.34154162420274153
QwenMix50,mix50,pick_and_place_simple,256.0,easy_grader_action,entropy,action_entropy_mean,78,12,1.0086153468670838,1.0610223153916498,0.052406968524566055,0.17309404678123508
QwenMix50,mix50,pick_and_place_simple,256.0,easy_grader_action,entropy,reasoning_entropy_late_slope,76,12,0.6022227900809761,0.3311806552158228,-0.27104213486515333,-0.44299086472739
QwenMix50,mix50,pick_and_place_simple,256.0,easy_grader_action,entropy,reasoning_entropy_late_change,78,12,-0.15749170637945775,-0.49799827770411104,-0.3405065713246533,-0.4910294400456899
QwenMix50,mix50,pick_and_place_simple,256.0,easy_grader_action,entropy,action_entropy_late_slope,75,12,2.0266495252773167,2.607755787515392,0.5811062622380754,0.5595159629511856
QwenMix50,mix50,pick_and_place_simple,256.0,easy_grader_action,entropy,action_entropy_late_change,78,12,0.5464169732115877,0.5706126689910889,0.024195695779501203,0.021802789831531822
QwenMix50,mix50,pick_and_place_simple,256.0,easy_grader_action,all,reasoning_p_hack,78,12,0.8869641796999138,0.877149127803808,-0.009815051896105764,-0.19900930457892108
QwenMix50,mix50,pick_and_place_simple,256.0,easy_grader_action,all,action_p_hack,78,12,0.9129599314956255,0.8420940741896629,-0.07086585730596262,-1.298498236582622
QwenMix50,mix50,pick_and_place_simple,256.0,easy_grader_action,all,reasoning_p_hack_late_slope,76,12,0.011717837703522966,0.012147168419524358,0.0004293307160013922,0.01894103168979253
QwenMix50,mix50,pick_and_place_simple,256.0,easy_grader_action,all,reasoning_p_hack_late_change,78,12,0.026688021215128775,-0.026488734780646672,-0.05317675599577545,-0.4664012941822701
QwenMix50,mix50,pick_and_place_simple,256.0,easy_grader_action,all,action_p_hack_late_slope,75,12,0.019213485315205506,0.031746850535273506,0.012533365220068,0.9435671522185717
QwenMix50,mix50,pick_and_place_simple,256.0,easy_grader_action,all,action_p_hack_late_change,78,12,0.03614492192000187,0.04106468508640925,0.0049197631664073815,0.033585399473836666
QwenMix50,mix50,pick_and_place_simple,256.0,easy_grader_action,all,reasoning_entropy_mean,78,12,0.4757703166980609,0.5970328850237694,0.12126256832570848,0.34154162420274153
QwenMix50,mix50,pick_and_place_simple,256.0,easy_grader_action,all,action_entropy_mean,78,12,1.0086153468670838,1.0610223153916498,0.052406968524566055,0.17309404678123508
QwenMix50,mix50,pick_and_place_simple,256.0,easy_grader_action,all,reasoning_entropy_late_slope,76,12,0.6022227900809761,0.3311806552158228,-0.27104213486515333,-0.44299086472739
QwenMix50,mix50,pick_and_place_simple,256.0,easy_grader_action,all,reasoning_entropy_late_change,78,12,-0.15749170637945775,-0.49799827770411104,-0.3405065713246533,-0.4910294400456899
QwenMix50,mix50,pick_and_place_simple,256.0,easy_grader_action,all,action_entropy_late_slope,75,12,2.0266495252773167,2.607755787515392,0.5811062622380754,0.5595159629511856
QwenMix50,mix50,pick_and_place_simple,256.0,easy_grader_action,all,action_entropy_late_change,78,12,0.5464169732115877,0.5706126689910889,0.024195695779501203,0.021802789831531822
QwenMix50,mix50,pick_and_place_simple,256.0,future_easy_grader_action,mean_phack,reasoning_p_hack,79,11,0.8889564282247081,0.861948883680638,-0.02700754454407006,-0.5476030809609996
QwenMix50,mix50,pick_and_place_simple,256.0,future_easy_grader_action,mean_phack,action_p_hack,79,11,0.9061800388573271,0.8843436797459919,-0.02183635911133519,-0.40011473617024723
QwenMix50,mix50,pick_and_place_simple,256.0,future_easy_grader_action,late_phack,reasoning_p_hack_late_slope,77,11,0.010478500203298421,0.02086156098618722,0.010383060782888798,0.4580755021616041
QwenMix50,mix50,pick_and_place_simple,256.0,future_easy_grader_action,late_phack,reasoning_p_hack_late_change,79,11,0.020548490996178524,0.012770004428561889,-0.007778486567616635,-0.06822334559490646
QwenMix50,mix50,pick_and_place_simple,256.0,future_easy_grader_action,late_phack,action_p_hack_late_slope,76,11,0.020455520562267338,0.024304912939216106,0.0038493923769487674,0.28979927889388685
QwenMix50,mix50,pick_and_place_simple,256.0,future_easy_grader_action,late_phack,action_p_hack_late_change,79,11,0.0434689985777938,-0.011088250622604833,-0.05455724920039863,-0.3724421169499275
QwenMix50,mix50,pick_and_place_simple,256.0,future_easy_grader_action,entropy,reasoning_entropy_mean,79,11,0.4644658195036627,0.6892435983586029,0.2247777788549402,0.6330969955097429
QwenMix50,mix50,pick_and_place_simple,256.0,future_easy_grader_action,entropy,action_entropy_mean,79,11,1.0020456329346166,1.1129690762270583,0.11092344329244175,0.3663670733673022
QwenMix50,mix50,pick_and_place_simple,256.0,future_easy_grader_action,entropy,reasoning_entropy_late_slope,77,11,0.5580868685423008,0.6154919119078998,0.05740504336559893,0.09382271805411979
QwenMix50,mix50,pick_and_place_simple,256.0,future_easy_grader_action,entropy,reasoning_entropy_late_change,79,11,-0.15825515448972016,-0.5234704750326493,-0.36521532054292916,-0.5266608325491594
QwenMix50,mix50,pick_and_place_simple,256.0,future_easy_grader_action,entropy,action_entropy_late_slope,76,11,2.052661453116391,2.480864855376157,0.42820340225976583,0.41229402352609595
QwenMix50,mix50,pick_and_place_simple,256.0,future_easy_grader_action,entropy,action_entropy_late_change,79,11,0.525354877061246,0.7240764227780428,0.1987215457167969,0.17906838206864673
QwenMix50,mix50,pick_and_place_simple,256.0,future_easy_grader_action,all,reasoning_p_hack,79,11,0.8889564282247081,0.861948883680638,-0.02700754454407006,-0.5476030809609996
QwenMix50,mix50,pick_and_place_simple,256.0,future_easy_grader_action,all,action_p_hack,79,11,0.9061800388573271,0.8843436797459919,-0.02183635911133519,-0.40011473617024723
QwenMix50,mix50,pick_and_place_simple,256.0,future_easy_grader_action,all,reasoning_p_hack_late_slope,77,11,0.010478500203298421,0.02086156098618722,0.010383060782888798,0.4580755021616041
QwenMix50,mix50,pick_and_place_simple,256.0,future_easy_grader_action,all,reasoning_p_hack_late_change,79,11,0.020548490996178524,0.012770004428561889,-0.007778486567616635,-0.06822334559490646
QwenMix50,mix50,pick_and_place_simple,256.0,future_easy_grader_action,all,action_p_hack_late_slope,76,11,0.020455520562267338,0.024304912939216106,0.0038493923769487674,0.28979927889388685
QwenMix50,mix50,pick_and_place_simple,256.0,future_easy_grader_action,all,action_p_hack_late_change,79,11,0.0434689985777938,-0.011088250622604833,-0.05455724920039863,-0.3724421169499275
QwenMix50,mix50,pick_and_place_simple,256.0,future_easy_grader_action,all,reasoning_entropy_mean,79,11,0.4644658195036627,0.6892435983586029,0.2247777788549402,0.6330969955097429
QwenMix50,mix50,pick_and_place_simple,256.0,future_easy_grader_action,all,action_entropy_mean,79,11,1.0020456329346166,1.1129690762270583,0.11092344329244175,0.3663670733673022
QwenMix50,mix50,pick_and_place_simple,256.0,future_easy_grader_action,all,reasoning_entropy_late_slope,77,11,0.5580868685423008,0.6154919119078998,0.05740504336559893,0.09382271805411979
QwenMix50,mix50,pick_and_place_simple,256.0,future_easy_grader_action,all,reasoning_entropy_late_change,79,11,-0.15825515448972016,-0.5234704750326493,-0.36521532054292916,-0.5266608325491594
QwenMix50,mix50,pick_and_place_simple,256.0,future_easy_grader_action,all,action_entropy_late_slope,76,11,2.052661453116391,2.480864855376157,0.42820340225976583,0.41229402352609595
QwenMix50,mix50,pick_and_place_simple,256.0,future_easy_grader_action,all,action_entropy_late_change,79,11,0.525354877061246,0.7240764227780428,0.1987215457167969,0.17906838206864673
